<?xml version="1.0" encoding="UTF-8" ?>
<LogicalTable mdsid="m250e4321-0c62-1000-a784-0ac2424e0000" name="Start Clock" xmlns:xsi="http://www.w3.org/2001/XMLSchema-instance" xmlns="http://www.oracle.com/obis/repository" x="528" y="482" subjectAreaRef="/oracle/bi/server/base/BusinessModel/24e78141-0c62-1000-a784-0ac2424e0000.xml#m24e78141-0c62-1000-a784-0ac2424e0000">
<LogicalColumn mdsid="m250e432e-0c62-1000-a784-0ac2424e0000" name="Hour" isWriteable="false">
<AttrDefn mdsid="m250e433e-0c62-1000-a784-0ac2424e0000" name="AD_3900:658041361567153">
<Expr mdsid="m00000001-01f4-0000-eb8d-c52300000000" name="Expr">
<ExprText><![CDATA["%1"]]></ExprText>
<ExprTextDesc><![CDATA["OBI Usage Tracking"."OBIPRD"."PRD_BIPLATFORM"."Start Time of Day Role"."HOURS"]]></ExprTextDesc>
<ObjectRefList>
<RefObject refId="m00000001-01f4-0000-eb8d-c52300000000-m263ed3e2-0c62-1000-a784-0ac2424e0000" objectTypeId="3003" objectRef="/oracle/bi/server/base/PhysicalTable/263ed3e0-0c62-1000-a784-0ac2424e0000.xml#m263ed3e2-0c62-1000-a784-0ac2424e0000"/>
</ObjectRefList>
</Expr>
</AttrDefn>
</LogicalColumn>
<LogicalColumn mdsid="m250e432f-0c62-1000-a784-0ac2424e0000" name="Minute" isWriteable="false">
<AttrDefn mdsid="m250e433f-0c62-1000-a784-0ac2424e0000" name="AD_3900:658051361567153">
<Expr mdsid="m00000002-01f4-0000-97cf-cccf00000000" name="Expr">
<ExprText><![CDATA["%1"]]></ExprText>
<ExprTextDesc><![CDATA["OBI Usage Tracking"."OBIPRD"."PRD_BIPLATFORM"."Start Time of Day Role"."MINUTES"]]></ExprTextDesc>
<ObjectRefList>
<RefObject refId="m00000002-01f4-0000-97cf-cccf00000000-m263ed3e3-0c62-1000-a784-0ac2424e0000" objectTypeId="3003" objectRef="/oracle/bi/server/base/PhysicalTable/263ed3e0-0c62-1000-a784-0ac2424e0000.xml#m263ed3e3-0c62-1000-a784-0ac2424e0000"/>
</ObjectRefList>
</Expr>
</AttrDefn>
</LogicalColumn>
<LogicalColumn mdsid="m250e4330-0c62-1000-a784-0ac2424e0000" name="Time" isWriteable="false">
<AttrDefn mdsid="m250e4340-0c62-1000-a784-0ac2424e0000" name="AD_3900:658061361567153">
<Expr mdsid="m00000003-01f4-0000-3c7e-4d3c00000000" name="Expr">
<ExprText><![CDATA["%1"]]></ExprText>
<ExprTextDesc><![CDATA["OBI Usage Tracking"."OBIPRD"."PRD_BIPLATFORM"."Start Time of Day Role"."HOUR_MIN"]]></ExprTextDesc>
<ObjectRefList>
<RefObject refId="m00000003-01f4-0000-3c7e-4d3c00000000-m263ed3e6-0c62-1000-a784-0ac2424e0000" objectTypeId="3003" objectRef="/oracle/bi/server/base/PhysicalTable/263ed3e0-0c62-1000-a784-0ac2424e0000.xml#m263ed3e6-0c62-1000-a784-0ac2424e0000"/>
</ObjectRefList>
</Expr>
</AttrDefn>
</LogicalColumn>
<LogicalKey mdsid="m250e4332-0c62-1000-a784-0ac2424e0000" name="nq_clock_Key" isPrimary="true">
<RefColumns>
<RefLogicalColumn refId="m250e4332-0c62-1000-a784-0ac2424e0000-m250e4330-0c62-1000-a784-0ac2424e0000" logicalColumnRef="/oracle/bi/server/base/LogicalTable/250e4321-0c62-1000-a784-0ac2424e0000.xml#m250e4330-0c62-1000-a784-0ac2424e0000"/>
</RefColumns>
</LogicalKey>
<LogicalKey mdsid="m250e4333-0c62-1000-a784-0ac2424e0000" name="Hour">
<RefColumns>
<RefLogicalColumn refId="m250e4333-0c62-1000-a784-0ac2424e0000-m250e432e-0c62-1000-a784-0ac2424e0000" logicalColumnRef="/oracle/bi/server/base/LogicalTable/250e4321-0c62-1000-a784-0ac2424e0000.xml#m250e432e-0c62-1000-a784-0ac2424e0000"/>
<RefLogicalColumn refId="m250e4333-0c62-1000-a784-0ac2424e0000-m250e432f-0c62-1000-a784-0ac2424e0000" logicalColumnRef="/oracle/bi/server/base/LogicalTable/250e4321-0c62-1000-a784-0ac2424e0000.xml#m250e432f-0c62-1000-a784-0ac2424e0000"/>
</RefColumns>
</LogicalKey>
<RefTableSources>
<RefLogicalTableSource refId="m250e4321-0c62-1000-a784-0ac2424e0000-m250e4342-0c62-1000-a784-0ac2424e0000" logicalTableSourceRef="/oracle/bi/server/base/LogicalTableSource/250e4342-0c62-1000-a784-0ac2424e0000.xml#m250e4342-0c62-1000-a784-0ac2424e0000"/>
</RefTableSources>
</LogicalTable>