<?xml version="1.0" encoding="UTF-8" ?>
<LogicalTable mdsid="m2547f0c0-0c62-1000-a784-0ac2424e0000" name="Execution" xmlns:xsi="http://www.w3.org/2001/XMLSchema-instance" xmlns="http://www.oracle.com/obis/repository" subjectAreaRef="/oracle/bi/server/base/BusinessModel/24e78141-0c62-1000-a784-0ac2424e0000.xml#m24e78141-0c62-1000-a784-0ac2424e0000">
<LogicalColumn mdsid="m254e3253-0c62-1000-a784-0ac2424e0000" name="Success Flag" isWriteable="false">
<AttrDefn mdsid="m254e3254-0c62-1000-a784-0ac2424e0000" name="AD_3900:661451361567352">
<Expr mdsid="m00000001-01f4-0000-7c47-1e3f00000000" name="Expr">
<ExprText><![CDATA["%1"]]></ExprText>
<ExprTextDesc><![CDATA["OBI Usage Tracking"."OBIPRD"."PRD_BIPLATFORM"."S_NQ_ACCT"."SUCCESS_FLG"]]></ExprTextDesc>
<ObjectRefList>
<RefObject refId="m00000001-01f4-0000-7c47-1e3f00000000-mbd983580-0c61-1000-8029-0ac2424e0000" objectTypeId="3003" objectRef="/oracle/bi/server/base/PhysicalTable/bd983572-0c61-1000-8029-0ac2424e0000.xml#mbd983580-0c61-1000-8029-0ac2424e0000"/>
</ObjectRefList>
</Expr>
</AttrDefn>
</LogicalColumn>
<LogicalColumn mdsid="m2517b914-0c62-1000-a784-0ac2424e0000" name="StartHourMin" isWriteable="false">
<AttrDefn mdsid="m2517b9d3-0c62-1000-a784-0ac2424e0000" name="AD_3900:660541361567153">
<Expr mdsid="m00000002-01f4-0000-20c8-353b00000000" name="Expr">
<ExprText><![CDATA["%1"]]></ExprText>
<ExprTextDesc><![CDATA["OBI Usage Tracking"."OBIPRD"."PRD_BIPLATFORM"."S_NQ_ACCT"."START_HOUR_MIN"]]></ExprTextDesc>
<ObjectRefList>
<RefObject refId="m00000002-01f4-0000-20c8-353b00000000-mbd983579-0c61-1000-8029-0ac2424e0000" objectTypeId="3003" objectRef="/oracle/bi/server/base/PhysicalTable/bd983572-0c61-1000-8029-0ac2424e0000.xml#mbd983579-0c61-1000-8029-0ac2424e0000"/>
</ObjectRefList>
</Expr>
</AttrDefn>
</LogicalColumn>
<LogicalColumn mdsid="m25f0b3e3-0c62-1000-a784-0ac2424e0000" name="ID" isWriteable="false">
<AttrDefn mdsid="m25f0b3e5-0c62-1000-a784-0ac2424e0000" name="AD_3900:665521361568471">
<Expr mdsid="m00000003-01f4-0000-2b55-9f8900000000" name="Expr">
<ExprText><![CDATA["%1"]]></ExprText>
<ExprTextDesc><![CDATA["OBI Usage Tracking"."OBIPRD"."PRD_BIPLATFORM"."S_NQ_ACCT"."ID"]]></ExprTextDesc>
<ObjectRefList>
<RefObject refId="m00000003-01f4-0000-2b55-9f8900000000-mbd983591-0c61-1000-8029-0ac2424e0000" objectTypeId="3003" objectRef="/oracle/bi/server/base/PhysicalTable/bd983572-0c61-1000-8029-0ac2424e0000.xml#mbd983591-0c61-1000-8029-0ac2424e0000"/>
</ObjectRefList>
</Expr>
</AttrDefn>
</LogicalColumn>
<LogicalKey mdsid="m25f0b3e4-0c62-1000-a784-0ac2424e0000" name="PK__S_NQ_ACC__3214EC270E6E26BF" isPrimary="true">
<RefColumns>
<RefLogicalColumn refId="m25f0b3e4-0c62-1000-a784-0ac2424e0000-m25f0b3e3-0c62-1000-a784-0ac2424e0000" logicalColumnRef="/oracle/bi/server/base/LogicalTable/2547f0c0-0c62-1000-a784-0ac2424e0000.xml#m25f0b3e3-0c62-1000-a784-0ac2424e0000"/>
</RefColumns>
</LogicalKey>
<RefTableSources>
<RefLogicalTableSource refId="m2547f0c0-0c62-1000-a784-0ac2424e0000-m254e3255-0c62-1000-a784-0ac2424e0000" logicalTableSourceRef="/oracle/bi/server/base/LogicalTableSource/254e3255-0c62-1000-a784-0ac2424e0000.xml#m254e3255-0c62-1000-a784-0ac2424e0000"/>
</RefTableSources>
</LogicalTable>