<?xml version="1.0" encoding="UTF-8" ?>
<LogicalTable mdsid="m7e399460-0c5b-1000-92db-0ac2424e0000" name="Call Date" xmlns:xsi="http://www.w3.org/2001/XMLSchema-instance" xmlns="http://www.oracle.com/obis/repository" subjectAreaRef="/oracle/bi/server/base/BusinessModel/d4e75b21-0c57-1000-ba5a-0ac2424e0000.xml#md4e75b21-0c57-1000-ba5a-0ac2424e0000">
<LogicalColumn mdsid="m7e399462-0c5b-1000-92db-0ac2424e0000" name="Date Key" isWriteable="false">
<AttrDefn mdsid="m7e39946d-0c5b-1000-92db-0ac2424e0000" name="AD_3900:643661358710051">
<Expr mdsid="m00000001-01f4-0000-7308-eaf100000000" name="Expr">
<ExprText><![CDATA["%1"]]></ExprText>
<ExprTextDesc><![CDATA["PRM_PRDHDATA"."PRDHDATA"."dbo"."D10 Call Date"."dt_key"]]></ExprTextDesc>
<ObjectRefList>
<RefObject refId="m00000001-01f4-0000-7308-eaf100000000-m346b1f91-0c2c-1000-ae5d-0ac2424e0000" objectTypeId="3003" objectRef="/oracle/bi/server/base/PhysicalTable/346b1f90-0c2c-1000-ae5d-0ac2424e0000.xml#m346b1f91-0c2c-1000-ae5d-0ac2424e0000"/>
</ObjectRefList>
</Expr>
</AttrDefn>
</LogicalColumn>
<LogicalColumn mdsid="m7e399463-0c5b-1000-92db-0ac2424e0000" name="Date" isWriteable="false">
<AttrDefn mdsid="m7e39946e-0c5b-1000-92db-0ac2424e0000" name="AD_3900:643671358710051">
<Expr mdsid="m00000002-01f4-0000-5028-4bb700000000" name="Expr">
<ExprText><![CDATA["%1"]]></ExprText>
<ExprTextDesc><![CDATA["PRM_PRDHDATA"."PRDHDATA"."dbo"."D10 Call Date"."dt_sd"]]></ExprTextDesc>
<ObjectRefList>
<RefObject refId="m00000002-01f4-0000-5028-4bb700000000-m346b1f92-0c2c-1000-ae5d-0ac2424e0000" objectTypeId="3003" objectRef="/oracle/bi/server/base/PhysicalTable/346b1f90-0c2c-1000-ae5d-0ac2424e0000.xml#m346b1f92-0c2c-1000-ae5d-0ac2424e0000"/>
</ObjectRefList>
</Expr>
</AttrDefn>
</LogicalColumn>
<LogicalColumn mdsid="m7e399464-0c5b-1000-92db-0ac2424e0000" name="Year" isWriteable="false">
<AttrDefn mdsid="m7e39946f-0c5b-1000-92db-0ac2424e0000" name="AD_3900:643681358710051">
<Expr mdsid="m00000003-01f4-0000-3b47-fd6e00000000" name="Expr">
<ExprText><![CDATA["%1"]]></ExprText>
<ExprTextDesc><![CDATA["PRM_PRDHDATA"."PRDHDATA"."dbo"."D10 Call Date"."yr_num"]]></ExprTextDesc>
<ObjectRefList>
<RefObject refId="m00000003-01f4-0000-3b47-fd6e00000000-m346b1f94-0c2c-1000-ae5d-0ac2424e0000" objectTypeId="3003" objectRef="/oracle/bi/server/base/PhysicalTable/346b1f90-0c2c-1000-ae5d-0ac2424e0000.xml#m346b1f94-0c2c-1000-ae5d-0ac2424e0000"/>
</ObjectRefList>
</Expr>
</AttrDefn>
</LogicalColumn>
<LogicalColumn mdsid="m7e399465-0c5b-1000-92db-0ac2424e0000" name="Quarter" isWriteable="false">
<AttrDefn mdsid="m7e399470-0c5b-1000-92db-0ac2424e0000" name="AD_3900:643691358710051">
<Expr mdsid="m00000004-01f4-0000-4619-1b7300000000" name="Expr">
<ExprText><![CDATA["%1"]]></ExprText>
<ExprTextDesc><![CDATA["PRM_PRDHDATA"."PRDHDATA"."dbo"."D10 Call Date"."yr_qtr_nam_sd"]]></ExprTextDesc>
<ObjectRefList>
<RefObject refId="m00000004-01f4-0000-4619-1b7300000000-m346b1f9e-0c2c-1000-ae5d-0ac2424e0000" objectTypeId="3003" objectRef="/oracle/bi/server/base/PhysicalTable/346b1f90-0c2c-1000-ae5d-0ac2424e0000.xml#m346b1f9e-0c2c-1000-ae5d-0ac2424e0000"/>
</ObjectRefList>
</Expr>
</AttrDefn>
</LogicalColumn>
<LogicalColumn mdsid="m7e399466-0c5b-1000-92db-0ac2424e0000" name="Month" isWriteable="false">
<AttrDefn mdsid="m7e399471-0c5b-1000-92db-0ac2424e0000" name="AD_3900:643701358710051">
<Expr mdsid="m00000005-01f4-0000-2446-d7c200000000" name="Expr">
<ExprText><![CDATA["%1"]]></ExprText>
<ExprTextDesc><![CDATA["PRM_PRDHDATA"."PRDHDATA"."dbo"."D10 Call Date"."yr_mth_nam_sd"]]></ExprTextDesc>
<ObjectRefList>
<RefObject refId="m00000005-01f4-0000-2446-d7c200000000-m346b1fa6-0c2c-1000-ae5d-0ac2424e0000" objectTypeId="3003" objectRef="/oracle/bi/server/base/PhysicalTable/346b1f90-0c2c-1000-ae5d-0ac2424e0000.xml#m346b1fa6-0c2c-1000-ae5d-0ac2424e0000"/>
</ObjectRefList>
</Expr>
</AttrDefn>
</LogicalColumn>
<LogicalColumn mdsid="m7e399467-0c5b-1000-92db-0ac2424e0000" name="Month Number" isWriteable="false">
<AttrDefn mdsid="m7e399472-0c5b-1000-92db-0ac2424e0000" name="AD_3900:643711358710051">
<Expr mdsid="m00000006-01f4-0000-a2a3-f00c00000000" name="Expr">
<ExprText><![CDATA["%1"]]></ExprText>
<ExprTextDesc><![CDATA["PRM_PRDHDATA"."PRDHDATA"."dbo"."D10 Call Date"."mth_num"]]></ExprTextDesc>
<ObjectRefList>
<RefObject refId="m00000006-01f4-0000-a2a3-f00c00000000-m346b1fa0-0c2c-1000-ae5d-0ac2424e0000" objectTypeId="3003" objectRef="/oracle/bi/server/base/PhysicalTable/346b1f90-0c2c-1000-ae5d-0ac2424e0000.xml#m346b1fa0-0c2c-1000-ae5d-0ac2424e0000"/>
</ObjectRefList>
</Expr>
</AttrDefn>
</LogicalColumn>
<LogicalColumn mdsid="m7e399468-0c5b-1000-92db-0ac2424e0000" name="Year Number" isWriteable="false">
<AttrDefn mdsid="m7e399473-0c5b-1000-92db-0ac2424e0000" name="AD_3900:643721358710051">
<Expr mdsid="m00000007-01f4-0000-a330-456a00000000" name="Expr">
<ExprText><![CDATA["%1"]]></ExprText>
<ExprTextDesc><![CDATA["PRM_PRDHDATA"."PRDHDATA"."dbo"."D10 Call Date"."yr_num"]]></ExprTextDesc>
<ObjectRefList>
<RefObject refId="m00000007-01f4-0000-a330-456a00000000-m346b1f94-0c2c-1000-ae5d-0ac2424e0000" objectTypeId="3003" objectRef="/oracle/bi/server/base/PhysicalTable/346b1f90-0c2c-1000-ae5d-0ac2424e0000.xml#m346b1f94-0c2c-1000-ae5d-0ac2424e0000"/>
</ObjectRefList>
</Expr>
</AttrDefn>
</LogicalColumn>
<LogicalColumn mdsid="m7e399469-0c5b-1000-92db-0ac2424e0000" name="Quarter Number" isWriteable="false">
<AttrDefn mdsid="m7e399474-0c5b-1000-92db-0ac2424e0000" name="AD_3900:643731358710051">
<Expr mdsid="m00000008-01f4-0000-bc92-4eb600000000" name="Expr">
<ExprText><![CDATA["%1"]]></ExprText>
<ExprTextDesc><![CDATA["PRM_PRDHDATA"."PRDHDATA"."dbo"."D10 Call Date"."qtr_num"]]></ExprTextDesc>
<ObjectRefList>
<RefObject refId="m00000008-01f4-0000-bc92-4eb600000000-m346b1f98-0c2c-1000-ae5d-0ac2424e0000" objectTypeId="3003" objectRef="/oracle/bi/server/base/PhysicalTable/346b1f90-0c2c-1000-ae5d-0ac2424e0000.xml#m346b1f98-0c2c-1000-ae5d-0ac2424e0000"/>
</ObjectRefList>
</Expr>
</AttrDefn>
</LogicalColumn>
<LogicalColumn mdsid="m7e39946a-0c5b-1000-92db-0ac2424e0000" name="Quarter ID" isDerived="true" isWriteable="false">
<Expr mdsid="m00000009-01f4-0000-e70f-4c4a00000000" name="Expr">
<ExprText><![CDATA["%1" * 10 + "%2"]]></ExprText>
<ExprTextDesc><![CDATA["PGI-DW"."Call Date"."Year" * 10 + "PGI-DW"."Call Date"."Quarter Number"]]></ExprTextDesc>
<ObjectRefList>
<RefObject refId="m00000009-01f4-0000-e70f-4c4a00000000-m7e399464-0c5b-1000-92db-0ac2424e0000" objectTypeId="2006" objectRef="/oracle/bi/server/base/LogicalTable/7e399460-0c5b-1000-92db-0ac2424e0000.xml#m7e399464-0c5b-1000-92db-0ac2424e0000"/>
<RefObject refId="m00000009-01f4-0000-e70f-4c4a00000000-m7e399469-0c5b-1000-92db-0ac2424e0000" objectTypeId="2006" objectRef="/oracle/bi/server/base/LogicalTable/7e399460-0c5b-1000-92db-0ac2424e0000.xml#m7e399469-0c5b-1000-92db-0ac2424e0000"/>
</ObjectRefList>
</Expr>
<AttrDefn mdsid="m7e399475-0c5b-1000-92db-0ac2424e0000" name="AD_3900:643741358710051">
<Expr mdsid="m0000000a-01f4-0000-3f7a-918600000000" name="Expr">
<ExprText></ExprText>
<ExprTextDesc></ExprTextDesc>
</Expr>
</AttrDefn>
</LogicalColumn>
<LogicalColumn mdsid="m7e39946b-0c5b-1000-92db-0ac2424e0000" name="Month ID" isDerived="true" isWriteable="false">
<Expr mdsid="m0000000b-01f4-0000-b0b2-746e00000000" name="Expr">
<ExprText><![CDATA["%1" * 100 + "%2"]]></ExprText>
<ExprTextDesc><![CDATA["PGI-DW"."Call Date"."Year" * 100 + "PGI-DW"."Call Date"."Month Number"]]></ExprTextDesc>
<ObjectRefList>
<RefObject refId="m0000000b-01f4-0000-b0b2-746e00000000-m7e399464-0c5b-1000-92db-0ac2424e0000" objectTypeId="2006" objectRef="/oracle/bi/server/base/LogicalTable/7e399460-0c5b-1000-92db-0ac2424e0000.xml#m7e399464-0c5b-1000-92db-0ac2424e0000"/>
<RefObject refId="m0000000b-01f4-0000-b0b2-746e00000000-m7e399467-0c5b-1000-92db-0ac2424e0000" objectTypeId="2006" objectRef="/oracle/bi/server/base/LogicalTable/7e399460-0c5b-1000-92db-0ac2424e0000.xml#m7e399467-0c5b-1000-92db-0ac2424e0000"/>
</ObjectRefList>
</Expr>
<AttrDefn mdsid="m7e399476-0c5b-1000-92db-0ac2424e0000" name="AD_3900:643751358710051">
<Expr mdsid="m0000000c-01f4-0000-80df-076200000000" name="Expr">
<ExprText></ExprText>
<ExprTextDesc></ExprTextDesc>
</Expr>
</AttrDefn>
</LogicalColumn>
<LogicalKey mdsid="m7e39946c-0c5b-1000-92db-0ac2424e0000" name="D10 Call Date_Key" isPrimary="true">
<RefColumns>
<RefLogicalColumn refId="m7e39946c-0c5b-1000-92db-0ac2424e0000-m7e399462-0c5b-1000-92db-0ac2424e0000" logicalColumnRef="/oracle/bi/server/base/LogicalTable/7e399460-0c5b-1000-92db-0ac2424e0000.xml#m7e399462-0c5b-1000-92db-0ac2424e0000"/>
</RefColumns>
</LogicalKey>
<RefTableSources>
<RefLogicalTableSource refId="m7e399460-0c5b-1000-92db-0ac2424e0000-m7e399477-0c5b-1000-92db-0ac2424e0000" logicalTableSourceRef="/oracle/bi/server/base/LogicalTableSource/7e399477-0c5b-1000-92db-0ac2424e0000.xml#m7e399477-0c5b-1000-92db-0ac2424e0000"/>
</RefTableSources>
</LogicalTable>