<?xml version="1.0" encoding="UTF-8" ?>
<LogicalTable mdsid="mb2c65270-0c62-1000-9f49-0ac2424e0000" name="Invoice" xmlns:xsi="http://www.w3.org/2001/XMLSchema-instance" xmlns="http://www.oracle.com/obis/repository" subjectAreaRef="/oracle/bi/server/base/BusinessModel/d4e75b21-0c57-1000-ba5a-0ac2424e0000.xml#md4e75b21-0c57-1000-ba5a-0ac2424e0000">
<LogicalColumn mdsid="mb2c986d9-0c62-1000-9f49-0ac2424e0000" name="Invoice Date Key" isWriteable="false">
<AttrDefn mdsid="mb2c986dc-0c62-1000-9f49-0ac2424e0000" name="AD_3900:674841361805460">
<Expr mdsid="m00000001-01f4-0000-eab0-8d3d00000000" name="Expr">
<ExprText><![CDATA["%1"]]></ExprText>
<ExprTextDesc><![CDATA["PRM_PRDHDATA"."PRDHDATA"."dbo"."F01 Sales Summary"."inv_dt_key"]]></ExprTextDesc>
<ObjectRefList>
<RefObject refId="m00000001-01f4-0000-eab0-8d3d00000000-m34345857-0c2c-1000-ae5d-0ac2424e0000" objectTypeId="3003" objectRef="/oracle/bi/server/base/PhysicalTable/34345820-0c2c-1000-ae5d-0ac2424e0000.xml#m34345857-0c2c-1000-ae5d-0ac2424e0000"/>
</ObjectRefList>
</Expr>
</AttrDefn>
</LogicalColumn>
<LogicalColumn mdsid="mb2c986da-0c62-1000-9f49-0ac2424e0000" name="Invoice Number" isWriteable="false">
<AttrDefn mdsid="mb2c986dd-0c62-1000-9f49-0ac2424e0000" name="AD_3900:674851361805460">
<Expr mdsid="m00000002-01f4-0000-95fa-1efd00000000" name="Expr">
<ExprText><![CDATA["%1"]]></ExprText>
<ExprTextDesc><![CDATA["PRM_PRDHDATA"."PRDHDATA"."dbo"."F01 Sales Summary"."invoice_num"]]></ExprTextDesc>
<ObjectRefList>
<RefObject refId="m00000002-01f4-0000-95fa-1efd00000000-m3434585a-0c2c-1000-ae5d-0ac2424e0000" objectTypeId="3003" objectRef="/oracle/bi/server/base/PhysicalTable/34345820-0c2c-1000-ae5d-0ac2424e0000.xml#m3434585a-0c2c-1000-ae5d-0ac2424e0000"/>
</ObjectRefList>
</Expr>
</AttrDefn>
</LogicalColumn>
<LogicalColumn mdsid="m8caeca50-0cb1-1000-8029-0ac2424e0000" name="Invoice Date" isDerived="true" isWriteable="false">
<Expr mdsid="m00000003-01f4-0000-14bd-b79200000000" name="Expr">
<ExprText><![CDATA[To_DateTime(Cast("%1" as VARCHAR(8)), 'YYYYMMDD')  ]]></ExprText>
<ExprTextDesc><![CDATA[To_DateTime(Cast("PGI-DW"."Invoice"."Invoice Date Key" as VARCHAR(8)), 'YYYYMMDD')  ]]></ExprTextDesc>
<ObjectRefList>
<RefObject refId="m00000003-01f4-0000-14bd-b79200000000-mb2c986d9-0c62-1000-9f49-0ac2424e0000" objectTypeId="2006" objectRef="/oracle/bi/server/base/LogicalTable/b2c65270-0c62-1000-9f49-0ac2424e0000.xml#mb2c986d9-0c62-1000-9f49-0ac2424e0000"/>
</ObjectRefList>
</Expr>
<AttrDefn mdsid="m8caeca51-0cb1-1000-8029-0ac2424e0000" name="AD_3900:719191395671108">
<Expr mdsid="m00000004-01f4-0000-40ae-dcc700000000" name="Expr">
<ExprText></ExprText>
<ExprTextDesc></ExprTextDesc>
</Expr>
</AttrDefn>
</LogicalColumn>
<LogicalKey mdsid="mb2c986db-0c62-1000-9f49-0ac2424e0000" name="F01 Sales_Key#8" isPrimary="true">
<RefColumns>
<RefLogicalColumn refId="mb2c986db-0c62-1000-9f49-0ac2424e0000-mb2c986d9-0c62-1000-9f49-0ac2424e0000" logicalColumnRef="/oracle/bi/server/base/LogicalTable/b2c65270-0c62-1000-9f49-0ac2424e0000.xml#mb2c986d9-0c62-1000-9f49-0ac2424e0000"/>
</RefColumns>
</LogicalKey>
<RefTableSources>
<RefLogicalTableSource refId="mb2c65270-0c62-1000-9f49-0ac2424e0000-mb2c986de-0c62-1000-9f49-0ac2424e0000" logicalTableSourceRef="/oracle/bi/server/base/LogicalTableSource/b2c986de-0c62-1000-9f49-0ac2424e0000.xml#mb2c986de-0c62-1000-9f49-0ac2424e0000"/>
</RefTableSources>
</LogicalTable>