<?xml version="1.0" encoding="UTF-8" ?>
<LogicalTable mdsid="mb4271af0-0c62-1000-9f49-0ac2424e0000" name="Service Type" xmlns:xsi="http://www.w3.org/2001/XMLSchema-instance" xmlns="http://www.oracle.com/obis/repository" subjectAreaRef="/oracle/bi/server/base/BusinessModel/d4e75b21-0c57-1000-ba5a-0ac2424e0000.xml#md4e75b21-0c57-1000-ba5a-0ac2424e0000">
<LogicalColumn mdsid="mb42a2834-0c62-1000-9f49-0ac2424e0000" name="Service Type Key" isWriteable="false">
<AttrDefn mdsid="mb42a2836-0c62-1000-9f49-0ac2424e0000" name="AD_3900:675191361807226">
<Expr mdsid="m00000001-01f4-0000-88f1-93e100000000" name="Expr">
<ExprText><![CDATA["%1"]]></ExprText>
<ExprTextDesc><![CDATA["PRM_PRDHDATA"."PRDHDATA"."dbo"."D15 Service Type"."svc_type_key"]]></ExprTextDesc>
<ObjectRefList>
<RefObject refId="m00000001-01f4-0000-88f1-93e100000000-m347fb901-0c2c-1000-ae5d-0ac2424e0000" objectTypeId="3003" objectRef="/oracle/bi/server/base/PhysicalTable/347fb900-0c2c-1000-ae5d-0ac2424e0000.xml#m347fb901-0c2c-1000-ae5d-0ac2424e0000"/>
</ObjectRefList>
</Expr>
</AttrDefn>
</LogicalColumn>
<LogicalColumn mdsid="mb42b60b2-0c62-1000-9f49-0ac2424e0000" name="Service Type ID" isWriteable="false">
<AttrDefn mdsid="mb42b60b3-0c62-1000-9f49-0ac2424e0000" name="AD_3900:675241361807226">
<Expr mdsid="m00000002-01f4-0000-5ebb-ce1800000000" name="Expr">
<ExprText><![CDATA["%1"]]></ExprText>
<ExprTextDesc><![CDATA["PRM_PRDHDATA"."PRDHDATA"."dbo"."D15 Service Type"."svc_type_id"]]></ExprTextDesc>
<ObjectRefList>
<RefObject refId="m00000002-01f4-0000-5ebb-ce1800000000-m347fb902-0c2c-1000-ae5d-0ac2424e0000" objectTypeId="3003" objectRef="/oracle/bi/server/base/PhysicalTable/347fb900-0c2c-1000-ae5d-0ac2424e0000.xml#m347fb902-0c2c-1000-ae5d-0ac2424e0000"/>
</ObjectRefList>
</Expr>
</AttrDefn>
</LogicalColumn>
<LogicalColumn mdsid="mb42e6df2-0c62-1000-9f49-0ac2424e0000" name="Service Type Group" isWriteable="false">
<AttrDefn mdsid="mb42e6df3-0c62-1000-9f49-0ac2424e0000" name="AD_3900:675281361807226">
<Expr mdsid="m00000003-01f4-0000-19ae-328900000000" name="Expr">
<ExprText><![CDATA["%1"]]></ExprText>
<ExprTextDesc><![CDATA["PRM_PRDHDATA"."PRDHDATA"."dbo"."D15 Service Type"."svc_type_gen02_cd"]]></ExprTextDesc>
<ObjectRefList>
<RefObject refId="m00000003-01f4-0000-19ae-328900000000-m347fb908-0c2c-1000-ae5d-0ac2424e0000" objectTypeId="3003" objectRef="/oracle/bi/server/base/PhysicalTable/347fb900-0c2c-1000-ae5d-0ac2424e0000.xml#m347fb908-0c2c-1000-ae5d-0ac2424e0000"/>
</ObjectRefList>
</Expr>
</AttrDefn>
</LogicalColumn>
<LogicalKey mdsid="mb42a2835-0c62-1000-9f49-0ac2424e0000" name="D15 Service Type_Key" isPrimary="true">
<RefColumns>
<RefLogicalColumn refId="mb42a2835-0c62-1000-9f49-0ac2424e0000-mb42a2834-0c62-1000-9f49-0ac2424e0000" logicalColumnRef="/oracle/bi/server/base/LogicalTable/b4271af0-0c62-1000-9f49-0ac2424e0000.xml#mb42a2834-0c62-1000-9f49-0ac2424e0000"/>
</RefColumns>
</LogicalKey>
<RefTableSources>
<RefLogicalTableSource refId="mb4271af0-0c62-1000-9f49-0ac2424e0000-mb42a2837-0c62-1000-9f49-0ac2424e0000" logicalTableSourceRef="/oracle/bi/server/base/LogicalTableSource/b42a2837-0c62-1000-9f49-0ac2424e0000.xml#mb42a2837-0c62-1000-9f49-0ac2424e0000"/>
</RefTableSources>
</LogicalTable>