<?xml version="1.0" encoding="UTF-8" ?>
<LogicalTable mdsid="md1007170-0cae-1000-bd59-0ac2424e0000" name="Call Coiuntry" xmlns:xsi="http://www.w3.org/2001/XMLSchema-instance" xmlns="http://www.oracle.com/obis/repository" subjectAreaRef="/oracle/bi/server/base/BusinessModel/d4e75b21-0c57-1000-ba5a-0ac2424e0000.xml#md4e75b21-0c57-1000-ba5a-0ac2424e0000">
<LogicalColumn mdsid="md10a3570-0cae-1000-bd59-0ac2424e0000" name="Call Country Name" isDerived="true" isWriteable="false">
<Expr mdsid="m00000001-01f4-0000-8546-250000000000" name="Expr">
<ExprText><![CDATA[CASE WHEN  "%1" = 'DIAL-OUT' THEN  "%2" ELSE  "%3"   END ]]></ExprText>
<ExprTextDesc><![CDATA[CASE WHEN  "PGI-DW"."Access Type"."Access Type Group" = 'DIAL-OUT' THEN  "PGI-DW"."Call Termination"."Call Termination" ELSE  "PGI-DW"."Call Origin"."Call Origin"   END ]]></ExprTextDesc>
<ObjectRefList>
<RefObject refId="m00000001-01f4-0000-8546-250000000000-m178caa75-0c58-1000-ba5a-0ac2424e0000" objectTypeId="2006" objectRef="/oracle/bi/server/base/LogicalTable/177fb220-0c58-1000-ba5a-0ac2424e0000.xml#m178caa75-0c58-1000-ba5a-0ac2424e0000"/>
<RefObject refId="m00000001-01f4-0000-8546-250000000000-m6fe41904-0c95-1000-9cfd-0ac2424e0000" objectTypeId="2006" objectRef="/oracle/bi/server/base/LogicalTable/6fe41901-0c95-1000-9cfd-0ac2424e0000.xml#m6fe41904-0c95-1000-9cfd-0ac2424e0000"/>
<RefObject refId="m00000001-01f4-0000-8546-250000000000-md61a0ec2-0c57-1000-ba5a-0ac2424e0000" objectTypeId="2006" objectRef="/oracle/bi/server/base/LogicalTable/d5693550-0c57-1000-ba5a-0ac2424e0000.xml#md61a0ec2-0c57-1000-ba5a-0ac2424e0000"/>
</ObjectRefList>
</Expr>
<AttrDefn mdsid="md10a3571-0cae-1000-bd59-0ac2424e0000" name="AD_3900:718391394497714">
<Expr mdsid="m00000002-01f4-0000-421f-373500000000" name="Expr">
<ExprText></ExprText>
<ExprTextDesc></ExprTextDesc>
</Expr>
</AttrDefn>
</LogicalColumn>
</LogicalTable>