<?xml version="1.0" encoding="UTF-8" ?>
<LogicalTable mdsid="md50654d0-0c57-1000-ba5a-0ac2424e0000" name="GL Date" xmlns:xsi="http://www.w3.org/2001/XMLSchema-instance" xmlns="http://www.oracle.com/obis/repository" subjectAreaRef="/oracle/bi/server/base/BusinessModel/d4e75b21-0c57-1000-ba5a-0ac2424e0000.xml#md4e75b21-0c57-1000-ba5a-0ac2424e0000">
<LogicalColumn mdsid="md54fb9e4-0c57-1000-ba5a-0ac2424e0000" name="Date Key" isWriteable="false">
<AttrDefn mdsid="md54fb9e6-0c57-1000-ba5a-0ac2424e0000" name="AD_3900:613951357142704">
<Expr mdsid="m00000001-01f4-0000-7b8d-7cd100000000" name="Expr">
<ExprText><![CDATA["%1"]]></ExprText>
<ExprTextDesc><![CDATA["PRM_PRDHDATA"."PRDHDATA"."dbo"."D08 GL Date"."dt_key"]]></ExprTextDesc>
<ObjectRefList>
<RefObject refId="m00000001-01f4-0000-7b8d-7cd100000000-m3455e9e1-0c2c-1000-ae5d-0ac2424e0000" objectTypeId="3003" objectRef="/oracle/bi/server/base/PhysicalTable/3455e9e0-0c2c-1000-ae5d-0ac2424e0000.xml#m3455e9e1-0c2c-1000-ae5d-0ac2424e0000"/>
</ObjectRefList>
</Expr>
</AttrDefn>
</LogicalColumn>
<LogicalColumn mdsid="md55203d2-0c57-1000-ba5a-0ac2424e0000" name="Date" isWriteable="false">
<AttrDefn mdsid="md55203d3-0c57-1000-ba5a-0ac2424e0000" name="AD_3900:614001357142704">
<Expr mdsid="m00000002-01f4-0000-9b82-bda700000000" name="Expr">
<ExprText><![CDATA["%1"]]></ExprText>
<ExprTextDesc><![CDATA["PRM_PRDHDATA"."PRDHDATA"."dbo"."D08 GL Date"."dt_sd"]]></ExprTextDesc>
<ObjectRefList>
<RefObject refId="m00000002-01f4-0000-9b82-bda700000000-m3455e9e2-0c2c-1000-ae5d-0ac2424e0000" objectTypeId="3003" objectRef="/oracle/bi/server/base/PhysicalTable/3455e9e0-0c2c-1000-ae5d-0ac2424e0000.xml#m3455e9e2-0c2c-1000-ae5d-0ac2424e0000"/>
</ObjectRefList>
</Expr>
</AttrDefn>
</LogicalColumn>
<LogicalColumn mdsid="md55697b2-0c57-1000-ba5a-0ac2424e0000" name="Year" isWriteable="false" customSortOrderRef="/oracle/bi/server/base/LogicalTable/d50654d0-0c57-1000-ba5a-0ac2424e0000.xml#m46918fc2-0c58-1000-ba5a-0ac2424e0000">
<AttrDefn mdsid="md55697b3-0c57-1000-ba5a-0ac2424e0000" name="AD_3900:614041357142704">
<Expr mdsid="m00000003-01f4-0000-a93c-6abb00000000" name="Expr">
<ExprText><![CDATA["%1"]]></ExprText>
<ExprTextDesc><![CDATA["PRM_PRDHDATA"."PRDHDATA"."dbo"."D08 GL Date"."yr_num"]]></ExprTextDesc>
<ObjectRefList>
<RefObject refId="m00000003-01f4-0000-a93c-6abb00000000-m3455e9e4-0c2c-1000-ae5d-0ac2424e0000" objectTypeId="3003" objectRef="/oracle/bi/server/base/PhysicalTable/3455e9e0-0c2c-1000-ae5d-0ac2424e0000.xml#m3455e9e4-0c2c-1000-ae5d-0ac2424e0000"/>
</ObjectRefList>
</Expr>
</AttrDefn>
</LogicalColumn>
<LogicalColumn mdsid="md55beee2-0c57-1000-ba5a-0ac2424e0000" name="Quarter" isWriteable="false" customSortOrderRef="/oracle/bi/server/base/LogicalTable/d50654d0-0c57-1000-ba5a-0ac2424e0000.xml#m85cb4080-0c5a-1000-891c-0ac2424e0000">
<AttrDefn mdsid="md55beee3-0c57-1000-ba5a-0ac2424e0000" name="AD_3900:614081357142704">
<Expr mdsid="m00000004-01f4-0000-a94a-7b0200000000" name="Expr">
<ExprText><![CDATA["%1"]]></ExprText>
<ExprTextDesc><![CDATA["PRM_PRDHDATA"."PRDHDATA"."dbo"."D08 GL Date"."yr_qtr_nam_sd"]]></ExprTextDesc>
<ObjectRefList>
<RefObject refId="m00000004-01f4-0000-a94a-7b0200000000-m3455e9ee-0c2c-1000-ae5d-0ac2424e0000" objectTypeId="3003" objectRef="/oracle/bi/server/base/PhysicalTable/3455e9e0-0c2c-1000-ae5d-0ac2424e0000.xml#m3455e9ee-0c2c-1000-ae5d-0ac2424e0000"/>
</ObjectRefList>
</Expr>
</AttrDefn>
</LogicalColumn>
<LogicalColumn mdsid="md55d4e72-0c57-1000-ba5a-0ac2424e0000" name="Month" isWriteable="false" customSortOrderRef="/oracle/bi/server/base/LogicalTable/d50654d0-0c57-1000-ba5a-0ac2424e0000.xml#m40000002-f6f3-14f3-ac34-0ac242490000" descriptorIDRef="/oracle/bi/server/base/LogicalTable/d50654d0-0c57-1000-ba5a-0ac2424e0000.xml#m40000002-f6f3-14f3-ac34-0ac242490000">
<AttrDefn mdsid="md55d4e73-0c57-1000-ba5a-0ac2424e0000" name="AD_3900:614121357142704">
<Expr mdsid="m00000005-01f4-0000-f3c6-f1b000000000" name="Expr">
<ExprText><![CDATA["%1"]]></ExprText>
<ExprTextDesc><![CDATA["PRM_PRDHDATA"."PRDHDATA"."dbo"."D08 GL Date"."yr_mth_nam_sd"]]></ExprTextDesc>
<ObjectRefList>
<RefObject refId="m00000005-01f4-0000-f3c6-f1b000000000-m3455e9f6-0c2c-1000-ae5d-0ac2424e0000" objectTypeId="3003" objectRef="/oracle/bi/server/base/PhysicalTable/3455e9e0-0c2c-1000-ae5d-0ac2424e0000.xml#m3455e9f6-0c2c-1000-ae5d-0ac2424e0000"/>
</ObjectRefList>
</Expr>
</AttrDefn>
</LogicalColumn>
<LogicalColumn mdsid="m4679c202-0c58-1000-ba5a-0ac2424e0000" name="Month Number" isWriteable="false">
<AttrDefn mdsid="m4679c203-0c58-1000-ba5a-0ac2424e0000" name="AD_3900:625181357327938">
<Expr mdsid="m00000006-01f4-0000-ef0a-e48500000000" name="Expr">
<ExprText><![CDATA["%1"]]></ExprText>
<ExprTextDesc><![CDATA["PRM_PRDHDATA"."PRDHDATA"."dbo"."D08 GL Date"."mth_num"]]></ExprTextDesc>
<ObjectRefList>
<RefObject refId="m00000006-01f4-0000-ef0a-e48500000000-m3455e9f0-0c2c-1000-ae5d-0ac2424e0000" objectTypeId="3003" objectRef="/oracle/bi/server/base/PhysicalTable/3455e9e0-0c2c-1000-ae5d-0ac2424e0000.xml#m3455e9f0-0c2c-1000-ae5d-0ac2424e0000"/>
</ObjectRefList>
</Expr>
</AttrDefn>
</LogicalColumn>
<LogicalColumn mdsid="m46918fc2-0c58-1000-ba5a-0ac2424e0000" name="Year Number" isWriteable="false">
<AttrDefn mdsid="m46918fc3-0c58-1000-ba5a-0ac2424e0000" name="AD_3900:625481357328145">
<Expr mdsid="m00000007-01f4-0000-36d8-a32c00000000" name="Expr">
<ExprText><![CDATA["%1"]]></ExprText>
<ExprTextDesc><![CDATA["PRM_PRDHDATA"."PRDHDATA"."dbo"."D08 GL Date"."yr_num"]]></ExprTextDesc>
<ObjectRefList>
<RefObject refId="m00000007-01f4-0000-36d8-a32c00000000-m3455e9e4-0c2c-1000-ae5d-0ac2424e0000" objectTypeId="3003" objectRef="/oracle/bi/server/base/PhysicalTable/3455e9e0-0c2c-1000-ae5d-0ac2424e0000.xml#m3455e9e4-0c2c-1000-ae5d-0ac2424e0000"/>
</ObjectRefList>
</Expr>
</AttrDefn>
</LogicalColumn>
<LogicalColumn mdsid="m7cff3512-0c5a-1000-891c-0ac2424e0000" name="Quarter Number" isWriteable="false">
<AttrDefn mdsid="m7cff3513-0c5a-1000-891c-0ac2424e0000" name="AD_3900:639021358278622">
<Expr mdsid="m00000008-01f4-0000-f187-97fa00000000" name="Expr">
<ExprText><![CDATA["%1"]]></ExprText>
<ExprTextDesc><![CDATA["PRM_PRDHDATA"."PRDHDATA"."dbo"."D08 GL Date"."qtr_num"]]></ExprTextDesc>
<ObjectRefList>
<RefObject refId="m00000008-01f4-0000-f187-97fa00000000-m3455e9e8-0c2c-1000-ae5d-0ac2424e0000" objectTypeId="3003" objectRef="/oracle/bi/server/base/PhysicalTable/3455e9e0-0c2c-1000-ae5d-0ac2424e0000.xml#m3455e9e8-0c2c-1000-ae5d-0ac2424e0000"/>
</ObjectRefList>
</Expr>
</AttrDefn>
</LogicalColumn>
<LogicalColumn mdsid="m85cb4080-0c5a-1000-891c-0ac2424e0000" name="Quarter ID" isDerived="true" isWriteable="false">
<Expr mdsid="m00000009-01f4-0000-a119-725600000000" name="Expr">
<ExprText><![CDATA["%1" * 10 + "%2"]]></ExprText>
<ExprTextDesc><![CDATA["PGI-DW"."GL Date"."Year" * 10 + "PGI-DW"."GL Date"."Quarter Number"]]></ExprTextDesc>
<ObjectRefList>
<RefObject refId="m00000009-01f4-0000-a119-725600000000-md55697b2-0c57-1000-ba5a-0ac2424e0000" objectTypeId="2006" objectRef="/oracle/bi/server/base/LogicalTable/d50654d0-0c57-1000-ba5a-0ac2424e0000.xml#md55697b2-0c57-1000-ba5a-0ac2424e0000"/>
<RefObject refId="m00000009-01f4-0000-a119-725600000000-m7cff3512-0c5a-1000-891c-0ac2424e0000" objectTypeId="2006" objectRef="/oracle/bi/server/base/LogicalTable/d50654d0-0c57-1000-ba5a-0ac2424e0000.xml#m7cff3512-0c5a-1000-891c-0ac2424e0000"/>
</ObjectRefList>
</Expr>
<AttrDefn mdsid="m85cb4081-0c5a-1000-891c-0ac2424e0000" name="AD_3900:639331358339297">
<Expr mdsid="m0000000a-01f4-0000-342d-5ec500000000" name="Expr">
<ExprText></ExprText>
<ExprTextDesc></ExprTextDesc>
</Expr>
</AttrDefn>
</LogicalColumn>
<LogicalColumn mdsid="m7d80a4a0-0c5b-1000-92db-0ac2424e0000" name="Month ID" isDerived="true" isWriteable="false">
<Expr mdsid="m0000000b-01f4-0000-5521-c46b00000000" name="Expr">
<ExprText><![CDATA["%1" * 100 + "%2"]]></ExprText>
<ExprTextDesc><![CDATA["PGI-DW"."GL Date"."Year" * 100 + "PGI-DW"."GL Date"."Month Number"]]></ExprTextDesc>
<ObjectRefList>
<RefObject refId="m0000000b-01f4-0000-5521-c46b00000000-md55697b2-0c57-1000-ba5a-0ac2424e0000" objectTypeId="2006" objectRef="/oracle/bi/server/base/LogicalTable/d50654d0-0c57-1000-ba5a-0ac2424e0000.xml#md55697b2-0c57-1000-ba5a-0ac2424e0000"/>
<RefObject refId="m0000000b-01f4-0000-5521-c46b00000000-m4679c202-0c58-1000-ba5a-0ac2424e0000" objectTypeId="2006" objectRef="/oracle/bi/server/base/LogicalTable/d50654d0-0c57-1000-ba5a-0ac2424e0000.xml#m4679c202-0c58-1000-ba5a-0ac2424e0000"/>
</ObjectRefList>
</Expr>
<AttrDefn mdsid="m7d80a4a1-0c5b-1000-92db-0ac2424e0000" name="AD_3900:643481358708899">
<Expr mdsid="m0000000c-01f4-0000-af59-25f800000000" name="Expr">
<ExprText></ExprText>
<ExprTextDesc></ExprTextDesc>
</Expr>
</AttrDefn>
</LogicalColumn>
<LogicalColumn mdsid="mb6d54f32-0c5b-1000-92db-0ac2424e0000" name="Month Name" isWriteable="false" customSortOrderRef="/oracle/bi/server/base/LogicalTable/d50654d0-0c57-1000-ba5a-0ac2424e0000.xml#m4679c202-0c58-1000-ba5a-0ac2424e0000">
<AttrDefn mdsid="mb6d54f33-0c5b-1000-92db-0ac2424e0000" name="AD_3900:644911358805014">
<Expr mdsid="m0000000d-01f4-0000-aa92-4c7f00000000" name="Expr">
<ExprText><![CDATA["%1"]]></ExprText>
<ExprTextDesc><![CDATA["PRM_PRDHDATA"."PRDHDATA"."dbo"."D08 GL Date"."mth_nam_sd"]]></ExprTextDesc>
<ObjectRefList>
<RefObject refId="m0000000d-01f4-0000-aa92-4c7f00000000-m3455e9f1-0c2c-1000-ae5d-0ac2424e0000" objectTypeId="3003" objectRef="/oracle/bi/server/base/PhysicalTable/3455e9e0-0c2c-1000-ae5d-0ac2424e0000.xml#m3455e9f1-0c2c-1000-ae5d-0ac2424e0000"/>
</ObjectRefList>
</Expr>
</AttrDefn>
</LogicalColumn>
<LogicalColumn mdsid="m40000002-f6f3-14f3-ac34-0ac242490000" name="Year Month Number" isWriteable="false">
<AttrDefn mdsid="m40000003-f6f3-14f3-ac34-0ac242490000" name="AD_3900:723261406131268">
<Expr mdsid="m0000000e-01f4-0000-95cd-61a900000000" name="Expr">
<ExprText><![CDATA["%1"]]></ExprText>
<ExprTextDesc><![CDATA["PRM_PRDHDATA"."PRDHDATA"."dbo"."D08 GL Date"."yr_mth_num"]]></ExprTextDesc>
<ObjectRefList>
<RefObject refId="m0000000e-01f4-0000-95cd-61a900000000-m3455e9f5-0c2c-1000-ae5d-0ac2424e0000" objectTypeId="3003" objectRef="/oracle/bi/server/base/PhysicalTable/3455e9e0-0c2c-1000-ae5d-0ac2424e0000.xml#m3455e9f5-0c2c-1000-ae5d-0ac2424e0000"/>
</ObjectRefList>
</Expr>
</AttrDefn>
</LogicalColumn>
<LogicalColumn mdsid="mc0000002-a72c-14f4-8029-0ac242490000" name="wkday_fl" isWriteable="false">
<AttrDefn mdsid="mc0000003-a72c-14f4-8029-0ac242490000" name="AD_3900:724141406311846">
<Expr mdsid="m0000000f-01f4-0000-1099-120900000000" name="Expr">
<ExprText><![CDATA["%1"]]></ExprText>
<ExprTextDesc><![CDATA["PRM_PRDHDATA"."PRDHDATA"."dbo"."D08 GL Date"."wkday_fl"]]></ExprTextDesc>
<ObjectRefList>
<RefObject refId="m0000000f-01f4-0000-1099-120900000000-m3455ea01-0c2c-1000-ae5d-0ac2424e0000" objectTypeId="3003" objectRef="/oracle/bi/server/base/PhysicalTable/3455e9e0-0c2c-1000-ae5d-0ac2424e0000.xml#m3455ea01-0c2c-1000-ae5d-0ac2424e0000"/>
</ObjectRefList>
</Expr>
</AttrDefn>
</LogicalColumn>
<LogicalKey mdsid="md54fb9e5-0c57-1000-ba5a-0ac2424e0000" name="D08 GL Date_Key" isPrimary="true">
<RefColumns>
<RefLogicalColumn refId="md54fb9e5-0c57-1000-ba5a-0ac2424e0000-md54fb9e4-0c57-1000-ba5a-0ac2424e0000" logicalColumnRef="/oracle/bi/server/base/LogicalTable/d50654d0-0c57-1000-ba5a-0ac2424e0000.xml#md54fb9e4-0c57-1000-ba5a-0ac2424e0000"/>
</RefColumns>
</LogicalKey>
<RefTableSources>
<RefLogicalTableSource refId="md50654d0-0c57-1000-ba5a-0ac2424e0000-md54fb9e7-0c57-1000-ba5a-0ac2424e0000" logicalTableSourceRef="/oracle/bi/server/base/LogicalTableSource/d54fb9e7-0c57-1000-ba5a-0ac2424e0000.xml#md54fb9e7-0c57-1000-ba5a-0ac2424e0000"/>
</RefTableSources>
</LogicalTable>