<?xml version="1.0" encoding="UTF-8" ?>
<LogicalTable mdsid="me06d7d80-0c57-1000-ba5a-0ac2424e0000" name="Product" xmlns:xsi="http://www.w3.org/2001/XMLSchema-instance" xmlns="http://www.oracle.com/obis/repository" subjectAreaRef="/oracle/bi/server/base/BusinessModel/d4e75b21-0c57-1000-ba5a-0ac2424e0000.xml#md4e75b21-0c57-1000-ba5a-0ac2424e0000">
<LogicalColumn mdsid="me0739804-0c57-1000-ba5a-0ac2424e0000" name="Product Key" isWriteable="false">
<AttrDefn mdsid="me0739806-0c57-1000-ba5a-0ac2424e0000" name="AD_3900:616751357157232">
<Expr mdsid="m00000001-01f4-0000-31a7-0ffd00000000" name="Expr">
<ExprText><![CDATA["%1"]]></ExprText>
<ExprTextDesc><![CDATA["PRM_PRDHDATA"."PRDHDATA"."dbo"."D12 GL Product"."gl_prdct_key"]]></ExprTextDesc>
<ObjectRefList>
<RefObject refId="m00000001-01f4-0000-31a7-0ffd00000000-m34799e81-0c2c-1000-ae5d-0ac2424e0000" objectTypeId="3003" objectRef="/oracle/bi/server/base/PhysicalTable/34799e80-0c2c-1000-ae5d-0ac2424e0000.xml#m34799e81-0c2c-1000-ae5d-0ac2424e0000"/>
</ObjectRefList>
</Expr>
</AttrDefn>
</LogicalColumn>
<LogicalColumn mdsid="me075bae2-0c57-1000-ba5a-0ac2424e0000" name="Product" isWriteable="false">
<AttrDefn mdsid="me075bae3-0c57-1000-ba5a-0ac2424e0000" name="AD_3900:616801357157232">
<Expr mdsid="m00000002-01f4-0000-2ce2-5f4d00000000" name="Expr">
<ExprText><![CDATA["%1"]]></ExprText>
<ExprTextDesc><![CDATA["PRM_PRDHDATA"."PRDHDATA"."dbo"."D12 GL Product"."gl_prdct_cd"]]></ExprTextDesc>
<ObjectRefList>
<RefObject refId="m00000002-01f4-0000-2ce2-5f4d00000000-m34799e83-0c2c-1000-ae5d-0ac2424e0000" objectTypeId="3003" objectRef="/oracle/bi/server/base/PhysicalTable/34799e80-0c2c-1000-ae5d-0ac2424e0000.xml#m34799e83-0c2c-1000-ae5d-0ac2424e0000"/>
</ObjectRefList>
</Expr>
</AttrDefn>
</LogicalColumn>
<LogicalColumn mdsid="me07a27b6-0c57-1000-ba5a-0ac2424e0000" name="Product Category" isWriteable="false">
<AttrDefn mdsid="me07a27b9-0c57-1000-ba5a-0ac2424e0000" name="AD_3900:616901357157232">
<Expr mdsid="m00000003-01f4-0000-006c-aa7500000000" name="Expr">
<ExprText><![CDATA["%1"]]></ExprText>
<ExprTextDesc><![CDATA["PRM_PRDHDATA"."PRDHDATA"."dbo"."D12 GL Product"."gl_prdct_std_gen01_cd"]]></ExprTextDesc>
<ObjectRefList>
<RefObject refId="m00000003-01f4-0000-006c-aa7500000000-ma2567c00-0c6f-1000-886d-0ac2424e0000" objectTypeId="3003" objectRef="/oracle/bi/server/base/PhysicalTable/34799e80-0c2c-1000-ae5d-0ac2424e0000.xml#ma2567c00-0c6f-1000-886d-0ac2424e0000"/>
</ObjectRefList>
</Expr>
</AttrDefn>
</LogicalColumn>
<LogicalColumn mdsid="me07a27b7-0c57-1000-ba5a-0ac2424e0000" name="Product Group" isWriteable="false">
<AttrDefn mdsid="me07a27ba-0c57-1000-ba5a-0ac2424e0000" name="AD_3900:616911357157232">
<Expr mdsid="m00000004-01f4-0000-ef6b-4b0500000000" name="Expr">
<ExprText><![CDATA["%1"]]></ExprText>
<ExprTextDesc><![CDATA["PRM_PRDHDATA"."PRDHDATA"."dbo"."D12 GL Product"."gl_prdct_std_gen02_cd"]]></ExprTextDesc>
<ObjectRefList>
<RefObject refId="m00000004-01f4-0000-ef6b-4b0500000000-ma2567c02-0c6f-1000-886d-0ac2424e0000" objectTypeId="3003" objectRef="/oracle/bi/server/base/PhysicalTable/34799e80-0c2c-1000-ae5d-0ac2424e0000.xml#ma2567c02-0c6f-1000-886d-0ac2424e0000"/>
</ObjectRefList>
</Expr>
</AttrDefn>
</LogicalColumn>
<LogicalColumn mdsid="me07a27b8-0c57-1000-ba5a-0ac2424e0000" name="Product Type" isWriteable="false">
<AttrDefn mdsid="me07a27bb-0c57-1000-ba5a-0ac2424e0000" name="AD_3900:616921357157232">
<Expr mdsid="m00000005-01f4-0000-d3de-556d00000000" name="Expr">
<ExprText><![CDATA["%1"]]></ExprText>
<ExprTextDesc><![CDATA["PRM_PRDHDATA"."PRDHDATA"."dbo"."D12 GL Product"."gl_prdct_gen04_cd"]]></ExprTextDesc>
<ObjectRefList>
<RefObject refId="m00000005-01f4-0000-d3de-556d00000000-m34799e8c-0c2c-1000-ae5d-0ac2424e0000" objectTypeId="3003" objectRef="/oracle/bi/server/base/PhysicalTable/34799e80-0c2c-1000-ae5d-0ac2424e0000.xml#m34799e8c-0c2c-1000-ae5d-0ac2424e0000"/>
</ObjectRefList>
</Expr>
</AttrDefn>
</LogicalColumn>
<LogicalColumn mdsid="m0ff4aad2-0c5b-1000-891c-0ac2424e0000" name="Product Name" isWriteable="false">
<AttrDefn mdsid="m0ff4aad3-0c5b-1000-891c-0ac2424e0000" name="AD_3900:639741358524995">
<Expr mdsid="m00000006-01f4-0000-74e3-699e00000000" name="Expr">
<ExprText><![CDATA["%1"]]></ExprText>
<ExprTextDesc><![CDATA["PRM_PRDHDATA"."PRDHDATA"."dbo"."D12 GL Product"."gl_prdct_sd"]]></ExprTextDesc>
<ObjectRefList>
<RefObject refId="m00000006-01f4-0000-74e3-699e00000000-m34799e84-0c2c-1000-ae5d-0ac2424e0000" objectTypeId="3003" objectRef="/oracle/bi/server/base/PhysicalTable/34799e80-0c2c-1000-ae5d-0ac2424e0000.xml#m34799e84-0c2c-1000-ae5d-0ac2424e0000"/>
</ObjectRefList>
</Expr>
</AttrDefn>
</LogicalColumn>
<LogicalColumn mdsid="m475d2050-0c5c-1000-92db-0ac2424e0000" name="Product Nm and Cd" isDerived="true" isWriteable="false">
<Expr mdsid="m00000007-01f4-0000-8fa1-b30d00000000" name="Expr">
<ExprText><![CDATA["%1" || ' - (' || "%2" ||')']]></ExprText>
<ExprTextDesc><![CDATA["PGI-DW"."Product"."Product Name" || ' - (' || "PGI-DW"."Product"."Product" ||')']]></ExprTextDesc>
<ObjectRefList>
<RefObject refId="m00000007-01f4-0000-8fa1-b30d00000000-m0ff4aad2-0c5b-1000-891c-0ac2424e0000" objectTypeId="2006" objectRef="/oracle/bi/server/base/LogicalTable/e06d7d80-0c57-1000-ba5a-0ac2424e0000.xml#m0ff4aad2-0c5b-1000-891c-0ac2424e0000"/>
<RefObject refId="m00000007-01f4-0000-8fa1-b30d00000000-me075bae2-0c57-1000-ba5a-0ac2424e0000" objectTypeId="2006" objectRef="/oracle/bi/server/base/LogicalTable/e06d7d80-0c57-1000-ba5a-0ac2424e0000.xml#me075bae2-0c57-1000-ba5a-0ac2424e0000"/>
</ObjectRefList>
</Expr>
<AttrDefn mdsid="m475d2051-0c5c-1000-92db-0ac2424e0000" name="AD_3900:645991359047654">
<Expr mdsid="m00000008-01f4-0000-79be-47fe00000000" name="Expr">
<ExprText></ExprText>
<ExprTextDesc></ExprTextDesc>
</Expr>
</AttrDefn>
</LogicalColumn>
<LogicalKey mdsid="me0739805-0c57-1000-ba5a-0ac2424e0000" name="D12 GL Product_Key" isPrimary="true">
<RefColumns>
<RefLogicalColumn refId="me0739805-0c57-1000-ba5a-0ac2424e0000-me0739804-0c57-1000-ba5a-0ac2424e0000" logicalColumnRef="/oracle/bi/server/base/LogicalTable/e06d7d80-0c57-1000-ba5a-0ac2424e0000.xml#me0739804-0c57-1000-ba5a-0ac2424e0000"/>
</RefColumns>
</LogicalKey>
<RefTableSources>
<RefLogicalTableSource refId="me06d7d80-0c57-1000-ba5a-0ac2424e0000-me0739807-0c57-1000-ba5a-0ac2424e0000" logicalTableSourceRef="/oracle/bi/server/base/LogicalTableSource/e0739807-0c57-1000-ba5a-0ac2424e0000.xml#me0739807-0c57-1000-ba5a-0ac2424e0000"/>
</RefTableSources>
</LogicalTable>