<?xml version="1.0" encoding="UTF-8" ?>
<LogicalTable mdsid="me299d360-0c57-1000-ba5a-0ac2424e0000" name="UOM" xmlns:xsi="http://www.w3.org/2001/XMLSchema-instance" xmlns="http://www.oracle.com/obis/repository" subjectAreaRef="/oracle/bi/server/base/BusinessModel/d4e75b21-0c57-1000-ba5a-0ac2424e0000.xml#md4e75b21-0c57-1000-ba5a-0ac2424e0000">
<LogicalColumn mdsid="me2a08a24-0c57-1000-ba5a-0ac2424e0000" name="UOM Key" isWriteable="false">
<AttrDefn mdsid="me2a08a26-0c57-1000-ba5a-0ac2424e0000" name="AD_3900:619641357160840">
<Expr mdsid="m00000001-01f4-0000-d080-4f8f00000000" name="Expr">
<ExprText><![CDATA["%1"]]></ExprText>
<ExprTextDesc><![CDATA["PRM_PRDHDATA"."PRDHDATA"."dbo"."D19 UOM"."uom_key"]]></ExprTextDesc>
<ObjectRefList>
<RefObject refId="m00000001-01f4-0000-d080-4f8f00000000-m34892ee1-0c2c-1000-ae5d-0ac2424e0000" objectTypeId="3003" objectRef="/oracle/bi/server/base/PhysicalTable/34892ee0-0c2c-1000-ae5d-0ac2424e0000.xml#m34892ee1-0c2c-1000-ae5d-0ac2424e0000"/>
</ObjectRefList>
</Expr>
</AttrDefn>
</LogicalColumn>
<LogicalColumn mdsid="me2b17a12-0c57-1000-ba5a-0ac2424e0000" name="UOM" isWriteable="false">
<AttrDefn mdsid="me2b17a13-0c57-1000-ba5a-0ac2424e0000" name="AD_3900:619691357160840">
<Expr mdsid="m00000002-01f4-0000-001a-2c9700000000" name="Expr">
<ExprText><![CDATA["%1"]]></ExprText>
<ExprTextDesc><![CDATA["PRM_PRDHDATA"."PRDHDATA"."dbo"."D19 UOM"."uom_cd"]]></ExprTextDesc>
<ObjectRefList>
<RefObject refId="m00000002-01f4-0000-001a-2c9700000000-m34892ee3-0c2c-1000-ae5d-0ac2424e0000" objectTypeId="3003" objectRef="/oracle/bi/server/base/PhysicalTable/34892ee0-0c2c-1000-ae5d-0ac2424e0000.xml#m34892ee3-0c2c-1000-ae5d-0ac2424e0000"/>
</ObjectRefList>
</Expr>
</AttrDefn>
</LogicalColumn>
<LogicalColumn mdsid="me2b7e2b2-0c57-1000-ba5a-0ac2424e0000" name="UOM Type" isWriteable="false">
<AttrDefn mdsid="me2b7e2b3-0c57-1000-ba5a-0ac2424e0000" name="AD_3900:619731357160840">
<Expr mdsid="m00000003-01f4-0000-296a-6cfb00000000" name="Expr">
<ExprText><![CDATA["%1"]]></ExprText>
<ExprTextDesc><![CDATA["PRM_PRDHDATA"."PRDHDATA"."dbo"."D19 UOM"."uom_gen01_cd"]]></ExprTextDesc>
<ObjectRefList>
<RefObject refId="m00000003-01f4-0000-296a-6cfb00000000-m34892ee6-0c2c-1000-ae5d-0ac2424e0000" objectTypeId="3003" objectRef="/oracle/bi/server/base/PhysicalTable/34892ee0-0c2c-1000-ae5d-0ac2424e0000.xml#m34892ee6-0c2c-1000-ae5d-0ac2424e0000"/>
</ObjectRefList>
</Expr>
</AttrDefn>
</LogicalColumn>
<LogicalKey mdsid="me2a08a25-0c57-1000-ba5a-0ac2424e0000" name="D19 UOM_Key" isPrimary="true">
<RefColumns>
<RefLogicalColumn refId="me2a08a25-0c57-1000-ba5a-0ac2424e0000-me2a08a24-0c57-1000-ba5a-0ac2424e0000" logicalColumnRef="/oracle/bi/server/base/LogicalTable/e299d360-0c57-1000-ba5a-0ac2424e0000.xml#me2a08a24-0c57-1000-ba5a-0ac2424e0000"/>
</RefColumns>
</LogicalKey>
<RefTableSources>
<RefLogicalTableSource refId="me299d360-0c57-1000-ba5a-0ac2424e0000-me2a08a27-0c57-1000-ba5a-0ac2424e0000" logicalTableSourceRef="/oracle/bi/server/base/LogicalTableSource/e2a08a27-0c57-1000-ba5a-0ac2424e0000.xml#me2a08a27-0c57-1000-ba5a-0ac2424e0000"/>
</RefTableSources>
</LogicalTable>