<?xml version="1.0" encoding="UTF-8" ?>
<LogicalTable mdsid="me578a4d0-0c61-1000-8029-0ac2424e0000" name="GL Dept" xmlns:xsi="http://www.w3.org/2001/XMLSchema-instance" xmlns="http://www.oracle.com/obis/repository" subjectAreaRef="/oracle/bi/server/base/BusinessModel/d4e75b21-0c57-1000-ba5a-0ac2424e0000.xml#md4e75b21-0c57-1000-ba5a-0ac2424e0000">
<LogicalColumn mdsid="mecee6f10-0c61-1000-8029-0ac2424e0000" name="GL Dept Group" isWriteable="false">
<AttrDefn mdsid="mecee6f13-0c61-1000-8029-0ac2424e0000" name="AD_3900:656651361472942">
<Expr mdsid="m00000001-01f4-0000-053f-b66a00000000" name="Expr">
<ExprText><![CDATA["%1"]]></ExprText>
<ExprTextDesc><![CDATA["PRM_PRDHDATA"."PRDHDATA"."dbo"."D22 GL Dept"."gl_dept_std_gen01_cd"]]></ExprTextDesc>
<ObjectRefList>
<RefObject refId="m00000001-01f4-0000-053f-b66a00000000-md2b0e9c1-0c70-1000-8029-0ac2424e0000" objectTypeId="3003" objectRef="/oracle/bi/server/base/PhysicalTable/9657a2a0-0c2c-1000-ae5d-0ac2424e0000.xml#md2b0e9c1-0c70-1000-8029-0ac2424e0000"/>
</ObjectRefList>
</Expr>
</AttrDefn>
</LogicalColumn>
<LogicalColumn mdsid="mecee6f11-0c61-1000-8029-0ac2424e0000" name="GL Dept Function" isWriteable="false">
<AttrDefn mdsid="mecee6f14-0c61-1000-8029-0ac2424e0000" name="AD_3900:656661361472942">
<Expr mdsid="m00000002-01f4-0000-3bf3-e17f00000000" name="Expr">
<ExprText><![CDATA["%1"]]></ExprText>
<ExprTextDesc><![CDATA["PRM_PRDHDATA"."PRDHDATA"."dbo"."D22 GL Dept"."gl_dept_std_gen02_cd"]]></ExprTextDesc>
<ObjectRefList>
<RefObject refId="m00000002-01f4-0000-3bf3-e17f00000000-md2b0e9c3-0c70-1000-8029-0ac2424e0000" objectTypeId="3003" objectRef="/oracle/bi/server/base/PhysicalTable/9657a2a0-0c2c-1000-ae5d-0ac2424e0000.xml#md2b0e9c3-0c70-1000-8029-0ac2424e0000"/>
</ObjectRefList>
</Expr>
</AttrDefn>
</LogicalColumn>
<LogicalColumn mdsid="mecee6f12-0c61-1000-8029-0ac2424e0000" name="GL Dept Name" isWriteable="false">
<AttrDefn mdsid="mecee6f15-0c61-1000-8029-0ac2424e0000" name="AD_3900:656671361472942">
<Expr mdsid="m00000003-01f4-0000-2204-357600000000" name="Expr">
<ExprText><![CDATA["%1"]]></ExprText>
<ExprTextDesc><![CDATA["PRM_PRDHDATA"."PRDHDATA"."dbo"."D22 GL Dept"."gl_dept_sd"]]></ExprTextDesc>
<ObjectRefList>
<RefObject refId="m00000003-01f4-0000-2204-357600000000-m9657a2a4-0c2c-1000-ae5d-0ac2424e0000" objectTypeId="3003" objectRef="/oracle/bi/server/base/PhysicalTable/9657a2a0-0c2c-1000-ae5d-0ac2424e0000.xml#m9657a2a4-0c2c-1000-ae5d-0ac2424e0000"/>
</ObjectRefList>
</Expr>
</AttrDefn>
</LogicalColumn>
<LogicalColumn mdsid="mecf4b0a3-0c61-1000-8029-0ac2424e0000" name="GL Dept Num" isWriteable="false">
<AttrDefn mdsid="mecf4b0a4-0c61-1000-8029-0ac2424e0000" name="AD_3900:656721361472942">
<Expr mdsid="m00000004-01f4-0000-b3d3-3fe300000000" name="Expr">
<ExprText><![CDATA["%1"]]></ExprText>
<ExprTextDesc><![CDATA["PRM_PRDHDATA"."PRDHDATA"."dbo"."D22 GL Dept"."gl_dept_cd"]]></ExprTextDesc>
<ObjectRefList>
<RefObject refId="m00000004-01f4-0000-b3d3-3fe300000000-m9657a2a3-0c2c-1000-ae5d-0ac2424e0000" objectTypeId="3003" objectRef="/oracle/bi/server/base/PhysicalTable/9657a2a0-0c2c-1000-ae5d-0ac2424e0000.xml#m9657a2a3-0c2c-1000-ae5d-0ac2424e0000"/>
</ObjectRefList>
</Expr>
</AttrDefn>
</LogicalColumn>
<LogicalColumn mdsid="med181723-0c61-1000-8029-0ac2424e0000" name="GL Dept Key" isWriteable="false">
<AttrDefn mdsid="med183e30-0c61-1000-8029-0ac2424e0000" name="AD_3900:656961361472942">
<Expr mdsid="m00000005-01f4-0000-e412-addc00000000" name="Expr">
<ExprText><![CDATA["%1"]]></ExprText>
<ExprTextDesc><![CDATA["PRM_PRDHDATA"."PRDHDATA"."dbo"."D22 GL Dept"."gl_dept_key"]]></ExprTextDesc>
<ObjectRefList>
<RefObject refId="m00000005-01f4-0000-e412-addc00000000-m9657a2a1-0c2c-1000-ae5d-0ac2424e0000" objectTypeId="3003" objectRef="/oracle/bi/server/base/PhysicalTable/9657a2a0-0c2c-1000-ae5d-0ac2424e0000.xml#m9657a2a1-0c2c-1000-ae5d-0ac2424e0000"/>
</ObjectRefList>
</Expr>
</AttrDefn>
</LogicalColumn>
<LogicalColumn mdsid="md29831a0-0c70-1000-8029-0ac2424e0000" name="GL Dept Desc" isDerived="true" isWriteable="false">
<Expr mdsid="m00000006-01f4-0000-208b-3e1b00000000" name="Expr">
<ExprText><![CDATA["%1" || ' (' || "%2" || ')']]></ExprText>
<ExprTextDesc><![CDATA["PGI-DW"."GL Dept"."GL Dept Name" || ' (' || "PGI-DW"."GL Dept"."GL Dept Num" || ')']]></ExprTextDesc>
<ObjectRefList>
<RefObject refId="m00000006-01f4-0000-208b-3e1b00000000-mecee6f12-0c61-1000-8029-0ac2424e0000" objectTypeId="2006" objectRef="/oracle/bi/server/base/LogicalTable/e578a4d0-0c61-1000-8029-0ac2424e0000.xml#mecee6f12-0c61-1000-8029-0ac2424e0000"/>
<RefObject refId="m00000006-01f4-0000-208b-3e1b00000000-mecf4b0a3-0c61-1000-8029-0ac2424e0000" objectTypeId="2006" objectRef="/oracle/bi/server/base/LogicalTable/e578a4d0-0c61-1000-8029-0ac2424e0000.xml#mecf4b0a3-0c61-1000-8029-0ac2424e0000"/>
</ObjectRefList>
</Expr>
<AttrDefn mdsid="md29831a1-0c70-1000-8029-0ac2424e0000" name="AD_3900:701571367870983">
<Expr mdsid="m00000007-01f4-0000-02ae-869b00000000" name="Expr">
<ExprText></ExprText>
<ExprTextDesc></ExprTextDesc>
</Expr>
</AttrDefn>
</LogicalColumn>
<LogicalKey mdsid="med181724-0c61-1000-8029-0ac2424e0000" name="D22 GL Dept_Key" isPrimary="true">
<RefColumns>
<RefLogicalColumn refId="med181724-0c61-1000-8029-0ac2424e0000-med181723-0c61-1000-8029-0ac2424e0000" logicalColumnRef="/oracle/bi/server/base/LogicalTable/e578a4d0-0c61-1000-8029-0ac2424e0000.xml#med181723-0c61-1000-8029-0ac2424e0000"/>
</RefColumns>
</LogicalKey>
<RefTableSources>
<RefLogicalTableSource refId="me578a4d0-0c61-1000-8029-0ac2424e0000-me580463f-0c61-1000-8029-0ac2424e0000" logicalTableSourceRef="/oracle/bi/server/base/LogicalTableSource/e580463f-0c61-1000-8029-0ac2424e0000.xml#me580463f-0c61-1000-8029-0ac2424e0000"/>
</RefTableSources>
</LogicalTable>