<?xml version="1.0" encoding="UTF-8" ?>
<PresentationHierarchy mdsid="m27186b46-0c62-1000-a784-0ac2424e0000" name="Start Date" xmlns:xsi="http://www.w3.org/2001/XMLSchema-instance" xmlns="http://www.oracle.com/obis/repository" hasDispName="false" hasDispDescription="false" containerRef="/oracle/bi/server/base/PresentationTable/27186b40-0c62-1000-a784-0ac2424e0000.xml#m27186b40-0c62-1000-a784-0ac2424e0000" logicalDimensionRef="/oracle/bi/server/base/Dimension/256e1660-0c62-1000-a784-0ac2424e0000.xml#m256e1660-0c62-1000-a784-0ac2424e0000">
<PresentationLevel mdsid="m27186b47-0c62-1000-a784-0ac2424e0000" name="TotalTime" hasDispName="false" hasDispDescription="false" containerRef="/oracle/bi/server/base/PresentationHierarchy/27186b46-0c62-1000-a784-0ac2424e0000.xml#m27186b46-0c62-1000-a784-0ac2424e0000" logicalLevelRef="/oracle/bi/server/base/Dimension/256e1660-0c62-1000-a784-0ac2424e0000.xml#m256e1664-0c62-1000-a784-0ac2424e0000">
</PresentationLevel>
<PresentationLevel mdsid="m27186b48-0c62-1000-a784-0ac2424e0000" name="Year" hasDispName="false" hasDispDescription="false" containerRef="/oracle/bi/server/base/PresentationHierarchy/27186b46-0c62-1000-a784-0ac2424e0000.xml#m27186b46-0c62-1000-a784-0ac2424e0000" logicalLevelRef="/oracle/bi/server/base/Dimension/256e1660-0c62-1000-a784-0ac2424e0000.xml#m256e1665-0c62-1000-a784-0ac2424e0000">
<RefDisplayColumns>
<RefPresentationColumn refId="m27186b48-0c62-1000-a784-0ac2424e0000-m27186b2f-0c62-1000-a784-0ac2424e0000" presentationColumnRef="/oracle/bi/server/base/PresentationTable/27186b40-0c62-1000-a784-0ac2424e0000.xml#m27186b2f-0c62-1000-a784-0ac2424e0000"/>
</RefDisplayColumns>
</PresentationLevel>
<PresentationLevel mdsid="m27186b49-0c62-1000-a784-0ac2424e0000" name="Quarter" hasDispName="false" hasDispDescription="false" containerRef="/oracle/bi/server/base/PresentationHierarchy/27186b46-0c62-1000-a784-0ac2424e0000.xml#m27186b46-0c62-1000-a784-0ac2424e0000" logicalLevelRef="/oracle/bi/server/base/Dimension/256e1660-0c62-1000-a784-0ac2424e0000.xml#m256e1666-0c62-1000-a784-0ac2424e0000">
<RefDisplayColumns>
<RefPresentationColumn refId="m27186b49-0c62-1000-a784-0ac2424e0000-m27186b30-0c62-1000-a784-0ac2424e0000" presentationColumnRef="/oracle/bi/server/base/PresentationTable/27186b40-0c62-1000-a784-0ac2424e0000.xml#m27186b30-0c62-1000-a784-0ac2424e0000"/>
</RefDisplayColumns>
</PresentationLevel>
<PresentationLevel mdsid="m27186b4a-0c62-1000-a784-0ac2424e0000" name="Month" hasDispName="false" hasDispDescription="false" containerRef="/oracle/bi/server/base/PresentationHierarchy/27186b46-0c62-1000-a784-0ac2424e0000.xml#m27186b46-0c62-1000-a784-0ac2424e0000" logicalLevelRef="/oracle/bi/server/base/Dimension/256e1660-0c62-1000-a784-0ac2424e0000.xml#m256e1667-0c62-1000-a784-0ac2424e0000">
<RefDisplayColumns>
<RefPresentationColumn refId="m27186b4a-0c62-1000-a784-0ac2424e0000-m27186b31-0c62-1000-a784-0ac2424e0000" presentationColumnRef="/oracle/bi/server/base/PresentationTable/27186b40-0c62-1000-a784-0ac2424e0000.xml#m27186b31-0c62-1000-a784-0ac2424e0000"/>
</RefDisplayColumns>
</PresentationLevel>
<PresentationLevel mdsid="m27186b4b-0c62-1000-a784-0ac2424e0000" name="Date" hasDispName="false" hasDispDescription="false" containerRef="/oracle/bi/server/base/PresentationHierarchy/27186b46-0c62-1000-a784-0ac2424e0000.xml#m27186b46-0c62-1000-a784-0ac2424e0000" logicalLevelRef="/oracle/bi/server/base/Dimension/256e1660-0c62-1000-a784-0ac2424e0000.xml#m256e1668-0c62-1000-a784-0ac2424e0000">
<RefDisplayColumns>
<RefPresentationColumn refId="m27186b4b-0c62-1000-a784-0ac2424e0000-m27186b2e-0c62-1000-a784-0ac2424e0000" presentationColumnRef="/oracle/bi/server/base/PresentationTable/27186b40-0c62-1000-a784-0ac2424e0000.xml#m27186b2e-0c62-1000-a784-0ac2424e0000"/>
</RefDisplayColumns>
</PresentationLevel>
</PresentationHierarchy>