<?xml version="1.0" encoding="UTF-8" ?>
<PresentationHierarchy mdsid="m27186b41-0c62-1000-a784-0ac2424e0000" name="Start Clock" xmlns:xsi="http://www.w3.org/2001/XMLSchema-instance" xmlns="http://www.oracle.com/obis/repository" hasDispName="false" hasDispDescription="false" containerRef="/oracle/bi/server/base/PresentationTable/27186b39-0c62-1000-a784-0ac2424e0000.xml#m27186b39-0c62-1000-a784-0ac2424e0000" logicalDimensionRef="/oracle/bi/server/base/Dimension/256e1661-0c62-1000-a784-0ac2424e0000.xml#m256e1661-0c62-1000-a784-0ac2424e0000">
<PresentationLevel mdsid="m27186b4c-0c62-1000-a784-0ac2424e0000" name="Hour" hasDispName="false" hasDispDescription="false" containerRef="/oracle/bi/server/base/PresentationHierarchy/27186b41-0c62-1000-a784-0ac2424e0000.xml#m27186b41-0c62-1000-a784-0ac2424e0000" logicalLevelRef="/oracle/bi/server/base/Dimension/256e1661-0c62-1000-a784-0ac2424e0000.xml#m256e166a-0c62-1000-a784-0ac2424e0000">
<RefDisplayColumns>
<RefPresentationColumn refId="m27186b4c-0c62-1000-a784-0ac2424e0000-m27186b00-0c62-1000-a784-0ac2424e0000" presentationColumnRef="/oracle/bi/server/base/PresentationTable/27186b39-0c62-1000-a784-0ac2424e0000.xml#m27186b00-0c62-1000-a784-0ac2424e0000"/>
</RefDisplayColumns>
</PresentationLevel>
<PresentationLevel mdsid="m27186b4d-0c62-1000-a784-0ac2424e0000" name="Minute" hasDispName="false" hasDispDescription="false" containerRef="/oracle/bi/server/base/PresentationHierarchy/27186b41-0c62-1000-a784-0ac2424e0000.xml#m27186b41-0c62-1000-a784-0ac2424e0000" logicalLevelRef="/oracle/bi/server/base/Dimension/256e1661-0c62-1000-a784-0ac2424e0000.xml#m256e166b-0c62-1000-a784-0ac2424e0000">
<RefDisplayColumns>
<RefPresentationColumn refId="m27186b4d-0c62-1000-a784-0ac2424e0000-m27186b02-0c62-1000-a784-0ac2424e0000" presentationColumnRef="/oracle/bi/server/base/PresentationTable/27186b39-0c62-1000-a784-0ac2424e0000.xml#m27186b02-0c62-1000-a784-0ac2424e0000"/>
</RefDisplayColumns>
</PresentationLevel>
</PresentationHierarchy>