<?xml version="1.0" encoding="UTF-8" ?>
<PresentationHierarchy mdsid="m4ddb2471-0c59-1000-891c-0ac2424e0000" name="Business Unit" xmlns:xsi="http://www.w3.org/2001/XMLSchema-instance" xmlns="http://www.oracle.com/obis/repository" hasDispName="false" hasDispDescription="false" containerRef="/oracle/bi/server/base/PresentationTable/3c1bcbfe-0c58-1000-ba5a-0ac2424e0000.xml#m3c1bcbfe-0c58-1000-ba5a-0ac2424e0000" logicalDimensionRef="/oracle/bi/server/base/Dimension/172dc190-0c58-1000-ba5a-0ac2424e0000.xml#m172dc190-0c58-1000-ba5a-0ac2424e0000">
<PresentationLevel mdsid="m4ddb2472-0c59-1000-891c-0ac2424e0000" name="All Business Units" hasDispName="false" hasDispDescription="false" containerRef="/oracle/bi/server/base/PresentationHierarchy/4ddb2471-0c59-1000-891c-0ac2424e0000.xml#m4ddb2471-0c59-1000-891c-0ac2424e0000" logicalLevelRef="/oracle/bi/server/base/Dimension/172dc190-0c58-1000-ba5a-0ac2424e0000.xml#m17320750-0c58-1000-ba5a-0ac2424e0000">
</PresentationLevel>
<PresentationLevel mdsid="m4ddb2473-0c59-1000-891c-0ac2424e0000" name="Region" hasDispName="false" hasDispDescription="false" containerRef="/oracle/bi/server/base/PresentationHierarchy/4ddb2471-0c59-1000-891c-0ac2424e0000.xml#m4ddb2471-0c59-1000-891c-0ac2424e0000" logicalLevelRef="/oracle/bi/server/base/Dimension/172dc190-0c58-1000-ba5a-0ac2424e0000.xml#m3bfb2490-0c58-1000-ba5a-0ac2424e0000">
<RefDisplayColumns>
<RefPresentationColumn refId="m4ddb2473-0c59-1000-891c-0ac2424e0000-m3c1bcbfa-0c58-1000-ba5a-0ac2424e0000" presentationColumnRef="/oracle/bi/server/base/PresentationTable/3c1bcbfe-0c58-1000-ba5a-0ac2424e0000.xml#m3c1bcbfa-0c58-1000-ba5a-0ac2424e0000"/>
</RefDisplayColumns>
</PresentationLevel>
<PresentationLevel mdsid="m4ddb2474-0c59-1000-891c-0ac2424e0000" name="Level 2" hasDispName="false" hasDispDescription="false" containerRef="/oracle/bi/server/base/PresentationHierarchy/4ddb2471-0c59-1000-891c-0ac2424e0000.xml#m4ddb2471-0c59-1000-891c-0ac2424e0000" logicalLevelRef="/oracle/bi/server/base/Dimension/172dc190-0c58-1000-ba5a-0ac2424e0000.xml#m3bfdbca0-0c58-1000-ba5a-0ac2424e0000">
<RefDisplayColumns>
<RefPresentationColumn refId="m4ddb2474-0c59-1000-891c-0ac2424e0000-m3c1bcbfb-0c58-1000-ba5a-0ac2424e0000" presentationColumnRef="/oracle/bi/server/base/PresentationTable/3c1bcbfe-0c58-1000-ba5a-0ac2424e0000.xml#m3c1bcbfb-0c58-1000-ba5a-0ac2424e0000"/>
</RefDisplayColumns>
</PresentationLevel>
<PresentationLevel mdsid="m4ddb2475-0c59-1000-891c-0ac2424e0000" name="Business Unit" hasDispName="false" hasDispDescription="false" containerRef="/oracle/bi/server/base/PresentationHierarchy/4ddb2471-0c59-1000-891c-0ac2424e0000.xml#m4ddb2471-0c59-1000-891c-0ac2424e0000" logicalLevelRef="/oracle/bi/server/base/Dimension/172dc190-0c58-1000-ba5a-0ac2424e0000.xml#m3c00f0f0-0c58-1000-ba5a-0ac2424e0000">
<RefDisplayColumns>
<RefPresentationColumn refId="m4ddb2475-0c59-1000-891c-0ac2424e0000-m3c1bcbfd-0c58-1000-ba5a-0ac2424e0000" presentationColumnRef="/oracle/bi/server/base/PresentationTable/3c1bcbfe-0c58-1000-ba5a-0ac2424e0000.xml#m3c1bcbfd-0c58-1000-ba5a-0ac2424e0000"/>
</RefDisplayColumns>
</PresentationLevel>
</PresentationHierarchy>