<?xml version="1.0" encoding="UTF-8" ?>
<PhysicalTable mdsid="m25504ed0-0c5a-1000-891c-0ac2424e0000" name="PGI_F_MT_TRANS" xmlns:xsi="http://www.w3.org/2001/XMLSchema-instance" xmlns="http://www.oracle.com/obis/repository" type="none" rowCount="76270731.0" lastUpdated="2013-06-24 13:52:25" maxConn="0" containerRef="/oracle/bi/server/base/Schema/3428bf63-0c2c-1000-ae5d-0ac2424e0000.xml#m3428bf63-0c2c-1000-ae5d-0ac2424e0000">
<DBMapItem name="DefaultMulDB">
<Value><![CDATA[PGI_F_MT_TRANS]]></Value>
</DBMapItem>
<PhysicalColumn mdsid="m25504ed1-0c5a-1000-891c-0ac2424e0000" name="sys_cd" dataType="VARCHAR" precision="8" specialType="none">
</PhysicalColumn>
<PhysicalColumn mdsid="m25504ed2-0c5a-1000-891c-0ac2424e0000" name="sys_key" dataType="INT" precision="10" specialType="none">
</PhysicalColumn>
<PhysicalColumn mdsid="m25504ed3-0c5a-1000-891c-0ac2424e0000" name="scnro_key" dataType="INT" precision="10" specialType="none">
</PhysicalColumn>
<PhysicalColumn mdsid="m25504ed4-0c5a-1000-891c-0ac2424e0000" name="cust_key" dataType="INT" precision="10" specialType="none">
</PhysicalColumn>
<PhysicalColumn mdsid="m25504ed5-0c5a-1000-891c-0ac2424e0000" name="terr_key" dataType="INT" precision="10" specialType="none">
</PhysicalColumn>
<PhysicalColumn mdsid="m25504ed6-0c5a-1000-891c-0ac2424e0000" name="client_key" dataType="INT" precision="10" specialType="none">
</PhysicalColumn>
<PhysicalColumn mdsid="m25504ed7-0c5a-1000-891c-0ac2424e0000" name="gl_dt_key" dataType="INT" precision="10" specialType="none">
</PhysicalColumn>
<PhysicalColumn mdsid="m25504ed8-0c5a-1000-891c-0ac2424e0000" name="gl_co_key" dataType="INT" precision="10" specialType="none">
</PhysicalColumn>
<PhysicalColumn mdsid="m25504ed9-0c5a-1000-891c-0ac2424e0000" name="gl_prdct_key" dataType="INT" precision="10" specialType="none">
</PhysicalColumn>
<PhysicalColumn mdsid="m25504eda-0c5a-1000-891c-0ac2424e0000" name="call_type_key" dataType="INT" precision="10" specialType="none">
</PhysicalColumn>
<PhysicalColumn mdsid="m25504edb-0c5a-1000-891c-0ac2424e0000" name="svc_type_key" dataType="INT" precision="10" specialType="none">
</PhysicalColumn>
<PhysicalColumn mdsid="m25504edc-0c5a-1000-891c-0ac2424e0000" name="prdct_key" dataType="INT" precision="10" specialType="none">
</PhysicalColumn>
<PhysicalColumn mdsid="m25504edd-0c5a-1000-891c-0ac2424e0000" name="currency_key" dataType="INT" precision="10" specialType="none">
</PhysicalColumn>
<PhysicalColumn mdsid="m25504ede-0c5a-1000-891c-0ac2424e0000" name="call_origin_key" dataType="INT" precision="10" specialType="none">
</PhysicalColumn>
<PhysicalColumn mdsid="m25504edf-0c5a-1000-891c-0ac2424e0000" name="call_term_key" dataType="INT" precision="10" specialType="none">
</PhysicalColumn>
<PhysicalColumn mdsid="m25504ee0-0c5a-1000-891c-0ac2424e0000" name="trnsprt_type_key" dataType="INT" precision="10" specialType="none">
</PhysicalColumn>
<PhysicalColumn mdsid="m25504ee1-0c5a-1000-891c-0ac2424e0000" name="brdg_loc_key" dataType="INT" precision="10" specialType="none">
</PhysicalColumn>
<PhysicalColumn mdsid="m25504ee2-0c5a-1000-891c-0ac2424e0000" name="uom_key" dataType="INT" precision="10" specialType="none">
</PhysicalColumn>
<PhysicalColumn mdsid="m25504ee3-0c5a-1000-891c-0ac2424e0000" name="quantity" dataType="DOUBLE" precision="19" nullable="true" specialType="none">
</PhysicalColumn>
<PhysicalColumn mdsid="m25504ee4-0c5a-1000-891c-0ac2424e0000" name="rate" dataType="FLOAT" precision="7" nullable="true" specialType="none">
</PhysicalColumn>
<PhysicalColumn mdsid="m25504ee5-0c5a-1000-891c-0ac2424e0000" name="sls_amt_local" dataType="FLOAT" precision="7" nullable="true" specialType="none">
</PhysicalColumn>
<PhysicalColumn mdsid="m25504ee6-0c5a-1000-891c-0ac2424e0000" name="disc_amt_local" dataType="FLOAT" precision="7" nullable="true" specialType="none">
</PhysicalColumn>
<PhysicalColumn mdsid="m25504ee7-0c5a-1000-891c-0ac2424e0000" name="fed_tax_local" dataType="FLOAT" precision="7" nullable="true" specialType="none">
</PhysicalColumn>
<PhysicalColumn mdsid="m25504ee8-0c5a-1000-891c-0ac2424e0000" name="state_tax_local" dataType="FLOAT" precision="7" nullable="true" specialType="none">
</PhysicalColumn>
<PhysicalColumn mdsid="m25504ee9-0c5a-1000-891c-0ac2424e0000" name="county_tax_local" dataType="FLOAT" precision="7" nullable="true" specialType="none">
</PhysicalColumn>
<PhysicalColumn mdsid="m25504eea-0c5a-1000-891c-0ac2424e0000" name="local_tax_local" dataType="FLOAT" precision="7" nullable="true" specialType="none">
</PhysicalColumn>
<PhysicalColumn mdsid="m25504eeb-0c5a-1000-891c-0ac2424e0000" name="conv_rate" dataType="FLOAT" precision="7" nullable="true" specialType="none">
</PhysicalColumn>
<PhysicalColumn mdsid="m25504eec-0c5a-1000-891c-0ac2424e0000" name="sls_amt_usd" dataType="FLOAT" precision="7" nullable="true" specialType="none">
</PhysicalColumn>
<PhysicalColumn mdsid="m25504eed-0c5a-1000-891c-0ac2424e0000" name="disc_amt_usd" dataType="FLOAT" precision="7" nullable="true" specialType="none">
</PhysicalColumn>
<PhysicalColumn mdsid="m25504eee-0c5a-1000-891c-0ac2424e0000" name="fed_tax_usd" dataType="FLOAT" precision="7" nullable="true" specialType="none">
</PhysicalColumn>
<PhysicalColumn mdsid="m25504eef-0c5a-1000-891c-0ac2424e0000" name="state_tax_usd" dataType="FLOAT" precision="7" nullable="true" specialType="none">
</PhysicalColumn>
<PhysicalColumn mdsid="m25504ef0-0c5a-1000-891c-0ac2424e0000" name="county_tax_usd" dataType="FLOAT" precision="7" nullable="true" specialType="none">
</PhysicalColumn>
<PhysicalColumn mdsid="m25504ef1-0c5a-1000-891c-0ac2424e0000" name="local_tax_usd" dataType="FLOAT" precision="7" nullable="true" specialType="none">
</PhysicalColumn>
<PhysicalColumn mdsid="m25504ef2-0c5a-1000-891c-0ac2424e0000" name="sls_amt_maap" dataType="FLOAT" precision="7" nullable="true" specialType="none">
</PhysicalColumn>
<PhysicalColumn mdsid="m25504ef3-0c5a-1000-891c-0ac2424e0000" name="disc_amt_maap" dataType="FLOAT" precision="7" nullable="true" specialType="none">
</PhysicalColumn>
<PhysicalColumn mdsid="m25504ef4-0c5a-1000-891c-0ac2424e0000" name="fed_tax_maap" dataType="FLOAT" precision="7" nullable="true" specialType="none">
</PhysicalColumn>
<PhysicalColumn mdsid="m25504ef5-0c5a-1000-891c-0ac2424e0000" name="state_tax_maap" dataType="FLOAT" precision="7" nullable="true" specialType="none">
</PhysicalColumn>
<PhysicalColumn mdsid="m25504ef6-0c5a-1000-891c-0ac2424e0000" name="county_tax_maap" dataType="FLOAT" precision="7" nullable="true" specialType="none">
</PhysicalColumn>
<PhysicalColumn mdsid="m25504ef7-0c5a-1000-891c-0ac2424e0000" name="local_tax_maap" dataType="FLOAT" precision="7" nullable="true" specialType="none">
</PhysicalColumn>
<PhysicalColumn mdsid="m25504ef8-0c5a-1000-891c-0ac2424e0000" name="row_cnt" dataType="DOUBLE" precision="19" nullable="true" specialType="none">
</PhysicalColumn>
<PhysicalColumn mdsid="m25504ef9-0c5a-1000-891c-0ac2424e0000" name="conf_cnt" dataType="DOUBLE" precision="19" nullable="true" specialType="none">
</PhysicalColumn>
<PhysicalColumn mdsid="m25504efa-0c5a-1000-891c-0ac2424e0000" name="billed_qty" dataType="DOUBLE" precision="19" nullable="true" specialType="none">
</PhysicalColumn>
<PhysicalColumn mdsid="m25504efb-0c5a-1000-891c-0ac2424e0000" name="unbilled_qty" dataType="DOUBLE" precision="19" nullable="true" specialType="none">
</PhysicalColumn>
<PhysicalColumn mdsid="m25504efc-0c5a-1000-891c-0ac2424e0000" name="discount_qty" dataType="DOUBLE" precision="19" nullable="true" specialType="none">
</PhysicalColumn>
<PhysicalColumn mdsid="m25504efd-0c5a-1000-891c-0ac2424e0000" name="create_dt" dataType="TIMESTAMP" scale="3" precision="23" specialType="none">
</PhysicalColumn>
<PhysicalColumn mdsid="m25504efe-0c5a-1000-891c-0ac2424e0000" name="create_run_key" dataType="INT" precision="10" specialType="none">
</PhysicalColumn>
<PhysicalColumn mdsid="m25504eff-0c5a-1000-891c-0ac2424e0000" name="last_upd_dt" dataType="TIMESTAMP" scale="3" precision="23" specialType="none">
</PhysicalColumn>
<PhysicalColumn mdsid="m25504f00-0c5a-1000-891c-0ac2424e0000" name="last_upd_run_key" dataType="INT" precision="10" specialType="none">
</PhysicalColumn>
<PhysicalColumn mdsid="m25504f01-0c5a-1000-891c-0ac2424e0000" name="maap_rate" dataType="FLOAT" precision="7" nullable="true" specialType="none">
</PhysicalColumn>
<PhysicalColumn mdsid="m25504f02-0c5a-1000-891c-0ac2424e0000" name="gaap_rate" dataType="FLOAT" precision="7" nullable="true" specialType="none">
</PhysicalColumn>
<PhysicalColumn mdsid="m25504f03-0c5a-1000-891c-0ac2424e0000" name="rev_shr_amt_local" dataType="FLOAT" precision="7" nullable="true" specialType="none">
</PhysicalColumn>
<PhysicalColumn mdsid="m25504f04-0c5a-1000-891c-0ac2424e0000" name="rev_shr_amt_usd" dataType="FLOAT" precision="7" nullable="true" specialType="none">
</PhysicalColumn>
<PhysicalColumn mdsid="m25504f05-0c5a-1000-891c-0ac2424e0000" name="rev_shr_amt_maap" dataType="FLOAT" precision="7" nullable="true" specialType="none">
</PhysicalColumn>
<PhysicalColumn mdsid="m25504f06-0c5a-1000-891c-0ac2424e0000" name="call_dt_key" dataType="INT" precision="10" nullable="true" specialType="none">
</PhysicalColumn>
<PhysicalColumn mdsid="m25504f07-0c5a-1000-891c-0ac2424e0000" name="inv_dt_key" dataType="INT" precision="10" nullable="true" specialType="none">
</PhysicalColumn>
<PhysicalColumn mdsid="m25504f08-0c5a-1000-891c-0ac2424e0000" name="unique_conf_id" dataType="VARCHAR" precision="15" nullable="true" specialType="none">
</PhysicalColumn>
<PhysicalColumn mdsid="m25504f09-0c5a-1000-891c-0ac2424e0000" name="participant_cnt" dataType="INT" precision="10" nullable="true" specialType="none">
</PhysicalColumn>
<PhysicalColumn mdsid="m25504f0a-0c5a-1000-891c-0ac2424e0000" name="invoice_num" dataType="VARCHAR" precision="10" nullable="true" specialType="none">
</PhysicalColumn>
<PhysicalColumn mdsid="m25504f0b-0c5a-1000-891c-0ac2424e0000" name="rsllr_key" dataType="INT" precision="10" specialType="none">
</PhysicalColumn>
<PhysicalColumn mdsid="m25504f0c-0c5a-1000-891c-0ac2424e0000" name="ccrf_amt_local" dataType="FLOAT" precision="7" nullable="true" specialType="none">
</PhysicalColumn>
<PhysicalColumn mdsid="m25504f0d-0c5a-1000-891c-0ac2424e0000" name="usf_amt_local" dataType="FLOAT" precision="7" nullable="true" specialType="none">
</PhysicalColumn>
<PhysicalColumn mdsid="m25504f0e-0c5a-1000-891c-0ac2424e0000" name="svc_fee_local" dataType="FLOAT" precision="7" nullable="true" specialType="none">
</PhysicalColumn>
<PhysicalColumn mdsid="m25504f0f-0c5a-1000-891c-0ac2424e0000" name="usf_amt_usd" dataType="FLOAT" precision="7" nullable="true" specialType="none">
</PhysicalColumn>
<PhysicalColumn mdsid="m25504f10-0c5a-1000-891c-0ac2424e0000" name="usf_amt_maap" dataType="FLOAT" precision="7" nullable="true" specialType="none">
</PhysicalColumn>
<PhysicalColumn mdsid="m25504f11-0c5a-1000-891c-0ac2424e0000" name="ccrf_amt_usd" dataType="FLOAT" precision="7" nullable="true" specialType="none">
</PhysicalColumn>
<PhysicalColumn mdsid="m25504f12-0c5a-1000-891c-0ac2424e0000" name="ccrf_amt_maap" dataType="FLOAT" precision="7" nullable="true" specialType="none">
</PhysicalColumn>
<PhysicalColumn mdsid="m25504f13-0c5a-1000-891c-0ac2424e0000" name="svc_fee_usd" dataType="FLOAT" precision="7" nullable="true" specialType="none">
</PhysicalColumn>
<PhysicalColumn mdsid="m25504f14-0c5a-1000-891c-0ac2424e0000" name="svc_fee_maap" dataType="FLOAT" precision="7" nullable="true" specialType="none">
</PhysicalColumn>
<PhysicalColumn mdsid="m25504f15-0c5a-1000-891c-0ac2424e0000" name="call_end_dt_key" dataType="INT" precision="10" nullable="true" specialType="none">
</PhysicalColumn>
<PhysicalColumn mdsid="ma361f790-0c7a-1000-8029-0ac2424e0000" name="bridge_name_key" dataType="INT" precision="10" specialType="none">
</PhysicalColumn>
<PhysicalColumn mdsid="ma3621ea0-0c7a-1000-8029-0ac2424e0000" name="conf_id" dataType="VARCHAR" precision="15" nullable="true" specialType="none">
</PhysicalColumn>
<PhysicalColumn mdsid="ma3621ea2-0c7a-1000-8029-0ac2424e0000" name="dnis_key" dataType="INT" precision="10" specialType="none">
</PhysicalColumn>
<PhysicalColumn mdsid="ma3621ea4-0c7a-1000-8029-0ac2424e0000" name="telco_fixed_rate_cost_maap" dataType="FLOAT" precision="7" nullable="true" specialType="none">
</PhysicalColumn>
<PhysicalColumn mdsid="ma3621ea6-0c7a-1000-8029-0ac2424e0000" name="telco_fixed_rate_maap" dataType="FLOAT" precision="7" nullable="true" specialType="none">
</PhysicalColumn>
<PhysicalColumn mdsid="ma3621ea8-0c7a-1000-8029-0ac2424e0000" name="telco_maap_rate" dataType="FLOAT" precision="7" nullable="true" specialType="none">
</PhysicalColumn>
<PhysicalColumn mdsid="ma36245b0-0c7a-1000-8029-0ac2424e0000" name="telco_quantity" dataType="DOUBLE" precision="19" nullable="true" specialType="none">
</PhysicalColumn>
<PhysicalColumn mdsid="ma36245b2-0c7a-1000-8029-0ac2424e0000" name="telco_var_currency_key" dataType="INT" precision="10" nullable="true" specialType="none">
</PhysicalColumn>
<PhysicalColumn mdsid="ma36245b4-0c7a-1000-8029-0ac2424e0000" name="telco_var_rate_cost_maap" dataType="FLOAT" precision="7" nullable="true" specialType="none">
</PhysicalColumn>
<PhysicalColumn mdsid="ma36245b6-0c7a-1000-8029-0ac2424e0000" name="telco_var_rate_local" dataType="FLOAT" precision="7" nullable="true" specialType="none">
</PhysicalColumn>
<PhysicalForeignKey mdsid="m2550c400-0c5a-1000-891c-0ac2424e0000" name="FK_PGI_F_MT_TRANS_PGI_D_CALL_TYPE" counterPartKeyRef="/oracle/bi/server/base/PhysicalTable/3428bf64-0c2c-1000-ae5d-0ac2424e0000.xml#m3428bf72-0c2c-1000-ae5d-0ac2424e0000">
<RefColumns>
<RefColumn refId="m2550c400-0c5a-1000-891c-0ac2424e0000-m25504eda-0c5a-1000-891c-0ac2424e0000" columnRef="/oracle/bi/server/base/PhysicalTable/25504ed0-0c5a-1000-891c-0ac2424e0000.xml#m25504eda-0c5a-1000-891c-0ac2424e0000"/>
</RefColumns>
</PhysicalForeignKey>
<PhysicalForeignKey mdsid="m2550c401-0c5a-1000-891c-0ac2424e0000" name="FK_PGI_F_MT_TRANS_PGI_D_CLIENT" counterPartKeyRef="/oracle/bi/server/base/PhysicalTable/3428bf73-0c2c-1000-ae5d-0ac2424e0000.xml#m3428e67f-0c2c-1000-ae5d-0ac2424e0000">
<RefColumns>
<RefColumn refId="m2550c401-0c5a-1000-891c-0ac2424e0000-m25504ed6-0c5a-1000-891c-0ac2424e0000" columnRef="/oracle/bi/server/base/PhysicalTable/25504ed0-0c5a-1000-891c-0ac2424e0000.xml#m25504ed6-0c5a-1000-891c-0ac2424e0000"/>
</RefColumns>
</PhysicalForeignKey>
<PhysicalForeignKey mdsid="m2550c406-0c5a-1000-891c-0ac2424e0000" name="FK_PGI_F_MT_TRANS_PGI_D_CURRENCY" counterPartKeyRef="/oracle/bi/server/base/PhysicalTable/3428e692-0c2c-1000-ae5d-0ac2424e0000.xml#m3428e6a0-0c2c-1000-ae5d-0ac2424e0000">
<RefColumns>
<RefColumn refId="m2550c406-0c5a-1000-891c-0ac2424e0000-m25504edd-0c5a-1000-891c-0ac2424e0000" columnRef="/oracle/bi/server/base/PhysicalTable/25504ed0-0c5a-1000-891c-0ac2424e0000.xml#m25504edd-0c5a-1000-891c-0ac2424e0000"/>
</RefColumns>
</PhysicalForeignKey>
<PhysicalForeignKey mdsid="m2550c407-0c5a-1000-891c-0ac2424e0000" name="FK_PGI_F_MT_TRANS_PGI_D_CUSTOMER" counterPartKeyRef="/oracle/bi/server/base/PhysicalTable/34290d80-0c2c-1000-ae5d-0ac2424e0000.xml#m34290df1-0c2c-1000-ae5d-0ac2424e0000">
<RefColumns>
<RefColumn refId="m2550c407-0c5a-1000-891c-0ac2424e0000-m25504ed4-0c5a-1000-891c-0ac2424e0000" columnRef="/oracle/bi/server/base/PhysicalTable/25504ed0-0c5a-1000-891c-0ac2424e0000.xml#m25504ed4-0c5a-1000-891c-0ac2424e0000"/>
</RefColumns>
</PhysicalForeignKey>
<PhysicalForeignKey mdsid="m2550c408-0c5a-1000-891c-0ac2424e0000" name="FK_PGI_F_MT_TRANS_PGI_D_GL_CO" counterPartKeyRef="/oracle/bi/server/base/PhysicalTable/342934b6-0c2c-1000-ae5d-0ac2424e0000.xml#m34295bae-0c2c-1000-ae5d-0ac2424e0000">
<RefColumns>
<RefColumn refId="m2550c408-0c5a-1000-891c-0ac2424e0000-m25504ed8-0c5a-1000-891c-0ac2424e0000" columnRef="/oracle/bi/server/base/PhysicalTable/25504ed0-0c5a-1000-891c-0ac2424e0000.xml#m25504ed8-0c5a-1000-891c-0ac2424e0000"/>
</RefColumns>
</PhysicalForeignKey>
<PhysicalForeignKey mdsid="m2550c409-0c5a-1000-891c-0ac2424e0000" name="FK_PGI_F_MT_TRANS_PGI_D_GL_PRODUCT" counterPartKeyRef="/oracle/bi/server/base/PhysicalTable/34295baf-0c2c-1000-ae5d-0ac2424e0000.xml#m34295bca-0c2c-1000-ae5d-0ac2424e0000">
<RefColumns>
<RefColumn refId="m2550c409-0c5a-1000-891c-0ac2424e0000-m25504ed9-0c5a-1000-891c-0ac2424e0000" columnRef="/oracle/bi/server/base/PhysicalTable/25504ed0-0c5a-1000-891c-0ac2424e0000.xml#m25504ed9-0c5a-1000-891c-0ac2424e0000"/>
</RefColumns>
</PhysicalForeignKey>
<PhysicalForeignKey mdsid="m2550c40a-0c5a-1000-891c-0ac2424e0000" name="FK_PGI_F_MT_TRANS_PGI_D_PRDCT" counterPartKeyRef="/oracle/bi/server/base/PhysicalTable/34295bcb-0c2c-1000-ae5d-0ac2424e0000.xml#m342982b8-0c2c-1000-ae5d-0ac2424e0000">
<RefColumns>
<RefColumn refId="m2550c40a-0c5a-1000-891c-0ac2424e0000-m25504edc-0c5a-1000-891c-0ac2424e0000" columnRef="/oracle/bi/server/base/PhysicalTable/25504ed0-0c5a-1000-891c-0ac2424e0000.xml#m25504edc-0c5a-1000-891c-0ac2424e0000"/>
</RefColumns>
</PhysicalForeignKey>
<PhysicalForeignKey mdsid="m2550eb10-0c5a-1000-891c-0ac2424e0000" name="FK_PGI_F_MT_TRANS_PGI_D_RESELLER" counterPartKeyRef="/oracle/bi/server/base/PhysicalTable/a733ea20-0c59-1000-891c-0ac2424e0000.xml#ma733ea31-0c59-1000-891c-0ac2424e0000">
<RefColumns>
<RefColumn refId="m2550eb10-0c5a-1000-891c-0ac2424e0000-m25504f0b-0c5a-1000-891c-0ac2424e0000" columnRef="/oracle/bi/server/base/PhysicalTable/25504ed0-0c5a-1000-891c-0ac2424e0000.xml#m25504f0b-0c5a-1000-891c-0ac2424e0000"/>
</RefColumns>
</PhysicalForeignKey>
<PhysicalForeignKey mdsid="m2550eb11-0c5a-1000-891c-0ac2424e0000" name="FK_PGI_F_MT_TRANS_PGI_D_SCENARIO" counterPartKeyRef="/oracle/bi/server/base/PhysicalTable/342982b9-0c2c-1000-ae5d-0ac2424e0000.xml#m342982c7-0c2c-1000-ae5d-0ac2424e0000">
<RefColumns>
<RefColumn refId="m2550eb11-0c5a-1000-891c-0ac2424e0000-m25504ed3-0c5a-1000-891c-0ac2424e0000" columnRef="/oracle/bi/server/base/PhysicalTable/25504ed0-0c5a-1000-891c-0ac2424e0000.xml#m25504ed3-0c5a-1000-891c-0ac2424e0000"/>
</RefColumns>
</PhysicalForeignKey>
<PhysicalForeignKey mdsid="m2550eb12-0c5a-1000-891c-0ac2424e0000" name="FK_PGI_F_MT_TRANS_PGI_D_SVC_TYPE" counterPartKeyRef="/oracle/bi/server/base/PhysicalTable/342982c8-0c2c-1000-ae5d-0ac2424e0000.xml#m342982d6-0c2c-1000-ae5d-0ac2424e0000">
<RefColumns>
<RefColumn refId="m2550eb12-0c5a-1000-891c-0ac2424e0000-m25504edb-0c5a-1000-891c-0ac2424e0000" columnRef="/oracle/bi/server/base/PhysicalTable/25504ed0-0c5a-1000-891c-0ac2424e0000.xml#m25504edb-0c5a-1000-891c-0ac2424e0000"/>
</RefColumns>
</PhysicalForeignKey>
<PhysicalForeignKey mdsid="m2550eb13-0c5a-1000-891c-0ac2424e0000" name="FK_PGI_F_MT_TRANS_PGI_D_SYSTEM" counterPartKeyRef="/oracle/bi/server/base/PhysicalTable/3429a9c0-0c2c-1000-ae5d-0ac2424e0000.xml#m3429a9cc-0c2c-1000-ae5d-0ac2424e0000">
<RefColumns>
<RefColumn refId="m2550eb13-0c5a-1000-891c-0ac2424e0000-m25504ed2-0c5a-1000-891c-0ac2424e0000" columnRef="/oracle/bi/server/base/PhysicalTable/25504ed0-0c5a-1000-891c-0ac2424e0000.xml#m25504ed2-0c5a-1000-891c-0ac2424e0000"/>
</RefColumns>
</PhysicalForeignKey>
<PhysicalForeignKey mdsid="m2550eb14-0c5a-1000-891c-0ac2424e0000" name="FK_PGI_F_MT_TRANS_PGI_D_TERRITORY" counterPartKeyRef="/oracle/bi/server/base/PhysicalTable/3429a9cd-0c2c-1000-ae5d-0ac2424e0000.xml#m3429a9ea-0c2c-1000-ae5d-0ac2424e0000">
<RefColumns>
<RefColumn refId="m2550eb14-0c5a-1000-891c-0ac2424e0000-m25504ed5-0c5a-1000-891c-0ac2424e0000" columnRef="/oracle/bi/server/base/PhysicalTable/25504ed0-0c5a-1000-891c-0ac2424e0000.xml#m25504ed5-0c5a-1000-891c-0ac2424e0000"/>
</RefColumns>
</PhysicalForeignKey>
<PhysicalForeignKey mdsid="m2550eb15-0c5a-1000-891c-0ac2424e0000" name="FK_PGI_F_MT_TRANS_PGI_D_TRANSPORT_TYPE" counterPartKeyRef="/oracle/bi/server/base/PhysicalTable/3429a9eb-0c2c-1000-ae5d-0ac2424e0000.xml#m3429a9f9-0c2c-1000-ae5d-0ac2424e0000">
<RefColumns>
<RefColumn refId="m2550eb15-0c5a-1000-891c-0ac2424e0000-m25504ee0-0c5a-1000-891c-0ac2424e0000" columnRef="/oracle/bi/server/base/PhysicalTable/25504ed0-0c5a-1000-891c-0ac2424e0000.xml#m25504ee0-0c5a-1000-891c-0ac2424e0000"/>
</RefColumns>
</PhysicalForeignKey>
<PhysicalForeignKey mdsid="m2550eb16-0c5a-1000-891c-0ac2424e0000" name="FK_PGI_F_MT_TRANS_PGI_D_UOM" counterPartKeyRef="/oracle/bi/server/base/PhysicalTable/3429a9fa-0c2c-1000-ae5d-0ac2424e0000.xml#m3429aa08-0c2c-1000-ae5d-0ac2424e0000">
<RefColumns>
<RefColumn refId="m2550eb16-0c5a-1000-891c-0ac2424e0000-m25504ee2-0c5a-1000-891c-0ac2424e0000" columnRef="/oracle/bi/server/base/PhysicalTable/25504ed0-0c5a-1000-891c-0ac2424e0000.xml#m25504ee2-0c5a-1000-891c-0ac2424e0000"/>
</RefColumns>
</PhysicalForeignKey>
<PhysicalForeignKey mdsid="ma24e65b1-0c6f-1000-886d-0ac2424e0000" name="FK_PGI_F_MT_TRANS_PGI_D_BRIDGE_LOC" counterPartKeyRef="/oracle/bi/server/base/PhysicalTable/3428e680-0c2c-1000-ae5d-0ac2424e0000.xml#m3428e691-0c2c-1000-ae5d-0ac2424e0000">
<RefColumns>
<RefColumn refId="ma24e65b1-0c6f-1000-886d-0ac2424e0000-m25504ee1-0c5a-1000-891c-0ac2424e0000" columnRef="/oracle/bi/server/base/PhysicalTable/25504ed0-0c5a-1000-891c-0ac2424e0000.xml#m25504ee1-0c5a-1000-891c-0ac2424e0000"/>
</RefColumns>
</PhysicalForeignKey>
<PhysicalForeignKey mdsid="m8d604a60-0c8d-1000-8029-0ac2424e0000" name="FK_PGI_F_MT_TRANS_PGI_D_DNIS" counterPartKeyRef="/oracle/bi/server/base/PhysicalTable/8d602351-0c8d-1000-8029-0ac2424e0000.xml#m8d60236c-0c8d-1000-8029-0ac2424e0000">
<RefColumns>
<RefColumn refId="m8d604a60-0c8d-1000-8029-0ac2424e0000-ma3621ea2-0c7a-1000-8029-0ac2424e0000" columnRef="/oracle/bi/server/base/PhysicalTable/25504ed0-0c5a-1000-891c-0ac2424e0000.xml#ma3621ea2-0c7a-1000-8029-0ac2424e0000"/>
</RefColumns>
</PhysicalForeignKey>
<PhysicalForeignKey mdsid="m8d6ea256-0c8d-1000-8029-0ac2424e0000" name="FK_PGI_F_MT_TRANS_PGI_D_BRIDGE_NAME" counterPartKeyRef="/oracle/bi/server/base/PhysicalTable/8d6ea240-0c8d-1000-8029-0ac2424e0000.xml#m8d6ea255-0c8d-1000-8029-0ac2424e0000">
<RefColumns>
<RefColumn refId="m8d6ea256-0c8d-1000-8029-0ac2424e0000-ma361f790-0c7a-1000-8029-0ac2424e0000" columnRef="/oracle/bi/server/base/PhysicalTable/25504ed0-0c5a-1000-891c-0ac2424e0000.xml#ma361f790-0c7a-1000-8029-0ac2424e0000"/>
</RefColumns>
</PhysicalForeignKey>
</PhysicalTable>