<?xml version="1.0" encoding="UTF-8" ?>
<PhysicalTable mdsid="m26416bf0-0c62-1000-a784-0ac2424e0000" name="End Time of Day Role" xmlns:xsi="http://www.w3.org/2001/XMLSchema-instance" xmlns="http://www.oracle.com/obis/repository" type="none" pollFreq="0" rowCount="1440.0" lastUpdated="2013-02-20 16:36:24" maxConn="0" containerRef="/oracle/bi/server/base/Schema/bd983571-0c61-1000-8029-0ac2424e0000.xml#mbd983571-0c61-1000-8029-0ac2424e0000" sourceTableRef="/oracle/bi/server/base/PhysicalTable/bf4bd8e0-0c61-1000-8029-0ac2424e0000.xml#mbf4bd8e0-0c61-1000-8029-0ac2424e0000">
<PhysicalColumn mdsid="m26416bf1-0c62-1000-a784-0ac2424e0000" name="TIME_SLICE" dataType="TIMESTAMP" scale="3" precision="23" nullable="true" specialType="none" sourceColumnRef="/oracle/bi/server/base/PhysicalTable/bf4bd8e0-0c61-1000-8029-0ac2424e0000.xml#mbf4bd8e1-0c61-1000-8029-0ac2424e0000">
</PhysicalColumn>
<PhysicalColumn mdsid="m26416bf2-0c62-1000-a784-0ac2424e0000" name="HOURS" dataType="INT" precision="10" nullable="true" specialType="none" sourceColumnRef="/oracle/bi/server/base/PhysicalTable/bf4bd8e0-0c61-1000-8029-0ac2424e0000.xml#mbf4bd8e2-0c61-1000-8029-0ac2424e0000">
</PhysicalColumn>
<PhysicalColumn mdsid="m26416bf3-0c62-1000-a784-0ac2424e0000" name="MINUTES" dataType="INT" precision="10" nullable="true" specialType="none" sourceColumnRef="/oracle/bi/server/base/PhysicalTable/bf4bd8e0-0c61-1000-8029-0ac2424e0000.xml#mbf4bd8e3-0c61-1000-8029-0ac2424e0000">
</PhysicalColumn>
<PhysicalColumn mdsid="m26416bf4-0c62-1000-a784-0ac2424e0000" name="HAGO" dataType="TIMESTAMP" scale="3" precision="23" nullable="true" specialType="none" sourceColumnRef="/oracle/bi/server/base/PhysicalTable/bf4bd8e0-0c61-1000-8029-0ac2424e0000.xml#mbf4bd8e4-0c61-1000-8029-0ac2424e0000">
</PhysicalColumn>
<PhysicalColumn mdsid="m26416bf5-0c62-1000-a784-0ac2424e0000" name="MIN_SEQ" dataType="SMALLINT" precision="5" nullable="true" specialType="none" sourceColumnRef="/oracle/bi/server/base/PhysicalTable/bf4bd8e0-0c61-1000-8029-0ac2424e0000.xml#mbf4bd8e5-0c61-1000-8029-0ac2424e0000">
</PhysicalColumn>
<PhysicalColumn mdsid="m26416bf6-0c62-1000-a784-0ac2424e0000" name="HOUR_MIN" dataType="VARCHAR" precision="5" nullable="true" specialType="none" sourceColumnRef="/oracle/bi/server/base/PhysicalTable/bf4bd8e0-0c61-1000-8029-0ac2424e0000.xml#mbf4bd8e6-0c61-1000-8029-0ac2424e0000">
</PhysicalColumn>
<PhysicalKey mdsid="m264f0080-0c62-1000-a784-0ac2424e0000" name="End Time of Day Role_Key">
<RefColumns>
<RefColumn refId="m264f0080-0c62-1000-a784-0ac2424e0000-m26416bf1-0c62-1000-a784-0ac2424e0000" columnRef="/oracle/bi/server/base/PhysicalTable/26416bf0-0c62-1000-a784-0ac2424e0000.xml#m26416bf1-0c62-1000-a784-0ac2424e0000"/>
</RefColumns>
</PhysicalKey>
</PhysicalTable>