<?xml version="1.0" encoding="UTF-8" ?>
<PhysicalTable mdsid="m3428bf64-0c2c-1000-ae5d-0ac2424e0000" name="PGI_D_CALL_TYPE" xmlns:xsi="http://www.w3.org/2001/XMLSchema-instance" xmlns="http://www.oracle.com/obis/repository" type="none" rowCount="6.0" lastUpdated="2013-06-24 13:52:17" maxConn="0" containerRef="/oracle/bi/server/base/Schema/3428bf63-0c2c-1000-ae5d-0ac2424e0000.xml#m3428bf63-0c2c-1000-ae5d-0ac2424e0000">
<PhysicalColumn mdsid="m3428bf65-0c2c-1000-ae5d-0ac2424e0000" name="call_type_key" dataType="INT" precision="10" rowCount="6.0" lastUpdated="2012-05-30 14:53:12" specialType="none">
</PhysicalColumn>
<PhysicalColumn mdsid="m3428bf66-0c2c-1000-ae5d-0ac2424e0000" name="call_type_id" dataType="VARCHAR" precision="8" rowCount="6.0" lastUpdated="2012-05-30 14:53:12" specialType="none">
</PhysicalColumn>
<PhysicalColumn mdsid="m3428bf67-0c2c-1000-ae5d-0ac2424e0000" name="call_type_cd" dataType="VARCHAR" precision="16" rowCount="6.0" lastUpdated="2012-05-30 14:53:12" specialType="none">
</PhysicalColumn>
<PhysicalColumn mdsid="m3428bf68-0c2c-1000-ae5d-0ac2424e0000" name="call_type_sd" dataType="VARCHAR" precision="50" nullable="true" rowCount="0.0" lastUpdated="2012-05-30 14:53:12" specialType="none">
</PhysicalColumn>
<PhysicalColumn mdsid="m3428bf69-0c2c-1000-ae5d-0ac2424e0000" name="call_type_ld" dataType="VARCHAR" precision="50" nullable="true" rowCount="0.0" lastUpdated="2012-05-30 14:53:12" specialType="none">
</PhysicalColumn>
<PhysicalColumn mdsid="m3428bf6a-0c2c-1000-ae5d-0ac2424e0000" name="call_type_gen01_cd" dataType="VARCHAR" precision="80" nullable="true" rowCount="0.0" lastUpdated="2012-05-30 14:53:12" specialType="none">
</PhysicalColumn>
<PhysicalColumn mdsid="m3428bf6b-0c2c-1000-ae5d-0ac2424e0000" name="call_type_gen01_desc" dataType="VARCHAR" precision="255" nullable="true" rowCount="0.0" lastUpdated="2012-05-30 14:53:12" specialType="none">
</PhysicalColumn>
<PhysicalColumn mdsid="m3428bf6c-0c2c-1000-ae5d-0ac2424e0000" name="call_type_gen02_cd" dataType="VARCHAR" precision="80" nullable="true" rowCount="0.0" lastUpdated="2012-05-30 14:53:13" specialType="none">
</PhysicalColumn>
<PhysicalColumn mdsid="m3428bf6d-0c2c-1000-ae5d-0ac2424e0000" name="call_type_gen02_desc" dataType="VARCHAR" precision="255" nullable="true" rowCount="0.0" lastUpdated="2012-05-30 14:53:13" specialType="none">
</PhysicalColumn>
<PhysicalColumn mdsid="m3428bf6e-0c2c-1000-ae5d-0ac2424e0000" name="create_dt" dataType="TIMESTAMP" scale="3" precision="23" rowCount="1.0" lastUpdated="2012-05-30 14:53:13" specialType="none">
</PhysicalColumn>
<PhysicalColumn mdsid="m3428bf6f-0c2c-1000-ae5d-0ac2424e0000" name="create_run_key" dataType="INT" precision="10" rowCount="1.0" lastUpdated="2012-05-30 14:53:13" specialType="none">
</PhysicalColumn>
<PhysicalColumn mdsid="m3428bf70-0c2c-1000-ae5d-0ac2424e0000" name="last_updt_dt" dataType="TIMESTAMP" scale="3" precision="23" rowCount="1.0" lastUpdated="2012-05-30 14:53:13" specialType="none">
</PhysicalColumn>
<PhysicalColumn mdsid="m3428bf71-0c2c-1000-ae5d-0ac2424e0000" name="last_updt_run_key" dataType="INT" precision="10" rowCount="1.0" lastUpdated="2012-05-30 14:53:13" specialType="none">
</PhysicalColumn>
<PhysicalKey mdsid="m3428bf72-0c2c-1000-ae5d-0ac2424e0000" name="PK_PGI_D_CALL_TYPE">
<RefColumns>
<RefColumn refId="m3428bf72-0c2c-1000-ae5d-0ac2424e0000-m3428bf65-0c2c-1000-ae5d-0ac2424e0000" columnRef="/oracle/bi/server/base/PhysicalTable/3428bf64-0c2c-1000-ae5d-0ac2424e0000.xml#m3428bf65-0c2c-1000-ae5d-0ac2424e0000"/>
</RefColumns>
</PhysicalKey>
</PhysicalTable>