<?xml version="1.0" encoding="UTF-8" ?>
<PhysicalTable mdsid="m34295baf-0c2c-1000-ae5d-0ac2424e0000" name="PGI_D_GL_PRODUCT" xmlns:xsi="http://www.w3.org/2001/XMLSchema-instance" xmlns="http://www.oracle.com/obis/repository" type="none" rowCount="49.0" lastUpdated="2013-06-24 13:52:20" maxConn="0" containerRef="/oracle/bi/server/base/Schema/3428bf63-0c2c-1000-ae5d-0ac2424e0000.xml#m3428bf63-0c2c-1000-ae5d-0ac2424e0000">
<PhysicalColumn mdsid="m34295bb0-0c2c-1000-ae5d-0ac2424e0000" name="gl_prdct_key" dataType="INT" precision="10" rowCount="32.0" lastUpdated="2012-05-30 14:53:22" specialType="none">
</PhysicalColumn>
<PhysicalColumn mdsid="m34295bb1-0c2c-1000-ae5d-0ac2424e0000" name="gl_prdct_id" dataType="VARCHAR" precision="16" rowCount="32.0" lastUpdated="2012-05-30 14:53:23" specialType="none">
</PhysicalColumn>
<PhysicalColumn mdsid="m34295bb2-0c2c-1000-ae5d-0ac2424e0000" name="gl_prdct_cd" dataType="VARCHAR" precision="16" rowCount="32.0" lastUpdated="2012-05-30 14:53:23" specialType="none">
</PhysicalColumn>
<PhysicalColumn mdsid="m34295bb3-0c2c-1000-ae5d-0ac2424e0000" name="gl_prdct_sd" dataType="VARCHAR" precision="50" nullable="true" rowCount="32.0" lastUpdated="2012-05-30 14:53:23" specialType="none">
</PhysicalColumn>
<PhysicalColumn mdsid="m34295bb4-0c2c-1000-ae5d-0ac2424e0000" name="gl_prdct_ld" dataType="VARCHAR" precision="80" nullable="true" rowCount="31.0" lastUpdated="2012-05-30 14:53:23" specialType="none">
</PhysicalColumn>
<PhysicalColumn mdsid="m34295bb5-0c2c-1000-ae5d-0ac2424e0000" name="gl_prdct_gen01_cd" dataType="VARCHAR" precision="80" nullable="true" rowCount="1.0" lastUpdated="2012-05-30 14:53:23" specialType="none">
</PhysicalColumn>
<PhysicalColumn mdsid="m34295bb6-0c2c-1000-ae5d-0ac2424e0000" name="gl_prdct_gen01_desc" dataType="VARCHAR" precision="255" nullable="true" rowCount="1.0" lastUpdated="2012-05-30 14:53:23" specialType="none">
</PhysicalColumn>
<PhysicalColumn mdsid="m34295bb7-0c2c-1000-ae5d-0ac2424e0000" name="gl_prdct_gen02_cd" dataType="VARCHAR" precision="80" nullable="true" rowCount="1.0" lastUpdated="2012-05-30 14:53:23" specialType="none">
</PhysicalColumn>
<PhysicalColumn mdsid="m34295bb8-0c2c-1000-ae5d-0ac2424e0000" name="gl_prdct_gen02_desc" dataType="VARCHAR" precision="255" nullable="true" rowCount="1.0" lastUpdated="2012-05-30 14:53:23" specialType="none">
</PhysicalColumn>
<PhysicalColumn mdsid="m34295bb9-0c2c-1000-ae5d-0ac2424e0000" name="gl_prdct_gen03_cd" dataType="VARCHAR" precision="80" nullable="true" rowCount="5.0" lastUpdated="2012-05-30 14:53:23" specialType="none">
</PhysicalColumn>
<PhysicalColumn mdsid="m34295bba-0c2c-1000-ae5d-0ac2424e0000" name="gl_prdct_gen03_desc" dataType="VARCHAR" precision="255" nullable="true" rowCount="5.0" lastUpdated="2012-05-30 14:53:24" specialType="none">
</PhysicalColumn>
<PhysicalColumn mdsid="m34295bbb-0c2c-1000-ae5d-0ac2424e0000" name="gl_prdct_gen04_cd" dataType="VARCHAR" precision="80" nullable="true" rowCount="10.0" lastUpdated="2012-05-30 14:53:24" specialType="none">
</PhysicalColumn>
<PhysicalColumn mdsid="m34295bbc-0c2c-1000-ae5d-0ac2424e0000" name="gl_prdct_gen04_desc" dataType="VARCHAR" precision="255" nullable="true" rowCount="10.0" lastUpdated="2012-05-30 14:53:24" specialType="none">
</PhysicalColumn>
<PhysicalColumn mdsid="m34295bbd-0c2c-1000-ae5d-0ac2424e0000" name="gl_prdct_gen05_cd" dataType="VARCHAR" precision="80" nullable="true" rowCount="8.0" lastUpdated="2012-05-30 14:53:24" specialType="none">
</PhysicalColumn>
<PhysicalColumn mdsid="m34295bbe-0c2c-1000-ae5d-0ac2424e0000" name="gl_prdct_gen05_desc" dataType="VARCHAR" precision="255" nullable="true" rowCount="8.0" lastUpdated="2012-05-30 14:53:24" specialType="none">
</PhysicalColumn>
<PhysicalColumn mdsid="m34295bbf-0c2c-1000-ae5d-0ac2424e0000" name="gl_prdct_gen06_cd" dataType="VARCHAR" precision="80" nullable="true" rowCount="0.0" lastUpdated="2012-05-30 14:53:24" specialType="none">
</PhysicalColumn>
<PhysicalColumn mdsid="m34295bc0-0c2c-1000-ae5d-0ac2424e0000" name="gl_prdct_gen06_desc" dataType="VARCHAR" precision="255" nullable="true" rowCount="0.0" lastUpdated="2012-05-30 14:53:24" specialType="none">
</PhysicalColumn>
<PhysicalColumn mdsid="m34295bc1-0c2c-1000-ae5d-0ac2424e0000" name="gl_prdct_gen07_cd" dataType="VARCHAR" precision="80" nullable="true" rowCount="0.0" lastUpdated="2012-05-30 14:53:24" specialType="none">
</PhysicalColumn>
<PhysicalColumn mdsid="m34295bc2-0c2c-1000-ae5d-0ac2424e0000" name="gl_prdct_gen07_desc" dataType="VARCHAR" precision="255" nullable="true" rowCount="0.0" lastUpdated="2012-05-30 14:53:25" specialType="none">
</PhysicalColumn>
<PhysicalColumn mdsid="m34295bc3-0c2c-1000-ae5d-0ac2424e0000" name="create_dt" dataType="TIMESTAMP" scale="3" precision="23" rowCount="4.0" lastUpdated="2012-05-30 14:53:25" specialType="none">
</PhysicalColumn>
<PhysicalColumn mdsid="m34295bc4-0c2c-1000-ae5d-0ac2424e0000" name="create_run_key" dataType="INT" precision="10" rowCount="4.0" lastUpdated="2012-05-30 14:53:25" specialType="none">
</PhysicalColumn>
<PhysicalColumn mdsid="m34295bc5-0c2c-1000-ae5d-0ac2424e0000" name="last_upd_dt" dataType="TIMESTAMP" scale="3" precision="23" rowCount="4.0" lastUpdated="2012-05-30 14:53:25" specialType="none">
</PhysicalColumn>
<PhysicalColumn mdsid="m34295bc6-0c2c-1000-ae5d-0ac2424e0000" name="last_upd_run_key" dataType="INT" precision="10" rowCount="4.0" lastUpdated="2012-05-30 14:53:25" specialType="none">
</PhysicalColumn>
<PhysicalColumn mdsid="m34295bc7-0c2c-1000-ae5d-0ac2424e0000" name="eff_start_dt" dataType="TIMESTAMP" scale="3" precision="23" nullable="true" rowCount="1.0" lastUpdated="2012-05-30 14:53:25" specialType="none">
</PhysicalColumn>
<PhysicalColumn mdsid="m34295bc8-0c2c-1000-ae5d-0ac2424e0000" name="eff_end_dt" dataType="TIMESTAMP" scale="3" precision="23" nullable="true" rowCount="1.0" lastUpdated="2012-05-30 14:53:25" specialType="none">
</PhysicalColumn>
<PhysicalColumn mdsid="m34295bc9-0c2c-1000-ae5d-0ac2424e0000" name="curr_rec_fl" dataType="CHAR" precision="1" nullable="true" rowCount="1.0" lastUpdated="2012-05-30 14:53:25" specialType="none">
</PhysicalColumn>
<PhysicalColumn mdsid="ma2548030-0c6f-1000-886d-0ac2424e0000" name="gl_prdct_std_gen01_cd" dataType="VARCHAR" precision="80" nullable="true" specialType="none">
</PhysicalColumn>
<PhysicalColumn mdsid="ma254a740-0c6f-1000-886d-0ac2424e0000" name="gl_prdct_std_gen01_desc" dataType="VARCHAR" precision="255" nullable="true" specialType="none">
</PhysicalColumn>
<PhysicalColumn mdsid="ma254a742-0c6f-1000-886d-0ac2424e0000" name="gl_prdct_std_gen02_cd" dataType="VARCHAR" precision="80" nullable="true" specialType="none">
</PhysicalColumn>
<PhysicalColumn mdsid="ma254a744-0c6f-1000-886d-0ac2424e0000" name="gl_prdct_std_gen02_desc" dataType="VARCHAR" precision="255" nullable="true" specialType="none">
</PhysicalColumn>
<PhysicalColumn mdsid="ma254a746-0c6f-1000-886d-0ac2424e0000" name="gl_prdct_std_gen03_cd" dataType="VARCHAR" precision="80" nullable="true" specialType="none">
</PhysicalColumn>
<PhysicalColumn mdsid="ma254a748-0c6f-1000-886d-0ac2424e0000" name="gl_prdct_std_gen03_desc" dataType="VARCHAR" precision="255" nullable="true" specialType="none">
</PhysicalColumn>
<PhysicalKey mdsid="m34295bca-0c2c-1000-ae5d-0ac2424e0000" name="PK_PGI_D_GL_PRODUCT">
<RefColumns>
<RefColumn refId="m34295bca-0c2c-1000-ae5d-0ac2424e0000-m34295bb0-0c2c-1000-ae5d-0ac2424e0000" columnRef="/oracle/bi/server/base/PhysicalTable/34295baf-0c2c-1000-ae5d-0ac2424e0000.xml#m34295bb0-0c2c-1000-ae5d-0ac2424e0000"/>
</RefColumns>
</PhysicalKey>
</PhysicalTable>