<?xml version="1.0" encoding="UTF-8" ?>
<PhysicalTable mdsid="m34295bcb-0c2c-1000-ae5d-0ac2424e0000" name="PGI_D_PRODUCT" xmlns:xsi="http://www.w3.org/2001/XMLSchema-instance" xmlns="http://www.oracle.com/obis/repository" type="none" rowCount="2326.0" lastUpdated="2013-06-24 13:52:21" maxConn="0" containerRef="/oracle/bi/server/base/Schema/3428bf63-0c2c-1000-ae5d-0ac2424e0000.xml#m3428bf63-0c2c-1000-ae5d-0ac2424e0000">
<DBMapItem name="DefaultMulDB">
<Value><![CDATA[PGI_D_PRODUCT]]></Value>
</DBMapItem>
<PhysicalColumn mdsid="m34295bcc-0c2c-1000-ae5d-0ac2424e0000" name="prdct_key" dataType="INT" precision="10" rowCount="1921.0" lastUpdated="2012-05-30 14:53:25" specialType="none">
</PhysicalColumn>
<PhysicalColumn mdsid="m34295bcd-0c2c-1000-ae5d-0ac2424e0000" name="sys_cd" dataType="VARCHAR" precision="8" rowCount="1.0" lastUpdated="2012-05-30 14:53:26" specialType="none">
</PhysicalColumn>
<PhysicalColumn mdsid="m34295bce-0c2c-1000-ae5d-0ac2424e0000" name="prdct_id" dataType="VARCHAR" precision="40" rowCount="1921.0" lastUpdated="2012-05-30 14:53:26" specialType="none">
</PhysicalColumn>
<PhysicalColumn mdsid="m34295bcf-0c2c-1000-ae5d-0ac2424e0000" name="prdct_cd" dataType="VARCHAR" precision="49" nullable="true" rowCount="1921.0" lastUpdated="2012-05-30 14:53:26" specialType="none">
</PhysicalColumn>
<PhysicalColumn mdsid="m34295bd0-0c2c-1000-ae5d-0ac2424e0000" name="prdct_sd" dataType="VARCHAR" precision="80" nullable="true" rowCount="653.0" lastUpdated="2012-05-30 14:53:26" specialType="none">
</PhysicalColumn>
<PhysicalColumn mdsid="m34295bd1-0c2c-1000-ae5d-0ac2424e0000" name="prdct_ld" dataType="VARCHAR" precision="255" nullable="true" rowCount="653.0" lastUpdated="2012-05-30 14:53:26" specialType="none">
</PhysicalColumn>
<PhysicalColumn mdsid="m34295bd2-0c2c-1000-ae5d-0ac2424e0000" name="prdct_type" dataType="VARCHAR" precision="15" nullable="true" rowCount="7.0" lastUpdated="2012-05-30 14:53:26" specialType="none">
</PhysicalColumn>
<PhysicalColumn mdsid="m34295bd3-0c2c-1000-ae5d-0ac2424e0000" name="prdct_cat" dataType="VARCHAR" precision="50" nullable="true" rowCount="38.0" lastUpdated="2012-05-30 14:53:26" specialType="none">
</PhysicalColumn>
<PhysicalColumn mdsid="m34295bd4-0c2c-1000-ae5d-0ac2424e0000" name="prdct_gen01_cd" dataType="VARCHAR" precision="80" nullable="true" rowCount="3.0" lastUpdated="2012-05-30 14:53:26" specialType="none">
</PhysicalColumn>
<PhysicalColumn mdsid="m34295bd5-0c2c-1000-ae5d-0ac2424e0000" name="prdct_gen01_desc" dataType="VARCHAR" precision="255" nullable="true" rowCount="0.0" lastUpdated="2012-05-30 14:53:26" specialType="none">
</PhysicalColumn>
<PhysicalColumn mdsid="m34295bd6-0c2c-1000-ae5d-0ac2424e0000" name="prdct_gen02_cd" dataType="VARCHAR" precision="80" nullable="true" rowCount="7.0" lastUpdated="2012-05-30 14:53:27" specialType="none">
</PhysicalColumn>
<PhysicalColumn mdsid="m34295bd7-0c2c-1000-ae5d-0ac2424e0000" name="prdct_gen02_desc" dataType="VARCHAR" precision="255" nullable="true" rowCount="0.0" lastUpdated="2012-05-30 14:53:27" specialType="none">
</PhysicalColumn>
<PhysicalColumn mdsid="m34295bd8-0c2c-1000-ae5d-0ac2424e0000" name="prdct_gen03_cd" dataType="VARCHAR" precision="80" nullable="true" rowCount="37.0" lastUpdated="2012-05-30 14:53:27" specialType="none">
</PhysicalColumn>
<PhysicalColumn mdsid="m34295bd9-0c2c-1000-ae5d-0ac2424e0000" name="prdct_gen03_desc" dataType="VARCHAR" precision="255" nullable="true" rowCount="0.0" lastUpdated="2012-05-30 14:53:27" specialType="none">
</PhysicalColumn>
<PhysicalColumn mdsid="m34295bda-0c2c-1000-ae5d-0ac2424e0000" name="prdct_gen04_cd" dataType="VARCHAR" precision="80" nullable="true" rowCount="0.0" lastUpdated="2012-05-30 14:53:27" specialType="none">
</PhysicalColumn>
<PhysicalColumn mdsid="m34295bdb-0c2c-1000-ae5d-0ac2424e0000" name="prdct_gen04_desc" dataType="VARCHAR" precision="255" nullable="true" rowCount="0.0" lastUpdated="2012-05-30 14:53:27" specialType="none">
</PhysicalColumn>
<PhysicalColumn mdsid="m34295bdc-0c2c-1000-ae5d-0ac2424e0000" name="prdct_std_gen01_cd" dataType="VARCHAR" precision="80" nullable="true" rowCount="1.0" lastUpdated="2012-05-30 14:53:27" specialType="none">
</PhysicalColumn>
<PhysicalColumn mdsid="m34295bdd-0c2c-1000-ae5d-0ac2424e0000" name="prdct_std_gen01_desc" dataType="VARCHAR" precision="255" nullable="true" rowCount="0.0" lastUpdated="2012-05-30 14:53:27" specialType="none">
</PhysicalColumn>
<PhysicalColumn mdsid="m34295bde-0c2c-1000-ae5d-0ac2424e0000" name="prdct_std_gen02_cd" dataType="VARCHAR" precision="80" nullable="true" rowCount="0.0" lastUpdated="2012-05-30 14:53:27" specialType="none">
</PhysicalColumn>
<PhysicalColumn mdsid="m34295bdf-0c2c-1000-ae5d-0ac2424e0000" name="prdct_std_gen02_desc" dataType="VARCHAR" precision="255" nullable="true" rowCount="0.0" lastUpdated="2012-05-30 14:53:28" specialType="none">
</PhysicalColumn>
<PhysicalColumn mdsid="m34295be0-0c2c-1000-ae5d-0ac2424e0000" name="prdct_std_gen03_cd" dataType="VARCHAR" precision="80" nullable="true" rowCount="0.0" lastUpdated="2012-05-30 14:53:28" specialType="none">
</PhysicalColumn>
<PhysicalColumn mdsid="m34295be1-0c2c-1000-ae5d-0ac2424e0000" name="prdct_std_gen03_desc" dataType="VARCHAR" precision="255" nullable="true" rowCount="0.0" lastUpdated="2012-05-30 14:53:28" specialType="none">
</PhysicalColumn>
<PhysicalColumn mdsid="m34295be2-0c2c-1000-ae5d-0ac2424e0000" name="prdct_std_gen04_cd" dataType="VARCHAR" precision="80" nullable="true" rowCount="0.0" lastUpdated="2012-05-30 14:53:28" specialType="none">
</PhysicalColumn>
<PhysicalColumn mdsid="m34295be3-0c2c-1000-ae5d-0ac2424e0000" name="prdct_std_gen04_desc" dataType="VARCHAR" precision="255" nullable="true" rowCount="0.0" lastUpdated="2012-05-30 14:53:28" specialType="none">
</PhysicalColumn>
<PhysicalColumn mdsid="m34295be4-0c2c-1000-ae5d-0ac2424e0000" name="prdct_alt_std_gen01_cd" dataType="VARCHAR" precision="80" nullable="true" rowCount="1.0" lastUpdated="2012-05-30 14:53:28" specialType="none">
</PhysicalColumn>
<PhysicalColumn mdsid="m34295be5-0c2c-1000-ae5d-0ac2424e0000" name="prdct_alt_std_gen01_desc" dataType="VARCHAR" precision="255" nullable="true" rowCount="0.0" lastUpdated="2012-05-30 14:53:28" specialType="none">
</PhysicalColumn>
<PhysicalColumn mdsid="m34295be6-0c2c-1000-ae5d-0ac2424e0000" name="prdct_alt_std_gen02_cd" dataType="VARCHAR" precision="80" nullable="true" rowCount="0.0" lastUpdated="2012-05-30 14:53:28" specialType="none">
</PhysicalColumn>
<PhysicalColumn mdsid="m34295be7-0c2c-1000-ae5d-0ac2424e0000" name="prdct_alt_std_gen02_desc" dataType="VARCHAR" precision="255" nullable="true" rowCount="0.0" lastUpdated="2012-05-30 14:53:28" specialType="none">
</PhysicalColumn>
<PhysicalColumn mdsid="m34295be8-0c2c-1000-ae5d-0ac2424e0000" name="prdct_alt_std_gen03_cd" dataType="VARCHAR" precision="80" nullable="true" rowCount="0.0" lastUpdated="2012-05-30 14:53:28" specialType="none">
</PhysicalColumn>
<PhysicalColumn mdsid="m34295be9-0c2c-1000-ae5d-0ac2424e0000" name="prdct_alt_std_gen03_desc" dataType="VARCHAR" precision="255" nullable="true" rowCount="0.0" lastUpdated="2012-05-30 14:53:29" specialType="none">
</PhysicalColumn>
<PhysicalColumn mdsid="m34295bea-0c2c-1000-ae5d-0ac2424e0000" name="prdct_alt_std_gen04_cd" dataType="VARCHAR" precision="80" nullable="true" rowCount="0.0" lastUpdated="2012-05-30 14:53:29" specialType="none">
</PhysicalColumn>
<PhysicalColumn mdsid="m34295beb-0c2c-1000-ae5d-0ac2424e0000" name="prdct_alt_std_gen04_desc" dataType="VARCHAR" precision="255" nullable="true" rowCount="0.0" lastUpdated="2012-05-30 14:53:29" specialType="none">
</PhysicalColumn>
<PhysicalColumn mdsid="m34295bec-0c2c-1000-ae5d-0ac2424e0000" name="prdct_src" dataType="VARCHAR" precision="20" nullable="true" rowCount="0.0" lastUpdated="2012-05-30 14:53:29" specialType="none">
</PhysicalColumn>
<PhysicalColumn mdsid="m34295bed-0c2c-1000-ae5d-0ac2424e0000" name="eff_start_dt" dataType="TIMESTAMP" scale="3" precision="23" nullable="true" rowCount="1.0" lastUpdated="2012-05-30 14:53:29" specialType="none">
</PhysicalColumn>
<PhysicalColumn mdsid="m34295bee-0c2c-1000-ae5d-0ac2424e0000" name="eff_end_dt" dataType="TIMESTAMP" scale="3" precision="23" nullable="true" rowCount="1.0" lastUpdated="2012-05-30 14:53:29" specialType="none">
</PhysicalColumn>
<PhysicalColumn mdsid="m34295bef-0c2c-1000-ae5d-0ac2424e0000" name="curr_rec_fl" dataType="CHAR" precision="1" rowCount="1.0" lastUpdated="2012-05-30 14:53:29" specialType="none">
</PhysicalColumn>
<PhysicalColumn mdsid="m34295bf0-0c2c-1000-ae5d-0ac2424e0000" name="create_dt" dataType="TIMESTAMP" scale="3" precision="23" rowCount="126.0" lastUpdated="2012-05-30 14:53:29" specialType="none">
</PhysicalColumn>
<PhysicalColumn mdsid="m34295bf1-0c2c-1000-ae5d-0ac2424e0000" name="create_run_key" dataType="INT" precision="10" rowCount="10.0" lastUpdated="2012-05-30 14:53:29" specialType="none">
</PhysicalColumn>
<PhysicalColumn mdsid="m342982b0-0c2c-1000-ae5d-0ac2424e0000" name="last_upd_dt" dataType="TIMESTAMP" scale="3" precision="23" rowCount="126.0" lastUpdated="2012-05-30 14:53:29" specialType="none">
</PhysicalColumn>
<PhysicalColumn mdsid="m342982b1-0c2c-1000-ae5d-0ac2424e0000" name="last_upd_run_key" dataType="INT" precision="10" rowCount="10.0" lastUpdated="2012-05-30 14:53:30" specialType="none">
</PhysicalColumn>
<PhysicalColumn mdsid="m342982b2-0c2c-1000-ae5d-0ac2424e0000" name="prdct_cat_gen01_cd" dataType="VARCHAR" precision="80" nullable="true" rowCount="3.0" lastUpdated="2012-05-30 14:53:30" specialType="none">
</PhysicalColumn>
<PhysicalColumn mdsid="m342982b3-0c2c-1000-ae5d-0ac2424e0000" name="prdct_cat_gen01_desc" dataType="VARCHAR" precision="255" nullable="true" rowCount="0.0" lastUpdated="2012-05-30 14:53:30" specialType="none">
</PhysicalColumn>
<PhysicalColumn mdsid="m342982b4-0c2c-1000-ae5d-0ac2424e0000" name="prdct_cat_gen02_cd" dataType="VARCHAR" precision="80" nullable="true" rowCount="7.0" lastUpdated="2012-05-30 14:53:30" specialType="none">
</PhysicalColumn>
<PhysicalColumn mdsid="m342982b5-0c2c-1000-ae5d-0ac2424e0000" name="prdct_cat_gen02_desc" dataType="VARCHAR" precision="255" nullable="true" rowCount="1.0" lastUpdated="2012-05-30 14:53:30" specialType="none">
</PhysicalColumn>
<PhysicalColumn mdsid="m342982b6-0c2c-1000-ae5d-0ac2424e0000" name="prdct_cat_gen03_cd" dataType="VARCHAR" precision="80" nullable="true" rowCount="9.0" lastUpdated="2012-05-30 14:53:30" specialType="none">
</PhysicalColumn>
<PhysicalColumn mdsid="m342982b7-0c2c-1000-ae5d-0ac2424e0000" name="prdct_cat_gen03_desc" dataType="VARCHAR" precision="255" nullable="true" rowCount="0.0" lastUpdated="2012-05-30 14:53:30" specialType="none">
</PhysicalColumn>
<PhysicalColumn mdsid="me04a3250-0c3c-1000-80eb-0ac2424e0000" name="bill_cd" dataType="VARCHAR" precision="50" specialType="none">
</PhysicalColumn>
<PhysicalColumn mdsid="me0535a10-0c3c-1000-80eb-0ac2424e0000" name="bill_cd_desc" dataType="VARCHAR" precision="80" specialType="none">
</PhysicalColumn>
<PhysicalColumn mdsid="ma73d6000-0c59-1000-891c-0ac2424e0000" name="prdct_pkg_type" dataType="VARCHAR" precision="80" nullable="true" specialType="none">
</PhysicalColumn>
<PhysicalKey mdsid="m342982b8-0c2c-1000-ae5d-0ac2424e0000" name="PK_PGI_D_PRODUCT">
<RefColumns>
<RefColumn refId="m342982b8-0c2c-1000-ae5d-0ac2424e0000-m34295bcc-0c2c-1000-ae5d-0ac2424e0000" columnRef="/oracle/bi/server/base/PhysicalTable/34295bcb-0c2c-1000-ae5d-0ac2424e0000.xml#m34295bcc-0c2c-1000-ae5d-0ac2424e0000"/>
</RefColumns>
</PhysicalKey>
</PhysicalTable>