<?xml version="1.0" encoding="UTF-8" ?>
<PhysicalTable mdsid="m34345820-0c2c-1000-ae5d-0ac2424e0000" name="F01 Sales Summary" xmlns:xsi="http://www.w3.org/2001/XMLSchema-instance" xmlns="http://www.oracle.com/obis/repository" type="none" pollFreq="0" rowCount="11251181.0" lastUpdated="2013-06-24 13:52:34" maxConn="0" containerRef="/oracle/bi/server/base/Schema/3428bf63-0c2c-1000-ae5d-0ac2424e0000.xml#m3428bf63-0c2c-1000-ae5d-0ac2424e0000" sourceTableRef="/oracle/bi/server/base/PhysicalTable/3429d0d0-0c2c-1000-ae5d-0ac2424e0000.xml#m3429d0d0-0c2c-1000-ae5d-0ac2424e0000">
<DBMapItem name="DefaultMulDB">
<Value><![CDATA[PGI_F_MT_TRANS_SUM]]></Value>
</DBMapItem>
<PhysicalColumn mdsid="m34345821-0c2c-1000-ae5d-0ac2424e0000" name="sys_cd" dataType="VARCHAR" precision="8" rowCount="3.0" lastUpdated="2012-05-30 14:21:22" specialType="none" sourceColumnRef="/oracle/bi/server/base/PhysicalTable/3429d0d0-0c2c-1000-ae5d-0ac2424e0000.xml#m3429d0d1-0c2c-1000-ae5d-0ac2424e0000">
</PhysicalColumn>
<PhysicalColumn mdsid="m34345822-0c2c-1000-ae5d-0ac2424e0000" name="sys_key" dataType="INT" precision="10" rowCount="3.0" lastUpdated="2012-05-30 14:21:25" specialType="none" sourceColumnRef="/oracle/bi/server/base/PhysicalTable/3429d0d0-0c2c-1000-ae5d-0ac2424e0000.xml#m3429d0d2-0c2c-1000-ae5d-0ac2424e0000">
</PhysicalColumn>
<PhysicalColumn mdsid="m34345823-0c2c-1000-ae5d-0ac2424e0000" name="scnro_key" dataType="INT" precision="10" rowCount="1.0" lastUpdated="2012-05-30 14:21:28" specialType="none" sourceColumnRef="/oracle/bi/server/base/PhysicalTable/3429d0d0-0c2c-1000-ae5d-0ac2424e0000.xml#m3429d0d3-0c2c-1000-ae5d-0ac2424e0000">
</PhysicalColumn>
<PhysicalColumn mdsid="m34345824-0c2c-1000-ae5d-0ac2424e0000" name="cust_key" dataType="INT" precision="10" rowCount="104457.0" lastUpdated="2012-05-30 14:21:31" specialType="none" sourceColumnRef="/oracle/bi/server/base/PhysicalTable/3429d0d0-0c2c-1000-ae5d-0ac2424e0000.xml#m3429d0d4-0c2c-1000-ae5d-0ac2424e0000">
</PhysicalColumn>
<PhysicalColumn mdsid="m34345825-0c2c-1000-ae5d-0ac2424e0000" name="terr_key" dataType="INT" precision="10" rowCount="1512.0" lastUpdated="2012-05-30 14:21:34" specialType="none" sourceColumnRef="/oracle/bi/server/base/PhysicalTable/3429d0d0-0c2c-1000-ae5d-0ac2424e0000.xml#m3429d0d5-0c2c-1000-ae5d-0ac2424e0000">
</PhysicalColumn>
<PhysicalColumn mdsid="m34345826-0c2c-1000-ae5d-0ac2424e0000" name="client_key" dataType="INT" precision="10" rowCount="1249877.0" lastUpdated="2012-05-30 14:21:38" specialType="none" sourceColumnRef="/oracle/bi/server/base/PhysicalTable/3429d0d0-0c2c-1000-ae5d-0ac2424e0000.xml#m3429d0d6-0c2c-1000-ae5d-0ac2424e0000">
</PhysicalColumn>
<PhysicalColumn mdsid="m34345827-0c2c-1000-ae5d-0ac2424e0000" name="gl_dt_key" dataType="INT" precision="10" rowCount="16.0" lastUpdated="2012-05-30 14:21:41" specialType="none" sourceColumnRef="/oracle/bi/server/base/PhysicalTable/3429d0d0-0c2c-1000-ae5d-0ac2424e0000.xml#m3429d0d7-0c2c-1000-ae5d-0ac2424e0000">
</PhysicalColumn>
<PhysicalColumn mdsid="m34345828-0c2c-1000-ae5d-0ac2424e0000" name="gl_co_key" dataType="INT" precision="10" rowCount="25.0" lastUpdated="2012-05-30 14:21:44" specialType="none" sourceColumnRef="/oracle/bi/server/base/PhysicalTable/3429d0d0-0c2c-1000-ae5d-0ac2424e0000.xml#m3429d0d8-0c2c-1000-ae5d-0ac2424e0000">
</PhysicalColumn>
<PhysicalColumn mdsid="m34345829-0c2c-1000-ae5d-0ac2424e0000" name="gl_prdct_key" dataType="INT" precision="10" rowCount="32.0" lastUpdated="2012-05-30 14:21:47" specialType="none" sourceColumnRef="/oracle/bi/server/base/PhysicalTable/3429d0d0-0c2c-1000-ae5d-0ac2424e0000.xml#m3429d0d9-0c2c-1000-ae5d-0ac2424e0000">
</PhysicalColumn>
<PhysicalColumn mdsid="m3434582a-0c2c-1000-ae5d-0ac2424e0000" name="call_type_key" dataType="INT" precision="10" rowCount="6.0" lastUpdated="2012-05-30 14:21:49" specialType="none" sourceColumnRef="/oracle/bi/server/base/PhysicalTable/3429d0d0-0c2c-1000-ae5d-0ac2424e0000.xml#m3429d0da-0c2c-1000-ae5d-0ac2424e0000">
</PhysicalColumn>
<PhysicalColumn mdsid="m3434582b-0c2c-1000-ae5d-0ac2424e0000" name="svc_type_key" dataType="INT" precision="10" rowCount="38.0" lastUpdated="2012-05-30 14:21:52" specialType="none" sourceColumnRef="/oracle/bi/server/base/PhysicalTable/3429d0d0-0c2c-1000-ae5d-0ac2424e0000.xml#m3429d0db-0c2c-1000-ae5d-0ac2424e0000">
</PhysicalColumn>
<PhysicalColumn mdsid="m3434582c-0c2c-1000-ae5d-0ac2424e0000" name="prdct_key" dataType="INT" precision="10" rowCount="1480.0" lastUpdated="2012-05-30 14:21:53" specialType="none" sourceColumnRef="/oracle/bi/server/base/PhysicalTable/3429d0d0-0c2c-1000-ae5d-0ac2424e0000.xml#m3429d0dc-0c2c-1000-ae5d-0ac2424e0000">
</PhysicalColumn>
<PhysicalColumn mdsid="m3434582d-0c2c-1000-ae5d-0ac2424e0000" name="currency_key" dataType="INT" precision="10" rowCount="18.0" lastUpdated="2012-05-30 14:21:55" specialType="none" sourceColumnRef="/oracle/bi/server/base/PhysicalTable/3429d0d0-0c2c-1000-ae5d-0ac2424e0000.xml#m3429d0dd-0c2c-1000-ae5d-0ac2424e0000">
</PhysicalColumn>
<PhysicalColumn mdsid="m3434582e-0c2c-1000-ae5d-0ac2424e0000" name="call_origin_key" dataType="INT" precision="10" rowCount="202.0" lastUpdated="2012-05-30 14:21:57" specialType="none" sourceColumnRef="/oracle/bi/server/base/PhysicalTable/3429d0d0-0c2c-1000-ae5d-0ac2424e0000.xml#m3429d0de-0c2c-1000-ae5d-0ac2424e0000">
</PhysicalColumn>
<PhysicalColumn mdsid="m3434582f-0c2c-1000-ae5d-0ac2424e0000" name="call_term_key" dataType="INT" precision="10" rowCount="223.0" lastUpdated="2012-05-30 14:21:59" specialType="none" sourceColumnRef="/oracle/bi/server/base/PhysicalTable/3429d0d0-0c2c-1000-ae5d-0ac2424e0000.xml#m3429d0df-0c2c-1000-ae5d-0ac2424e0000">
</PhysicalColumn>
<PhysicalColumn mdsid="m34345830-0c2c-1000-ae5d-0ac2424e0000" name="trnsprt_type_key" dataType="INT" precision="10" rowCount="31.0" lastUpdated="2012-05-30 14:22:01" specialType="none" sourceColumnRef="/oracle/bi/server/base/PhysicalTable/3429d0d0-0c2c-1000-ae5d-0ac2424e0000.xml#m3429d0e0-0c2c-1000-ae5d-0ac2424e0000">
</PhysicalColumn>
<PhysicalColumn mdsid="m34345831-0c2c-1000-ae5d-0ac2424e0000" name="brdg_loc_key" dataType="INT" precision="10" rowCount="63.0" lastUpdated="2012-05-30 14:22:03" specialType="none" sourceColumnRef="/oracle/bi/server/base/PhysicalTable/3429d0d0-0c2c-1000-ae5d-0ac2424e0000.xml#m3429d0e1-0c2c-1000-ae5d-0ac2424e0000">
</PhysicalColumn>
<PhysicalColumn mdsid="m34345832-0c2c-1000-ae5d-0ac2424e0000" name="uom_key" dataType="INT" precision="10" rowCount="10.0" lastUpdated="2012-05-30 14:22:05" specialType="none" sourceColumnRef="/oracle/bi/server/base/PhysicalTable/3429d0d0-0c2c-1000-ae5d-0ac2424e0000.xml#m3429d0e2-0c2c-1000-ae5d-0ac2424e0000">
</PhysicalColumn>
<PhysicalColumn mdsid="m34345833-0c2c-1000-ae5d-0ac2424e0000" name="quantity" dataType="DOUBLE" precision="19" nullable="true" rowCount="20978.0" lastUpdated="2012-05-30 14:23:54" specialType="none" sourceColumnRef="/oracle/bi/server/base/PhysicalTable/3429d0d0-0c2c-1000-ae5d-0ac2424e0000.xml#m3429d0e3-0c2c-1000-ae5d-0ac2424e0000">
</PhysicalColumn>
<PhysicalColumn mdsid="m34345834-0c2c-1000-ae5d-0ac2424e0000" name="rate" dataType="FLOAT" precision="7" nullable="true" rowCount="14897.0" lastUpdated="2012-05-30 14:24:38" specialType="none" sourceColumnRef="/oracle/bi/server/base/PhysicalTable/3429d0d0-0c2c-1000-ae5d-0ac2424e0000.xml#m3429d0e4-0c2c-1000-ae5d-0ac2424e0000">
</PhysicalColumn>
<PhysicalColumn mdsid="m34345835-0c2c-1000-ae5d-0ac2424e0000" name="sls_amt_local" dataType="FLOAT" precision="7" nullable="true" rowCount="184363.0" lastUpdated="2012-05-30 14:25:28" specialType="none" sourceColumnRef="/oracle/bi/server/base/PhysicalTable/3429d0d0-0c2c-1000-ae5d-0ac2424e0000.xml#m3429d0e5-0c2c-1000-ae5d-0ac2424e0000">
</PhysicalColumn>
<PhysicalColumn mdsid="m34345836-0c2c-1000-ae5d-0ac2424e0000" name="disc_amt_local" dataType="FLOAT" precision="7" nullable="true" rowCount="5562.0" lastUpdated="2012-05-30 14:26:12" specialType="none" sourceColumnRef="/oracle/bi/server/base/PhysicalTable/3429d0d0-0c2c-1000-ae5d-0ac2424e0000.xml#m3429d0e6-0c2c-1000-ae5d-0ac2424e0000">
</PhysicalColumn>
<PhysicalColumn mdsid="m34345837-0c2c-1000-ae5d-0ac2424e0000" name="fed_tax_local" dataType="FLOAT" precision="7" nullable="true" rowCount="30906.0" lastUpdated="2012-05-30 14:26:57" specialType="none" sourceColumnRef="/oracle/bi/server/base/PhysicalTable/3429d0d0-0c2c-1000-ae5d-0ac2424e0000.xml#m3429d0e7-0c2c-1000-ae5d-0ac2424e0000">
</PhysicalColumn>
<PhysicalColumn mdsid="m34345838-0c2c-1000-ae5d-0ac2424e0000" name="state_tax_local" dataType="FLOAT" precision="7" nullable="true" rowCount="7329.0" lastUpdated="2012-05-30 14:27:41" specialType="none" sourceColumnRef="/oracle/bi/server/base/PhysicalTable/3429d0d0-0c2c-1000-ae5d-0ac2424e0000.xml#m3429d0e8-0c2c-1000-ae5d-0ac2424e0000">
</PhysicalColumn>
<PhysicalColumn mdsid="m34345839-0c2c-1000-ae5d-0ac2424e0000" name="county_tax_local" dataType="FLOAT" precision="7" nullable="true" rowCount="1163.0" lastUpdated="2012-05-30 14:28:25" specialType="none" sourceColumnRef="/oracle/bi/server/base/PhysicalTable/3429d0d0-0c2c-1000-ae5d-0ac2424e0000.xml#m3429d0e9-0c2c-1000-ae5d-0ac2424e0000">
</PhysicalColumn>
<PhysicalColumn mdsid="m3434583a-0c2c-1000-ae5d-0ac2424e0000" name="local_tax_local" dataType="FLOAT" precision="7" nullable="true" rowCount="2207.0" lastUpdated="2012-05-30 14:29:09" specialType="none" sourceColumnRef="/oracle/bi/server/base/PhysicalTable/3429d0d0-0c2c-1000-ae5d-0ac2424e0000.xml#m3429d0ea-0c2c-1000-ae5d-0ac2424e0000">
</PhysicalColumn>
<PhysicalColumn mdsid="m3434583b-0c2c-1000-ae5d-0ac2424e0000" name="conv_rate" dataType="FLOAT" precision="7" nullable="true" rowCount="0.0" lastUpdated="2012-05-30 14:29:52" specialType="none" sourceColumnRef="/oracle/bi/server/base/PhysicalTable/3429d0d0-0c2c-1000-ae5d-0ac2424e0000.xml#m3429d0eb-0c2c-1000-ae5d-0ac2424e0000">
</PhysicalColumn>
<PhysicalColumn mdsid="m3434583c-0c2c-1000-ae5d-0ac2424e0000" name="sls_amt_usd" dataType="FLOAT" precision="7" nullable="true" rowCount="1876166.0" lastUpdated="2012-05-30 14:30:37" specialType="none" sourceColumnRef="/oracle/bi/server/base/PhysicalTable/3429d0d0-0c2c-1000-ae5d-0ac2424e0000.xml#m3429d0ec-0c2c-1000-ae5d-0ac2424e0000">
</PhysicalColumn>
<PhysicalColumn mdsid="m3434583d-0c2c-1000-ae5d-0ac2424e0000" name="disc_amt_usd" dataType="FLOAT" precision="7" nullable="true" rowCount="8405.0" lastUpdated="2012-05-30 14:31:21" specialType="none" sourceColumnRef="/oracle/bi/server/base/PhysicalTable/3429d0d0-0c2c-1000-ae5d-0ac2424e0000.xml#m3429d0ed-0c2c-1000-ae5d-0ac2424e0000">
</PhysicalColumn>
<PhysicalColumn mdsid="m3434583e-0c2c-1000-ae5d-0ac2424e0000" name="fed_tax_usd" dataType="FLOAT" precision="7" nullable="true" rowCount="194604.0" lastUpdated="2012-05-30 14:32:05" specialType="none" sourceColumnRef="/oracle/bi/server/base/PhysicalTable/3429d0d0-0c2c-1000-ae5d-0ac2424e0000.xml#m3429d0ee-0c2c-1000-ae5d-0ac2424e0000">
</PhysicalColumn>
<PhysicalColumn mdsid="m3434583f-0c2c-1000-ae5d-0ac2424e0000" name="state_tax_usd" dataType="FLOAT" precision="7" nullable="true" rowCount="32555.0" lastUpdated="2012-05-30 14:32:49" specialType="none" sourceColumnRef="/oracle/bi/server/base/PhysicalTable/3429d0d0-0c2c-1000-ae5d-0ac2424e0000.xml#m3429d0ef-0c2c-1000-ae5d-0ac2424e0000">
</PhysicalColumn>
<PhysicalColumn mdsid="m34345840-0c2c-1000-ae5d-0ac2424e0000" name="county_tax_usd" dataType="FLOAT" precision="7" nullable="true" rowCount="1305.0" lastUpdated="2012-05-30 14:33:33" specialType="none" sourceColumnRef="/oracle/bi/server/base/PhysicalTable/3429d0d0-0c2c-1000-ae5d-0ac2424e0000.xml#m3429d0f0-0c2c-1000-ae5d-0ac2424e0000">
</PhysicalColumn>
<PhysicalColumn mdsid="m34345841-0c2c-1000-ae5d-0ac2424e0000" name="local_tax_usd" dataType="FLOAT" precision="7" nullable="true" rowCount="2462.0" lastUpdated="2012-05-30 14:34:17" specialType="none" sourceColumnRef="/oracle/bi/server/base/PhysicalTable/3429d0d0-0c2c-1000-ae5d-0ac2424e0000.xml#m3429d0f1-0c2c-1000-ae5d-0ac2424e0000">
</PhysicalColumn>
<PhysicalColumn mdsid="m34345842-0c2c-1000-ae5d-0ac2424e0000" name="sls_amt_maap" dataType="FLOAT" precision="7" nullable="true" rowCount="508957.0" lastUpdated="2012-05-30 14:35:01" specialType="none" sourceColumnRef="/oracle/bi/server/base/PhysicalTable/3429d0d0-0c2c-1000-ae5d-0ac2424e0000.xml#m3429d0f2-0c2c-1000-ae5d-0ac2424e0000">
</PhysicalColumn>
<PhysicalColumn mdsid="m34345843-0c2c-1000-ae5d-0ac2424e0000" name="disc_amt_maap" dataType="FLOAT" precision="7" nullable="true" rowCount="6678.0" lastUpdated="2012-05-30 14:35:45" specialType="none" sourceColumnRef="/oracle/bi/server/base/PhysicalTable/3429d0d0-0c2c-1000-ae5d-0ac2424e0000.xml#m3429d0f3-0c2c-1000-ae5d-0ac2424e0000">
</PhysicalColumn>
<PhysicalColumn mdsid="m34345844-0c2c-1000-ae5d-0ac2424e0000" name="fed_tax_maap" dataType="FLOAT" precision="7" nullable="true" rowCount="52763.0" lastUpdated="2012-05-30 14:36:30" specialType="none" sourceColumnRef="/oracle/bi/server/base/PhysicalTable/3429d0d0-0c2c-1000-ae5d-0ac2424e0000.xml#m3429d0f4-0c2c-1000-ae5d-0ac2424e0000">
</PhysicalColumn>
<PhysicalColumn mdsid="m34345845-0c2c-1000-ae5d-0ac2424e0000" name="state_tax_maap" dataType="FLOAT" precision="7" nullable="true" rowCount="10814.0" lastUpdated="2012-05-30 14:37:14" specialType="none" sourceColumnRef="/oracle/bi/server/base/PhysicalTable/3429d0d0-0c2c-1000-ae5d-0ac2424e0000.xml#m3429d0f5-0c2c-1000-ae5d-0ac2424e0000">
</PhysicalColumn>
<PhysicalColumn mdsid="m34345846-0c2c-1000-ae5d-0ac2424e0000" name="county_tax_maap" dataType="FLOAT" precision="7" nullable="true" rowCount="1203.0" lastUpdated="2012-05-30 14:37:58" specialType="none" sourceColumnRef="/oracle/bi/server/base/PhysicalTable/3429d0d0-0c2c-1000-ae5d-0ac2424e0000.xml#m3429d0f6-0c2c-1000-ae5d-0ac2424e0000">
</PhysicalColumn>
<PhysicalColumn mdsid="m34345847-0c2c-1000-ae5d-0ac2424e0000" name="local_tax_maap" dataType="FLOAT" precision="7" nullable="true" rowCount="2296.0" lastUpdated="2012-05-30 14:38:42" specialType="none" sourceColumnRef="/oracle/bi/server/base/PhysicalTable/3429d0d0-0c2c-1000-ae5d-0ac2424e0000.xml#m3429d0f7-0c2c-1000-ae5d-0ac2424e0000">
</PhysicalColumn>
<PhysicalColumn mdsid="m34345848-0c2c-1000-ae5d-0ac2424e0000" name="row_cnt" dataType="DOUBLE" precision="19" nullable="true" rowCount="1340.0" lastUpdated="2012-05-30 14:39:26" specialType="none" sourceColumnRef="/oracle/bi/server/base/PhysicalTable/3429d0d0-0c2c-1000-ae5d-0ac2424e0000.xml#m3429d0f8-0c2c-1000-ae5d-0ac2424e0000">
</PhysicalColumn>
<PhysicalColumn mdsid="m34345849-0c2c-1000-ae5d-0ac2424e0000" name="conf_cnt" dataType="DOUBLE" precision="19" nullable="true" rowCount="2.0" lastUpdated="2012-05-30 14:40:10" specialType="none" sourceColumnRef="/oracle/bi/server/base/PhysicalTable/3429d0d0-0c2c-1000-ae5d-0ac2424e0000.xml#m3429d0f9-0c2c-1000-ae5d-0ac2424e0000">
</PhysicalColumn>
<PhysicalColumn mdsid="m3434584a-0c2c-1000-ae5d-0ac2424e0000" name="billed_qty" dataType="DOUBLE" precision="19" nullable="true" rowCount="20746.0" lastUpdated="2012-05-30 14:40:54" specialType="none" sourceColumnRef="/oracle/bi/server/base/PhysicalTable/3429d0d0-0c2c-1000-ae5d-0ac2424e0000.xml#m3429d0fa-0c2c-1000-ae5d-0ac2424e0000">
</PhysicalColumn>
<PhysicalColumn mdsid="m3434584b-0c2c-1000-ae5d-0ac2424e0000" name="unbilled_qty" dataType="DOUBLE" precision="19" nullable="true" rowCount="8014.0" lastUpdated="2012-05-30 14:41:38" specialType="none" sourceColumnRef="/oracle/bi/server/base/PhysicalTable/3429d0d0-0c2c-1000-ae5d-0ac2424e0000.xml#m3429d0fb-0c2c-1000-ae5d-0ac2424e0000">
</PhysicalColumn>
<PhysicalColumn mdsid="m3434584c-0c2c-1000-ae5d-0ac2424e0000" name="discount_qty" dataType="DOUBLE" precision="19" nullable="true" rowCount="2251.0" lastUpdated="2012-05-30 14:42:22" specialType="none" sourceColumnRef="/oracle/bi/server/base/PhysicalTable/3429d0d0-0c2c-1000-ae5d-0ac2424e0000.xml#m3429d0fc-0c2c-1000-ae5d-0ac2424e0000">
</PhysicalColumn>
<PhysicalColumn mdsid="m3434584d-0c2c-1000-ae5d-0ac2424e0000" name="create_dt" dataType="TIMESTAMP" scale="3" precision="23" rowCount="8606.0" lastUpdated="2012-05-30 14:43:06" specialType="none" sourceColumnRef="/oracle/bi/server/base/PhysicalTable/3429d0d0-0c2c-1000-ae5d-0ac2424e0000.xml#m3429d0fd-0c2c-1000-ae5d-0ac2424e0000">
</PhysicalColumn>
<PhysicalColumn mdsid="m3434584e-0c2c-1000-ae5d-0ac2424e0000" name="create_run_key" dataType="INT" precision="10" rowCount="26.0" lastUpdated="2012-05-30 14:43:49" specialType="none" sourceColumnRef="/oracle/bi/server/base/PhysicalTable/3429d0d0-0c2c-1000-ae5d-0ac2424e0000.xml#m3429d0fe-0c2c-1000-ae5d-0ac2424e0000">
</PhysicalColumn>
<PhysicalColumn mdsid="m3434584f-0c2c-1000-ae5d-0ac2424e0000" name="last_upd_dt" dataType="TIMESTAMP" scale="3" precision="23" rowCount="8606.0" lastUpdated="2012-05-30 14:44:33" specialType="none" sourceColumnRef="/oracle/bi/server/base/PhysicalTable/3429d0d0-0c2c-1000-ae5d-0ac2424e0000.xml#m3429d0ff-0c2c-1000-ae5d-0ac2424e0000">
</PhysicalColumn>
<PhysicalColumn mdsid="m34345850-0c2c-1000-ae5d-0ac2424e0000" name="last_upd_run_key" dataType="INT" precision="10" rowCount="26.0" lastUpdated="2012-05-30 14:45:17" specialType="none" sourceColumnRef="/oracle/bi/server/base/PhysicalTable/3429d0d0-0c2c-1000-ae5d-0ac2424e0000.xml#m3429d100-0c2c-1000-ae5d-0ac2424e0000">
</PhysicalColumn>
<PhysicalColumn mdsid="m34345851-0c2c-1000-ae5d-0ac2424e0000" name="maap_rate" dataType="FLOAT" precision="7" nullable="true" rowCount="18.0" lastUpdated="2012-05-30 14:46:00" specialType="none" sourceColumnRef="/oracle/bi/server/base/PhysicalTable/3429d0d0-0c2c-1000-ae5d-0ac2424e0000.xml#m3429d101-0c2c-1000-ae5d-0ac2424e0000">
</PhysicalColumn>
<PhysicalColumn mdsid="m34345852-0c2c-1000-ae5d-0ac2424e0000" name="gaap_rate" dataType="FLOAT" precision="7" nullable="true" rowCount="277.0" lastUpdated="2012-05-30 14:46:44" specialType="none" sourceColumnRef="/oracle/bi/server/base/PhysicalTable/3429d0d0-0c2c-1000-ae5d-0ac2424e0000.xml#m3429d102-0c2c-1000-ae5d-0ac2424e0000">
</PhysicalColumn>
<PhysicalColumn mdsid="m34345853-0c2c-1000-ae5d-0ac2424e0000" name="rev_shr_amt_local" dataType="FLOAT" precision="7" nullable="true" rowCount="37822.0" lastUpdated="2012-05-30 14:47:28" specialType="none" sourceColumnRef="/oracle/bi/server/base/PhysicalTable/3429d0d0-0c2c-1000-ae5d-0ac2424e0000.xml#m3429d103-0c2c-1000-ae5d-0ac2424e0000">
</PhysicalColumn>
<PhysicalColumn mdsid="m34345854-0c2c-1000-ae5d-0ac2424e0000" name="rev_shr_amt_usd" dataType="FLOAT" precision="7" nullable="true" rowCount="169345.0" lastUpdated="2012-05-30 14:48:12" specialType="none" sourceColumnRef="/oracle/bi/server/base/PhysicalTable/3429d0d0-0c2c-1000-ae5d-0ac2424e0000.xml#m3429d104-0c2c-1000-ae5d-0ac2424e0000">
</PhysicalColumn>
<PhysicalColumn mdsid="m34345855-0c2c-1000-ae5d-0ac2424e0000" name="rev_shr_amt_maap" dataType="FLOAT" precision="7" nullable="true" rowCount="40886.0" lastUpdated="2012-05-30 14:48:56" specialType="none" sourceColumnRef="/oracle/bi/server/base/PhysicalTable/3429d0d0-0c2c-1000-ae5d-0ac2424e0000.xml#m3429d105-0c2c-1000-ae5d-0ac2424e0000">
</PhysicalColumn>
<PhysicalColumn mdsid="m34345856-0c2c-1000-ae5d-0ac2424e0000" name="call_dt_key" dataType="INT" precision="10" nullable="true" rowCount="709.0" lastUpdated="2012-05-30 14:49:39" specialType="none" sourceColumnRef="/oracle/bi/server/base/PhysicalTable/3429d0d0-0c2c-1000-ae5d-0ac2424e0000.xml#m3429d106-0c2c-1000-ae5d-0ac2424e0000">
</PhysicalColumn>
<PhysicalColumn mdsid="m34345857-0c2c-1000-ae5d-0ac2424e0000" name="inv_dt_key" dataType="INT" precision="10" nullable="true" rowCount="103.0" lastUpdated="2012-05-30 14:50:22" specialType="none" sourceColumnRef="/oracle/bi/server/base/PhysicalTable/3429d0d0-0c2c-1000-ae5d-0ac2424e0000.xml#m3429d107-0c2c-1000-ae5d-0ac2424e0000">
</PhysicalColumn>
<PhysicalColumn mdsid="m34345858-0c2c-1000-ae5d-0ac2424e0000" name="unique_conf_id" dataType="VARCHAR" precision="15" nullable="true" rowCount="76507513.0" lastUpdated="2012-05-30 14:51:11" specialType="none" sourceColumnRef="/oracle/bi/server/base/PhysicalTable/3429d0d0-0c2c-1000-ae5d-0ac2424e0000.xml#m3429d108-0c2c-1000-ae5d-0ac2424e0000">
</PhysicalColumn>
<PhysicalColumn mdsid="m34345859-0c2c-1000-ae5d-0ac2424e0000" name="participant_cnt" dataType="INT" precision="10" nullable="true" rowCount="1235.0" lastUpdated="2012-05-30 14:51:55" specialType="none" sourceColumnRef="/oracle/bi/server/base/PhysicalTable/3429d0d0-0c2c-1000-ae5d-0ac2424e0000.xml#m3429d109-0c2c-1000-ae5d-0ac2424e0000">
</PhysicalColumn>
<PhysicalColumn mdsid="m3434585a-0c2c-1000-ae5d-0ac2424e0000" name="invoice_num" dataType="VARCHAR" precision="10" nullable="true" rowCount="67533.0" lastUpdated="2012-05-30 14:52:39" specialType="none" sourceColumnRef="/oracle/bi/server/base/PhysicalTable/3429d0d0-0c2c-1000-ae5d-0ac2424e0000.xml#m3429d10a-0c2c-1000-ae5d-0ac2424e0000">
</PhysicalColumn>
<PhysicalColumn mdsid="ma7417eb0-0c59-1000-891c-0ac2424e0000" name="usf_amt_local" dataType="FLOAT" precision="7" nullable="true" specialType="none" sourceColumnRef="/oracle/bi/server/base/PhysicalTable/3429d0d0-0c2c-1000-ae5d-0ac2424e0000.xml#ma73a79d0-0c59-1000-891c-0ac2424e0000">
</PhysicalColumn>
<PhysicalColumn mdsid="ma7417eb6-0c59-1000-891c-0ac2424e0000" name="bus_days" dataType="FLOAT" precision="7" nullable="true" specialType="none" sourceColumnRef="/oracle/bi/server/base/PhysicalTable/3429d0d0-0c2c-1000-ae5d-0ac2424e0000.xml#ma739b680-0c59-1000-891c-0ac2424e0000">
</PhysicalColumn>
<PhysicalColumn mdsid="ma7417eb7-0c59-1000-891c-0ac2424e0000" name="ccrf_amt_local" dataType="FLOAT" precision="7" nullable="true" specialType="none" sourceColumnRef="/oracle/bi/server/base/PhysicalTable/3429d0d0-0c2c-1000-ae5d-0ac2424e0000.xml#ma739dd90-0c59-1000-891c-0ac2424e0000">
</PhysicalColumn>
<PhysicalColumn mdsid="ma7417eb8-0c59-1000-891c-0ac2424e0000" name="rev_per_bus_day_maap" dataType="FLOAT" precision="7" nullable="true" specialType="none" sourceColumnRef="/oracle/bi/server/base/PhysicalTable/3429d0d0-0c2c-1000-ae5d-0ac2424e0000.xml#ma73a04a0-0c59-1000-891c-0ac2424e0000">
</PhysicalColumn>
<PhysicalColumn mdsid="ma7417eb9-0c59-1000-891c-0ac2424e0000" name="rsllr_key" dataType="INT" precision="10" specialType="none" sourceColumnRef="/oracle/bi/server/base/PhysicalTable/3429d0d0-0c2c-1000-ae5d-0ac2424e0000.xml#ma73a2bb0-0c59-1000-891c-0ac2424e0000">
</PhysicalColumn>
<PhysicalColumn mdsid="ma7417eba-0c59-1000-891c-0ac2424e0000" name="svc_fee_local" dataType="FLOAT" precision="7" nullable="true" specialType="none" sourceColumnRef="/oracle/bi/server/base/PhysicalTable/3429d0d0-0c2c-1000-ae5d-0ac2424e0000.xml#ma73a52c0-0c59-1000-891c-0ac2424e0000">
</PhysicalColumn>
<PhysicalColumn mdsid="m1923a4b0-0c85-1000-8029-0ac2424e0000" name="usf_amt_maap" dataType="FLOAT" precision="7" nullable="true" specialType="none" sourceColumnRef="/oracle/bi/server/base/PhysicalTable/3429d0d0-0c2c-1000-ae5d-0ac2424e0000.xml#m1921f702-0c85-1000-8029-0ac2424e0000">
</PhysicalColumn>
<PhysicalColumn mdsid="m1923a4b1-0c85-1000-8029-0ac2424e0000" name="ccrf_amt_maap" dataType="FLOAT" precision="7" nullable="true" specialType="none" sourceColumnRef="/oracle/bi/server/base/PhysicalTable/3429d0d0-0c2c-1000-ae5d-0ac2424e0000.xml#m192181d1-0c85-1000-8029-0ac2424e0000">
</PhysicalColumn>
<PhysicalColumn mdsid="m1923a4b2-0c85-1000-8029-0ac2424e0000" name="usf_amt_usd" dataType="FLOAT" precision="7" nullable="true" specialType="none" sourceColumnRef="/oracle/bi/server/base/PhysicalTable/3429d0d0-0c2c-1000-ae5d-0ac2424e0000.xml#m1921f704-0c85-1000-8029-0ac2424e0000">
</PhysicalColumn>
<PhysicalColumn mdsid="m1923a4b3-0c85-1000-8029-0ac2424e0000" name="ccrf_amt_usd" dataType="FLOAT" precision="7" nullable="true" specialType="none" sourceColumnRef="/oracle/bi/server/base/PhysicalTable/3429d0d0-0c2c-1000-ae5d-0ac2424e0000.xml#m1921a8e0-0c85-1000-8029-0ac2424e0000">
</PhysicalColumn>
<PhysicalColumn mdsid="m1923a4b4-0c85-1000-8029-0ac2424e0000" name="svc_fee_maap" dataType="FLOAT" precision="7" nullable="true" specialType="none" sourceColumnRef="/oracle/bi/server/base/PhysicalTable/3429d0d0-0c2c-1000-ae5d-0ac2424e0000.xml#m1921a8e2-0c85-1000-8029-0ac2424e0000">
</PhysicalColumn>
<PhysicalColumn mdsid="m1923a4b5-0c85-1000-8029-0ac2424e0000" name="svc_fee_usd" dataType="FLOAT" precision="7" nullable="true" specialType="none" sourceColumnRef="/oracle/bi/server/base/PhysicalTable/3429d0d0-0c2c-1000-ae5d-0ac2424e0000.xml#m1921cff0-0c85-1000-8029-0ac2424e0000">
</PhysicalColumn>
<PhysicalColumn mdsid="m1923a4b6-0c85-1000-8029-0ac2424e0000" name="telco_fixed_rate_cost_maap" dataType="FLOAT" precision="7" nullable="true" specialType="none" sourceColumnRef="/oracle/bi/server/base/PhysicalTable/3429d0d0-0c2c-1000-ae5d-0ac2424e0000.xml#m1921cff2-0c85-1000-8029-0ac2424e0000">
</PhysicalColumn>
<PhysicalColumn mdsid="m1923a4b7-0c85-1000-8029-0ac2424e0000" name="telco_fixed_rate_maap" dataType="FLOAT" precision="7" nullable="true" specialType="none" sourceColumnRef="/oracle/bi/server/base/PhysicalTable/3429d0d0-0c2c-1000-ae5d-0ac2424e0000.xml#m1921cff4-0c85-1000-8029-0ac2424e0000">
</PhysicalColumn>
<PhysicalColumn mdsid="m1923a4b8-0c85-1000-8029-0ac2424e0000" name="telco_maap_rate" dataType="FLOAT" precision="7" nullable="true" specialType="none" sourceColumnRef="/oracle/bi/server/base/PhysicalTable/3429d0d0-0c2c-1000-ae5d-0ac2424e0000.xml#m1921cff6-0c85-1000-8029-0ac2424e0000">
</PhysicalColumn>
<PhysicalColumn mdsid="m1923a4b9-0c85-1000-8029-0ac2424e0000" name="telco_quantity" dataType="DOUBLE" precision="19" nullable="true" specialType="none" sourceColumnRef="/oracle/bi/server/base/PhysicalTable/3429d0d0-0c2c-1000-ae5d-0ac2424e0000.xml#m1921cff8-0c85-1000-8029-0ac2424e0000">
</PhysicalColumn>
<PhysicalColumn mdsid="m1923a4ba-0c85-1000-8029-0ac2424e0000" name="telco_var_currency_key" dataType="INT" precision="10" nullable="true" specialType="none" sourceColumnRef="/oracle/bi/server/base/PhysicalTable/3429d0d0-0c2c-1000-ae5d-0ac2424e0000.xml#m1921cffa-0c85-1000-8029-0ac2424e0000">
</PhysicalColumn>
<PhysicalColumn mdsid="m1923a4bb-0c85-1000-8029-0ac2424e0000" name="telco_var_rate_cost_maap" dataType="FLOAT" precision="7" nullable="true" specialType="none" sourceColumnRef="/oracle/bi/server/base/PhysicalTable/3429d0d0-0c2c-1000-ae5d-0ac2424e0000.xml#m1921cffc-0c85-1000-8029-0ac2424e0000">
</PhysicalColumn>
<PhysicalColumn mdsid="m1923a4bc-0c85-1000-8029-0ac2424e0000" name="telco_var_rate_local" dataType="FLOAT" precision="7" nullable="true" specialType="none" sourceColumnRef="/oracle/bi/server/base/PhysicalTable/3429d0d0-0c2c-1000-ae5d-0ac2424e0000.xml#m1921f700-0c85-1000-8029-0ac2424e0000">
</PhysicalColumn>
<PhysicalColumn mdsid="m8d70c520-0c8d-1000-8029-0ac2424e0000" name="bridge_name_key" dataType="INT" precision="10" nullable="true" specialType="none" sourceColumnRef="/oracle/bi/server/base/PhysicalTable/3429d0d0-0c2c-1000-ae5d-0ac2424e0000.xml#m8d69e750-0c8d-1000-8029-0ac2424e0000">
</PhysicalColumn>
<PhysicalColumn mdsid="m8d70c521-0c8d-1000-8029-0ac2424e0000" name="call_end_dt_key" dataType="INT" precision="10" nullable="true" specialType="none" sourceColumnRef="/oracle/bi/server/base/PhysicalTable/3429d0d0-0c2c-1000-ae5d-0ac2424e0000.xml#m8d69e752-0c8d-1000-8029-0ac2424e0000">
</PhysicalColumn>
<PhysicalColumn mdsid="m8d70c522-0c8d-1000-8029-0ac2424e0000" name="conf_id" dataType="VARCHAR" precision="15" nullable="true" specialType="none" sourceColumnRef="/oracle/bi/server/base/PhysicalTable/3429d0d0-0c2c-1000-ae5d-0ac2424e0000.xml#m8d6a0e60-0c8d-1000-8029-0ac2424e0000">
</PhysicalColumn>
<PhysicalColumn mdsid="m8d70c523-0c8d-1000-8029-0ac2424e0000" name="dnis_key" dataType="INT" precision="10" nullable="true" specialType="none" sourceColumnRef="/oracle/bi/server/base/PhysicalTable/3429d0d0-0c2c-1000-ae5d-0ac2424e0000.xml#m8d6a0e62-0c8d-1000-8029-0ac2424e0000">
</PhysicalColumn>
<PhysicalKey mdsid="m34914530-0c2c-1000-ae5d-0ac2424e0000" name="F01 Sales_Key">
<RefColumns>
<RefColumn refId="m34914530-0c2c-1000-ae5d-0ac2424e0000-m34345824-0c2c-1000-ae5d-0ac2424e0000" columnRef="/oracle/bi/server/base/PhysicalTable/34345820-0c2c-1000-ae5d-0ac2424e0000.xml#m34345824-0c2c-1000-ae5d-0ac2424e0000"/>
</RefColumns>
</PhysicalKey>
<PhysicalKey mdsid="m34953cd0-0c2c-1000-ae5d-0ac2424e0000" name="F01 Sales_Key#1">
<RefColumns>
<RefColumn refId="m34953cd0-0c2c-1000-ae5d-0ac2424e0000-m34345826-0c2c-1000-ae5d-0ac2424e0000" columnRef="/oracle/bi/server/base/PhysicalTable/34345820-0c2c-1000-ae5d-0ac2424e0000.xml#m34345826-0c2c-1000-ae5d-0ac2424e0000"/>
</RefColumns>
</PhysicalKey>
<PhysicalKey mdsid="m34998290-0c2c-1000-ae5d-0ac2424e0000" name="F01 Sales_Key#2">
<RefColumns>
<RefColumn refId="m34998290-0c2c-1000-ae5d-0ac2424e0000-m3434582a-0c2c-1000-ae5d-0ac2424e0000" columnRef="/oracle/bi/server/base/PhysicalTable/34345820-0c2c-1000-ae5d-0ac2424e0000.xml#m3434582a-0c2c-1000-ae5d-0ac2424e0000"/>
</RefColumns>
</PhysicalKey>
<PhysicalKey mdsid="m349ed9c0-0c2c-1000-ae5d-0ac2424e0000" name="F01 Sales_Key#3">
<RefColumns>
<RefColumn refId="m349ed9c0-0c2c-1000-ae5d-0ac2424e0000-m3434582e-0c2c-1000-ae5d-0ac2424e0000" columnRef="/oracle/bi/server/base/PhysicalTable/34345820-0c2c-1000-ae5d-0ac2424e0000.xml#m3434582e-0c2c-1000-ae5d-0ac2424e0000"/>
</RefColumns>
</PhysicalKey>
<PhysicalKey mdsid="m34a2aa50-0c2c-1000-ae5d-0ac2424e0000" name="F01 Sales_Key#4">
<RefColumns>
<RefColumn refId="m34a2aa50-0c2c-1000-ae5d-0ac2424e0000-m34345831-0c2c-1000-ae5d-0ac2424e0000" columnRef="/oracle/bi/server/base/PhysicalTable/34345820-0c2c-1000-ae5d-0ac2424e0000.xml#m34345831-0c2c-1000-ae5d-0ac2424e0000"/>
</RefColumns>
</PhysicalKey>
<PhysicalKey mdsid="m34a605b0-0c2c-1000-ae5d-0ac2424e0000" name="F01 Sales_Key#5">
<RefColumns>
<RefColumn refId="m34a605b0-0c2c-1000-ae5d-0ac2424e0000-m3434582f-0c2c-1000-ae5d-0ac2424e0000" columnRef="/oracle/bi/server/base/PhysicalTable/34345820-0c2c-1000-ae5d-0ac2424e0000.xml#m3434582f-0c2c-1000-ae5d-0ac2424e0000"/>
</RefColumns>
</PhysicalKey>
<PhysicalKey mdsid="m34a9fd50-0c2c-1000-ae5d-0ac2424e0000" name="F01 Sales_Key#6">
<RefColumns>
<RefColumn refId="m34a9fd50-0c2c-1000-ae5d-0ac2424e0000-m3434582d-0c2c-1000-ae5d-0ac2424e0000" columnRef="/oracle/bi/server/base/PhysicalTable/34345820-0c2c-1000-ae5d-0ac2424e0000.xml#m3434582d-0c2c-1000-ae5d-0ac2424e0000"/>
</RefColumns>
</PhysicalKey>
<PhysicalKey mdsid="m34ace380-0c2c-1000-ae5d-0ac2424e0000" name="F01 Sales_Key#7">
<RefColumns>
<RefColumn refId="m34ace380-0c2c-1000-ae5d-0ac2424e0000-m34345827-0c2c-1000-ae5d-0ac2424e0000" columnRef="/oracle/bi/server/base/PhysicalTable/34345820-0c2c-1000-ae5d-0ac2424e0000.xml#m34345827-0c2c-1000-ae5d-0ac2424e0000"/>
</RefColumns>
</PhysicalKey>
<PhysicalKey mdsid="m34afc9b0-0c2c-1000-ae5d-0ac2424e0000" name="F01 Sales_Key#8">
<RefColumns>
<RefColumn refId="m34afc9b0-0c2c-1000-ae5d-0ac2424e0000-m34345857-0c2c-1000-ae5d-0ac2424e0000" columnRef="/oracle/bi/server/base/PhysicalTable/34345820-0c2c-1000-ae5d-0ac2424e0000.xml#m34345857-0c2c-1000-ae5d-0ac2424e0000"/>
</RefColumns>
</PhysicalKey>
<PhysicalKey mdsid="m34b37330-0c2c-1000-ae5d-0ac2424e0000" name="F01 Sales_Key#9">
<RefColumns>
<RefColumn refId="m34b37330-0c2c-1000-ae5d-0ac2424e0000-m34345828-0c2c-1000-ae5d-0ac2424e0000" columnRef="/oracle/bi/server/base/PhysicalTable/34345820-0c2c-1000-ae5d-0ac2424e0000.xml#m34345828-0c2c-1000-ae5d-0ac2424e0000"/>
</RefColumns>
</PhysicalKey>
<PhysicalKey mdsid="m34b6f5a0-0c2c-1000-ae5d-0ac2424e0000" name="F01 Sales_Key#10">
<RefColumns>
<RefColumn refId="m34b6f5a0-0c2c-1000-ae5d-0ac2424e0000-m34345829-0c2c-1000-ae5d-0ac2424e0000" columnRef="/oracle/bi/server/base/PhysicalTable/34345820-0c2c-1000-ae5d-0ac2424e0000.xml#m34345829-0c2c-1000-ae5d-0ac2424e0000"/>
</RefColumns>
</PhysicalKey>
<PhysicalKey mdsid="m34bbb090-0c2c-1000-ae5d-0ac2424e0000" name="F01 Sales_Key#11">
<RefColumns>
<RefColumn refId="m34bbb090-0c2c-1000-ae5d-0ac2424e0000-m3434582c-0c2c-1000-ae5d-0ac2424e0000" columnRef="/oracle/bi/server/base/PhysicalTable/34345820-0c2c-1000-ae5d-0ac2424e0000.xml#m3434582c-0c2c-1000-ae5d-0ac2424e0000"/>
</RefColumns>
</PhysicalKey>
<PhysicalKey mdsid="m34bdfa80-0c2c-1000-ae5d-0ac2424e0000" name="F01 Sales_Key#12">
<RefColumns>
<RefColumn refId="m34bdfa80-0c2c-1000-ae5d-0ac2424e0000-m34345823-0c2c-1000-ae5d-0ac2424e0000" columnRef="/oracle/bi/server/base/PhysicalTable/34345820-0c2c-1000-ae5d-0ac2424e0000.xml#m34345823-0c2c-1000-ae5d-0ac2424e0000"/>
</RefColumns>
</PhysicalKey>
<PhysicalKey mdsid="m34c107c0-0c2c-1000-ae5d-0ac2424e0000" name="F01 Sales_Key#13">
<RefColumns>
<RefColumn refId="m34c107c0-0c2c-1000-ae5d-0ac2424e0000-m3434582b-0c2c-1000-ae5d-0ac2424e0000" columnRef="/oracle/bi/server/base/PhysicalTable/34345820-0c2c-1000-ae5d-0ac2424e0000.xml#m3434582b-0c2c-1000-ae5d-0ac2424e0000"/>
</RefColumns>
</PhysicalKey>
<PhysicalKey mdsid="m34c39fd0-0c2c-1000-ae5d-0ac2424e0000" name="F01 Sales_Key#14">
<RefColumns>
<RefColumn refId="m34c39fd0-0c2c-1000-ae5d-0ac2424e0000-m34345822-0c2c-1000-ae5d-0ac2424e0000" columnRef="/oracle/bi/server/base/PhysicalTable/34345820-0c2c-1000-ae5d-0ac2424e0000.xml#m34345822-0c2c-1000-ae5d-0ac2424e0000"/>
</RefColumns>
</PhysicalKey>
<PhysicalKey mdsid="m34c74950-0c2c-1000-ae5d-0ac2424e0000" name="F01 Sales_Key#15">
<RefColumns>
<RefColumn refId="m34c74950-0c2c-1000-ae5d-0ac2424e0000-m34345825-0c2c-1000-ae5d-0ac2424e0000" columnRef="/oracle/bi/server/base/PhysicalTable/34345820-0c2c-1000-ae5d-0ac2424e0000.xml#m34345825-0c2c-1000-ae5d-0ac2424e0000"/>
</RefColumns>
</PhysicalKey>
<PhysicalKey mdsid="m34ca0870-0c2c-1000-ae5d-0ac2424e0000" name="F01 Sales_Key#16">
<RefColumns>
<RefColumn refId="m34ca0870-0c2c-1000-ae5d-0ac2424e0000-m34345830-0c2c-1000-ae5d-0ac2424e0000" columnRef="/oracle/bi/server/base/PhysicalTable/34345820-0c2c-1000-ae5d-0ac2424e0000.xml#m34345830-0c2c-1000-ae5d-0ac2424e0000"/>
</RefColumns>
</PhysicalKey>
<PhysicalKey mdsid="m34ccc790-0c2c-1000-ae5d-0ac2424e0000" name="F01 Sales_Key#17">
<RefColumns>
<RefColumn refId="m34ccc790-0c2c-1000-ae5d-0ac2424e0000-m34345832-0c2c-1000-ae5d-0ac2424e0000" columnRef="/oracle/bi/server/base/PhysicalTable/34345820-0c2c-1000-ae5d-0ac2424e0000.xml#m34345832-0c2c-1000-ae5d-0ac2424e0000"/>
</RefColumns>
</PhysicalKey>
<PhysicalKey mdsid="m34f5d360-0c2c-1000-ae5d-0ac2424e0000" name="F01 Sales_Key#18">
<RefColumns>
<RefColumn refId="m34f5d360-0c2c-1000-ae5d-0ac2424e0000-m34345856-0c2c-1000-ae5d-0ac2424e0000" columnRef="/oracle/bi/server/base/PhysicalTable/34345820-0c2c-1000-ae5d-0ac2424e0000.xml#m34345856-0c2c-1000-ae5d-0ac2424e0000"/>
</RefColumns>
</PhysicalKey>
<PhysicalKey mdsid="m7439eaf0-0c5b-1000-92db-0ac2424e0000" name="F01 Sales_Key#19">
<RefColumns>
<RefColumn refId="m7439eaf0-0c5b-1000-92db-0ac2424e0000-ma7417eb9-0c59-1000-891c-0ac2424e0000" columnRef="/oracle/bi/server/base/PhysicalTable/34345820-0c2c-1000-ae5d-0ac2424e0000.xml#ma7417eb9-0c59-1000-891c-0ac2424e0000"/>
</RefColumns>
</PhysicalKey>
<PhysicalForeignKey mdsid="m3b0ad520-0c2c-1000-ae5d-0ac2424e0000" name="F01 Sales_Foreign Key" counterPartKeyRef="/oracle/bi/server/base/PhysicalTable/34468090-0c2c-1000-ae5d-0ac2424e0000.xml#m3b166de0-0c2c-1000-ae5d-0ac2424e0000">
<RefColumns>
<RefColumn refId="m3b0ad520-0c2c-1000-ae5d-0ac2424e0000-m3434582f-0c2c-1000-ae5d-0ac2424e0000" columnRef="/oracle/bi/server/base/PhysicalTable/34345820-0c2c-1000-ae5d-0ac2424e0000.xml#m3434582f-0c2c-1000-ae5d-0ac2424e0000"/>
</RefColumns>
</PhysicalForeignKey>
<PhysicalForeignKey mdsid="m3b16e310-0c2c-1000-ae5d-0ac2424e0000" name="F01 Sales_Foreign Key#1" counterPartKeyRef="/oracle/bi/server/base/PhysicalTable/343e6a40-0c2c-1000-ae5d-0ac2424e0000.xml#m3b195410-0c2c-1000-ae5d-0ac2424e0000">
<RefColumns>
<RefColumn refId="m3b16e310-0c2c-1000-ae5d-0ac2424e0000-m3434582a-0c2c-1000-ae5d-0ac2424e0000" columnRef="/oracle/bi/server/base/PhysicalTable/34345820-0c2c-1000-ae5d-0ac2424e0000.xml#m3434582a-0c2c-1000-ae5d-0ac2424e0000"/>
</RefColumns>
</PhysicalForeignKey>
<PhysicalForeignKey mdsid="m3b19a230-0c2c-1000-ae5d-0ac2424e0000" name="F01 Sales_Foreign Key#2" counterPartKeyRef="/oracle/bi/server/base/PhysicalTable/3485ac70-0c2c-1000-ae5d-0ac2424e0000.xml#m3b1a1760-0c2c-1000-ae5d-0ac2424e0000">
<RefColumns>
<RefColumn refId="m3b19a230-0c2c-1000-ae5d-0ac2424e0000-m34345825-0c2c-1000-ae5d-0ac2424e0000" columnRef="/oracle/bi/server/base/PhysicalTable/34345820-0c2c-1000-ae5d-0ac2424e0000.xml#m34345825-0c2c-1000-ae5d-0ac2424e0000"/>
</RefColumns>
</PhysicalForeignKey>
<PhysicalForeignKey mdsid="m3b1a3e70-0c2c-1000-ae5d-0ac2424e0000" name="F01 Sales_Foreign Key#3" counterPartKeyRef="/oracle/bi/server/base/PhysicalTable/34799e80-0c2c-1000-ae5d-0ac2424e0000.xml#m3b1adab0-0c2c-1000-ae5d-0ac2424e0000">
<RefColumns>
<RefColumn refId="m3b1a3e70-0c2c-1000-ae5d-0ac2424e0000-m34345829-0c2c-1000-ae5d-0ac2424e0000" columnRef="/oracle/bi/server/base/PhysicalTable/34345820-0c2c-1000-ae5d-0ac2424e0000.xml#m34345829-0c2c-1000-ae5d-0ac2424e0000"/>
</RefColumns>
</PhysicalForeignKey>
<PhysicalForeignKey mdsid="m3b1cd680-0c2c-1000-ae5d-0ac2424e0000" name="F01 Sales_Foreign Key#5" counterPartKeyRef="/oracle/bi/server/base/PhysicalTable/34892ee0-0c2c-1000-ae5d-0ac2424e0000.xml#m3b1d99d0-0c2c-1000-ae5d-0ac2424e0000">
<RefColumns>
<RefColumn refId="m3b1cd680-0c2c-1000-ae5d-0ac2424e0000-m34345832-0c2c-1000-ae5d-0ac2424e0000" columnRef="/oracle/bi/server/base/PhysicalTable/34345820-0c2c-1000-ae5d-0ac2424e0000.xml#m34345832-0c2c-1000-ae5d-0ac2424e0000"/>
</RefColumns>
</PhysicalForeignKey>
<PhysicalForeignKey mdsid="m3b1de7f0-0c2c-1000-ae5d-0ac2424e0000" name="F01 Sales_Foreign Key#6" counterPartKeyRef="/oracle/bi/server/base/PhysicalTable/3441ecb0-0c2c-1000-ae5d-0ac2424e0000.xml#m3b1f2070-0c2c-1000-ae5d-0ac2424e0000">
<RefColumns>
<RefColumn refId="m3b1de7f0-0c2c-1000-ae5d-0ac2424e0000-m3434582e-0c2c-1000-ae5d-0ac2424e0000" columnRef="/oracle/bi/server/base/PhysicalTable/34345820-0c2c-1000-ae5d-0ac2424e0000.xml#m3434582e-0c2c-1000-ae5d-0ac2424e0000"/>
</RefColumns>
</PhysicalForeignKey>
<PhysicalForeignKey mdsid="m3b1f6e90-0c2c-1000-ae5d-0ac2424e0000" name="F01 Sales_Foreign Key#7" counterPartKeyRef="/oracle/bi/server/base/PhysicalTable/3470c4e0-0c2c-1000-ae5d-0ac2424e0000.xml#m3b1fbcb0-0c2c-1000-ae5d-0ac2424e0000">
<RefColumns>
<RefColumn refId="m3b1f6e90-0c2c-1000-ae5d-0ac2424e0000-m34345828-0c2c-1000-ae5d-0ac2424e0000" columnRef="/oracle/bi/server/base/PhysicalTable/34345820-0c2c-1000-ae5d-0ac2424e0000.xml#m34345828-0c2c-1000-ae5d-0ac2424e0000"/>
</RefColumns>
</PhysicalForeignKey>
<PhysicalForeignKey mdsid="m3b200ad0-0c2c-1000-ae5d-0ac2424e0000" name="F01 Sales_Foreign Key#8" counterPartKeyRef="/oracle/bi/server/base/PhysicalTable/347dbd30-0c2c-1000-ae5d-0ac2424e0000.xml#m3b208000-0c2c-1000-ae5d-0ac2424e0000">
<RefColumns>
<RefColumn refId="m3b200ad0-0c2c-1000-ae5d-0ac2424e0000-m34345823-0c2c-1000-ae5d-0ac2424e0000" columnRef="/oracle/bi/server/base/PhysicalTable/34345820-0c2c-1000-ae5d-0ac2424e0000.xml#m34345823-0c2c-1000-ae5d-0ac2424e0000"/>
</RefColumns>
</PhysicalForeignKey>
<PhysicalForeignKey mdsid="m3b20a710-0c2c-1000-ae5d-0ac2424e0000" name="F01 Sales_Foreign Key#9" counterPartKeyRef="/oracle/bi/server/base/PhysicalTable/34875a20-0c2c-1000-ae5d-0ac2424e0000.xml#m3b20f530-0c2c-1000-ae5d-0ac2424e0000">
<RefColumns>
<RefColumn refId="m3b20a710-0c2c-1000-ae5d-0ac2424e0000-m34345830-0c2c-1000-ae5d-0ac2424e0000" columnRef="/oracle/bi/server/base/PhysicalTable/34345820-0c2c-1000-ae5d-0ac2424e0000.xml#m34345830-0c2c-1000-ae5d-0ac2424e0000"/>
</RefColumns>
</PhysicalForeignKey>
<PhysicalForeignKey mdsid="m3b214350-0c2c-1000-ae5d-0ac2424e0000" name="F01 Sales_Foreign Key#10" counterPartKeyRef="/oracle/bi/server/base/PhysicalTable/34822a00-0c2c-1000-ae5d-0ac2424e0000.xml#m3b219170-0c2c-1000-ae5d-0ac2424e0000">
<RefColumns>
<RefColumn refId="m3b214350-0c2c-1000-ae5d-0ac2424e0000-m34345822-0c2c-1000-ae5d-0ac2424e0000" columnRef="/oracle/bi/server/base/PhysicalTable/34345820-0c2c-1000-ae5d-0ac2424e0000.xml#m34345822-0c2c-1000-ae5d-0ac2424e0000"/>
</RefColumns>
</PhysicalForeignKey>
<PhysicalForeignKey mdsid="m3b2206a0-0c2c-1000-ae5d-0ac2424e0000" name="F01 Sales_Foreign Key#11" counterPartKeyRef="/oracle/bi/server/base/PhysicalTable/3448f190-0c2c-1000-ae5d-0ac2424e0000.xml#m3b222db0-0c2c-1000-ae5d-0ac2424e0000">
<RefColumns>
<RefColumn refId="m3b2206a0-0c2c-1000-ae5d-0ac2424e0000-m3434582d-0c2c-1000-ae5d-0ac2424e0000" columnRef="/oracle/bi/server/base/PhysicalTable/34345820-0c2c-1000-ae5d-0ac2424e0000.xml#m3434582d-0c2c-1000-ae5d-0ac2424e0000"/>
</RefColumns>
</PhysicalForeignKey>
<PhysicalForeignKey mdsid="m3b227bd0-0c2c-1000-ae5d-0ac2424e0000" name="F01 Sales_Foreign Key#12" counterPartKeyRef="/oracle/bi/server/base/PhysicalTable/347fb900-0c2c-1000-ae5d-0ac2424e0000.xml#m3b22a2e0-0c2c-1000-ae5d-0ac2424e0000">
<RefColumns>
<RefColumn refId="m3b227bd0-0c2c-1000-ae5d-0ac2424e0000-m3434582b-0c2c-1000-ae5d-0ac2424e0000" columnRef="/oracle/bi/server/base/PhysicalTable/34345820-0c2c-1000-ae5d-0ac2424e0000.xml#m3434582b-0c2c-1000-ae5d-0ac2424e0000"/>
</RefColumns>
</PhysicalForeignKey>
<PhysicalForeignKey mdsid="m3b22f100-0c2c-1000-ae5d-0ac2424e0000" name="F01 Sales_Foreign Key#13" counterPartKeyRef="/oracle/bi/server/base/PhysicalTable/346db7a0-0c2c-1000-ae5d-0ac2424e0000.xml#m3b249eb0-0c2c-1000-ae5d-0ac2424e0000">
<RefColumns>
<RefColumn refId="m3b22f100-0c2c-1000-ae5d-0ac2424e0000-m34345857-0c2c-1000-ae5d-0ac2424e0000" columnRef="/oracle/bi/server/base/PhysicalTable/34345820-0c2c-1000-ae5d-0ac2424e0000.xml#m34345857-0c2c-1000-ae5d-0ac2424e0000"/>
</RefColumns>
</PhysicalForeignKey>
<PhysicalForeignKey mdsid="m3b2513e0-0c2c-1000-ae5d-0ac2424e0000" name="F01 Sales_Foreign Key#14" counterPartKeyRef="/oracle/bi/server/base/PhysicalTable/34373e50-0c2c-1000-ae5d-0ac2424e0000.xml#m3b256200-0c2c-1000-ae5d-0ac2424e0000">
<RefColumns>
<RefColumn refId="m3b2513e0-0c2c-1000-ae5d-0ac2424e0000-m34345824-0c2c-1000-ae5d-0ac2424e0000" columnRef="/oracle/bi/server/base/PhysicalTable/34345820-0c2c-1000-ae5d-0ac2424e0000.xml#m34345824-0c2c-1000-ae5d-0ac2424e0000"/>
</RefColumns>
</PhysicalForeignKey>
<PhysicalForeignKey mdsid="m3b25b020-0c2c-1000-ae5d-0ac2424e0000" name="F01 Sales_Foreign Key#15" counterPartKeyRef="/oracle/bi/server/base/PhysicalTable/347b7340-0c2c-1000-ae5d-0ac2424e0000.xml#m3b25fe40-0c2c-1000-ae5d-0ac2424e0000">
<RefColumns>
<RefColumn refId="m3b25b020-0c2c-1000-ae5d-0ac2424e0000-m3434582c-0c2c-1000-ae5d-0ac2424e0000" columnRef="/oracle/bi/server/base/PhysicalTable/34345820-0c2c-1000-ae5d-0ac2424e0000.xml#m3434582c-0c2c-1000-ae5d-0ac2424e0000"/>
</RefColumns>
</PhysicalForeignKey>
<PhysicalForeignKey mdsid="m3b264c60-0c2c-1000-ae5d-0ac2424e0000" name="F01 Sales_Foreign Key#16" counterPartKeyRef="/oracle/bi/server/base/PhysicalTable/344436a0-0c2c-1000-ae5d-0ac2424e0000.xml#m3b2784e0-0c2c-1000-ae5d-0ac2424e0000">
<RefColumns>
<RefColumn refId="m3b264c60-0c2c-1000-ae5d-0ac2424e0000-m34345831-0c2c-1000-ae5d-0ac2424e0000" columnRef="/oracle/bi/server/base/PhysicalTable/34345820-0c2c-1000-ae5d-0ac2424e0000.xml#m34345831-0c2c-1000-ae5d-0ac2424e0000"/>
</RefColumns>
</PhysicalForeignKey>
<PhysicalForeignKey mdsid="m3b293290-0c2c-1000-ae5d-0ac2424e0000" name="F01 Sales_Foreign Key#18" counterPartKeyRef="/oracle/bi/server/base/PhysicalTable/3455e9e0-0c2c-1000-ae5d-0ac2424e0000.xml#m3b2ab930-0c2c-1000-ae5d-0ac2424e0000">
<RefColumns>
<RefColumn refId="m3b293290-0c2c-1000-ae5d-0ac2424e0000-m34345827-0c2c-1000-ae5d-0ac2424e0000" columnRef="/oracle/bi/server/base/PhysicalTable/34345820-0c2c-1000-ae5d-0ac2424e0000.xml#m34345827-0c2c-1000-ae5d-0ac2424e0000"/>
</RefColumns>
</PhysicalForeignKey>
<PhysicalForeignKey mdsid="m741e2591-0c5b-1000-92db-0ac2424e0000" name="F01 Sales_Foreign Key #19" counterPartKeyRef="/oracle/bi/server/base/PhysicalTable/db7fb650-0c5a-1000-891c-0ac2424e0000.xml#m742acfc0-0c5b-1000-92db-0ac2424e0000">
<RefColumns>
<RefColumn refId="m741e2591-0c5b-1000-92db-0ac2424e0000-ma7417eb9-0c59-1000-891c-0ac2424e0000" columnRef="/oracle/bi/server/base/PhysicalTable/34345820-0c2c-1000-ae5d-0ac2424e0000.xml#ma7417eb9-0c59-1000-891c-0ac2424e0000"/>
</RefColumns>
</PhysicalForeignKey>
</PhysicalTable>