<?xml version="1.0" encoding="UTF-8" ?>
<PhysicalTable mdsid="m964f8c50-0c2c-1000-ae5d-0ac2424e0000" name="D21 Project Category" xmlns:xsi="http://www.w3.org/2001/XMLSchema-instance" xmlns="http://www.oracle.com/obis/repository" type="none" pollFreq="0" rowCount="42.0" lastUpdated="2013-06-24 13:52:20" maxConn="0" containerRef="/oracle/bi/server/base/Schema/3428bf63-0c2c-1000-ae5d-0ac2424e0000.xml#m3428bf63-0c2c-1000-ae5d-0ac2424e0000" sourceTableRef="/oracle/bi/server/base/PhysicalTable/95ba0310-0c2c-1000-ae5d-0ac2424e0000.xml#m95ba0310-0c2c-1000-ae5d-0ac2424e0000">
<PhysicalColumn mdsid="m964f8c51-0c2c-1000-ae5d-0ac2424e0000" name="cat_key" dataType="INT" precision="10" specialType="none" sourceColumnRef="/oracle/bi/server/base/PhysicalTable/95ba0310-0c2c-1000-ae5d-0ac2424e0000.xml#m95ba0311-0c2c-1000-ae5d-0ac2424e0000">
</PhysicalColumn>
<PhysicalColumn mdsid="m964f8c52-0c2c-1000-ae5d-0ac2424e0000" name="cat_id" dataType="VARCHAR" precision="80" specialType="none" sourceColumnRef="/oracle/bi/server/base/PhysicalTable/95ba0310-0c2c-1000-ae5d-0ac2424e0000.xml#m95ba0312-0c2c-1000-ae5d-0ac2424e0000">
</PhysicalColumn>
<PhysicalColumn mdsid="m964f8c53-0c2c-1000-ae5d-0ac2424e0000" name="cat_cd" dataType="VARCHAR" precision="80" specialType="none" sourceColumnRef="/oracle/bi/server/base/PhysicalTable/95ba0310-0c2c-1000-ae5d-0ac2424e0000.xml#m95ba0313-0c2c-1000-ae5d-0ac2424e0000">
</PhysicalColumn>
<PhysicalColumn mdsid="m964f8c54-0c2c-1000-ae5d-0ac2424e0000" name="cat_sd" dataType="VARCHAR" precision="255" nullable="true" specialType="none" sourceColumnRef="/oracle/bi/server/base/PhysicalTable/95ba0310-0c2c-1000-ae5d-0ac2424e0000.xml#m95ba0314-0c2c-1000-ae5d-0ac2424e0000">
</PhysicalColumn>
<PhysicalColumn mdsid="m964f8c55-0c2c-1000-ae5d-0ac2424e0000" name="cat_ld" dataType="VARCHAR" precision="255" nullable="true" specialType="none" sourceColumnRef="/oracle/bi/server/base/PhysicalTable/95ba0310-0c2c-1000-ae5d-0ac2424e0000.xml#m95ba0315-0c2c-1000-ae5d-0ac2424e0000">
</PhysicalColumn>
<PhysicalColumn mdsid="m964f8c56-0c2c-1000-ae5d-0ac2424e0000" name="cat_gen01_cd" dataType="VARCHAR" precision="80" nullable="true" specialType="none" sourceColumnRef="/oracle/bi/server/base/PhysicalTable/95ba0310-0c2c-1000-ae5d-0ac2424e0000.xml#m95ba0316-0c2c-1000-ae5d-0ac2424e0000">
</PhysicalColumn>
<PhysicalColumn mdsid="m964f8c57-0c2c-1000-ae5d-0ac2424e0000" name="cat_gen01_desc" dataType="VARCHAR" precision="255" nullable="true" specialType="none" sourceColumnRef="/oracle/bi/server/base/PhysicalTable/95ba0310-0c2c-1000-ae5d-0ac2424e0000.xml#m95ba0317-0c2c-1000-ae5d-0ac2424e0000">
</PhysicalColumn>
<PhysicalColumn mdsid="m964f8c58-0c2c-1000-ae5d-0ac2424e0000" name="cat_gen02_cd" dataType="VARCHAR" precision="80" nullable="true" specialType="none" sourceColumnRef="/oracle/bi/server/base/PhysicalTable/95ba0310-0c2c-1000-ae5d-0ac2424e0000.xml#m95ba0318-0c2c-1000-ae5d-0ac2424e0000">
</PhysicalColumn>
<PhysicalColumn mdsid="m964f8c59-0c2c-1000-ae5d-0ac2424e0000" name="cat_gen02_desc" dataType="VARCHAR" precision="255" nullable="true" specialType="none" sourceColumnRef="/oracle/bi/server/base/PhysicalTable/95ba0310-0c2c-1000-ae5d-0ac2424e0000.xml#m95ba0319-0c2c-1000-ae5d-0ac2424e0000">
</PhysicalColumn>
<PhysicalColumn mdsid="m964f8c5a-0c2c-1000-ae5d-0ac2424e0000" name="create_dt" dataType="TIMESTAMP" scale="3" precision="23" specialType="none" sourceColumnRef="/oracle/bi/server/base/PhysicalTable/95ba0310-0c2c-1000-ae5d-0ac2424e0000.xml#m95ba031a-0c2c-1000-ae5d-0ac2424e0000">
</PhysicalColumn>
<PhysicalColumn mdsid="m964f8c5b-0c2c-1000-ae5d-0ac2424e0000" name="create_run_key" dataType="INT" precision="10" specialType="none" sourceColumnRef="/oracle/bi/server/base/PhysicalTable/95ba0310-0c2c-1000-ae5d-0ac2424e0000.xml#m95ba031b-0c2c-1000-ae5d-0ac2424e0000">
</PhysicalColumn>
<PhysicalColumn mdsid="m964f8c5c-0c2c-1000-ae5d-0ac2424e0000" name="last_upd_dt" dataType="TIMESTAMP" scale="3" precision="23" specialType="none" sourceColumnRef="/oracle/bi/server/base/PhysicalTable/95ba0310-0c2c-1000-ae5d-0ac2424e0000.xml#m95ba031c-0c2c-1000-ae5d-0ac2424e0000">
</PhysicalColumn>
<PhysicalColumn mdsid="m964f8c5d-0c2c-1000-ae5d-0ac2424e0000" name="last_upd_run_key" dataType="INT" precision="10" specialType="none" sourceColumnRef="/oracle/bi/server/base/PhysicalTable/95ba0310-0c2c-1000-ae5d-0ac2424e0000.xml#m95ba031d-0c2c-1000-ae5d-0ac2424e0000">
</PhysicalColumn>
<PhysicalKey mdsid="m969f8110-0c2c-1000-ae5d-0ac2424e0000" name="D21 Project Category_Key">
<RefColumns>
<RefColumn refId="m969f8110-0c2c-1000-ae5d-0ac2424e0000-m964f8c51-0c2c-1000-ae5d-0ac2424e0000" columnRef="/oracle/bi/server/base/PhysicalTable/964f8c50-0c2c-1000-ae5d-0ac2424e0000.xml#m964f8c51-0c2c-1000-ae5d-0ac2424e0000"/>
</RefColumns>
</PhysicalKey>
</PhysicalTable>