<?xml version="1.0" encoding="UTF-8" ?>
<PhysicalTable mdsid="mbe654971-0c61-1000-98be-0ac2424e0000" name="S_NQ_DB_ACCT" xmlns:xsi="http://www.w3.org/2001/XMLSchema-instance" xmlns="http://www.oracle.com/obis/repository" type="none" rowCount="4.0" lastUpdated="2013-02-20 16:38:16" maxConn="0" containerRef="/oracle/bi/server/base/Schema/bd983571-0c61-1000-8029-0ac2424e0000.xml#mbd983571-0c61-1000-8029-0ac2424e0000">
<PhysicalColumn mdsid="mbe654972-0c61-1000-98be-0ac2424e0000" name="ID" dataType="INT" precision="10" nullable="true" specialType="none">
</PhysicalColumn>
<PhysicalColumn mdsid="mbe654973-0c61-1000-98be-0ac2424e0000" name="LOGICAL_QUERY_ID" dataType="VARCHAR" precision="50" specialType="none">
</PhysicalColumn>
<PhysicalColumn mdsid="mbe654974-0c61-1000-98be-0ac2424e0000" name="QUERY_TEXT" dataType="VARCHAR" precision="1024" nullable="true" specialType="none">
</PhysicalColumn>
<PhysicalColumn mdsid="mbe654975-0c61-1000-98be-0ac2424e0000" name="QUERY_BLOB" dataType="LONGVARCHAR" precision="32768" nullable="true" specialType="none">
</PhysicalColumn>
<PhysicalColumn mdsid="mbe654976-0c61-1000-98be-0ac2424e0000" name="TIME_SEC" dataType="INT" precision="10" nullable="true" specialType="none">
</PhysicalColumn>
<PhysicalColumn mdsid="mbe654977-0c61-1000-98be-0ac2424e0000" name="ROW_COUNT" dataType="INT" precision="10" nullable="true" specialType="none">
</PhysicalColumn>
<PhysicalColumn mdsid="mbe654978-0c61-1000-98be-0ac2424e0000" name="START_TS" dataType="TIMESTAMP" scale="3" precision="23" nullable="true" specialType="none">
</PhysicalColumn>
<PhysicalColumn mdsid="mbe654979-0c61-1000-98be-0ac2424e0000" name="START_DT" dataType="TIMESTAMP" scale="3" precision="23" nullable="true" specialType="none">
</PhysicalColumn>
<PhysicalColumn mdsid="mbe65497a-0c61-1000-98be-0ac2424e0000" name="START_HOUR_MIN" dataType="CHAR" precision="5" nullable="true" specialType="none">
</PhysicalColumn>
<PhysicalColumn mdsid="mbe65497b-0c61-1000-98be-0ac2424e0000" name="END_TS" dataType="TIMESTAMP" scale="3" precision="23" nullable="true" specialType="none">
</PhysicalColumn>
<PhysicalColumn mdsid="mbe65497c-0c61-1000-98be-0ac2424e0000" name="END_DT" dataType="TIMESTAMP" scale="3" precision="23" nullable="true" specialType="none">
</PhysicalColumn>
<PhysicalColumn mdsid="mbe65497d-0c61-1000-98be-0ac2424e0000" name="END_HOUR_MIN" dataType="CHAR" precision="5" nullable="true" specialType="none">
</PhysicalColumn>
<PhysicalForeignKey mdsid="mbe659790-0c61-1000-98be-0ac2424e0000" name="FK__S_NQ_DB_A__LOGIC__1AD3FDA4" counterPartKeyRef="/oracle/bi/server/base/PhysicalTable/bd983572-0c61-1000-8029-0ac2424e0000.xml#mbd983592-0c61-1000-8029-0ac2424e0000">
<RefColumns>
<RefColumn refId="mbe659790-0c61-1000-98be-0ac2424e0000-mbe654973-0c61-1000-98be-0ac2424e0000" columnRef="/oracle/bi/server/base/PhysicalTable/be654971-0c61-1000-98be-0ac2424e0000.xml#mbe654973-0c61-1000-98be-0ac2424e0000"/>
</RefColumns>
</PhysicalForeignKey>
</PhysicalTable>