<?xml version="1.0" encoding="UTF-8" ?>
<PhysicalTable mdsid="mbf4bd8e0-0c61-1000-8029-0ac2424e0000" name="S_ETL_TIME_DAY" xmlns:xsi="http://www.w3.org/2001/XMLSchema-instance" xmlns="http://www.oracle.com/obis/repository" type="none" rowCount="1440.0" lastUpdated="2013-02-20 16:36:24" maxConn="0" containerRef="/oracle/bi/server/base/Schema/bd983571-0c61-1000-8029-0ac2424e0000.xml#mbd983571-0c61-1000-8029-0ac2424e0000">
<PhysicalColumn mdsid="mbf4bd8e1-0c61-1000-8029-0ac2424e0000" name="TIME_SLICE" dataType="TIMESTAMP" scale="3" precision="23" nullable="true" specialType="none">
</PhysicalColumn>
<PhysicalColumn mdsid="mbf4bd8e2-0c61-1000-8029-0ac2424e0000" name="HOURS" dataType="INT" precision="10" nullable="true" specialType="none">
</PhysicalColumn>
<PhysicalColumn mdsid="mbf4bd8e3-0c61-1000-8029-0ac2424e0000" name="MINUTES" dataType="INT" precision="10" nullable="true" specialType="none">
</PhysicalColumn>
<PhysicalColumn mdsid="mbf4bd8e4-0c61-1000-8029-0ac2424e0000" name="HAGO" dataType="TIMESTAMP" scale="3" precision="23" nullable="true" specialType="none">
</PhysicalColumn>
<PhysicalColumn mdsid="mbf4bd8e5-0c61-1000-8029-0ac2424e0000" name="MIN_SEQ" dataType="SMALLINT" precision="5" nullable="true" specialType="none">
</PhysicalColumn>
<PhysicalColumn mdsid="mbf4bd8e6-0c61-1000-8029-0ac2424e0000" name="HOUR_MIN" dataType="VARCHAR" precision="5" nullable="true" specialType="none">
</PhysicalColumn>
</PhysicalTable>