<?xml version="1.0" encoding="UTF-8" ?>
<Dimension mdsid="m20ad1770-0c58-1000-ba5a-0ac2424e0000" name="Customer" xmlns:xsi="http://www.w3.org/2001/XMLSchema-instance" xmlns="http://www.oracle.com/obis/repository" isValueBased="false" isRagged="false" isSkipped="false" defaultRootLevelRef="/oracle/bi/server/base/Dimension/20ad1770-0c58-1000-ba5a-0ac2424e0000.xml#m20afd690-0c58-1000-ba5a-0ac2424e0000" subjectAreaRef="/oracle/bi/server/base/BusinessModel/d4e75b21-0c57-1000-ba5a-0ac2424e0000.xml#md4e75b21-0c57-1000-ba5a-0ac2424e0000">
<LogicalLevel mdsid="m20afd690-0c58-1000-ba5a-0ac2424e0000" name="Customer Total" isGTA="true" isFDUC="true" memberCount="1" levelConst="&apos;Customer Total&apos;">
<RefChildLevels>
<RefLogicalLevel refId="m20afd690-0c58-1000-ba5a-0ac2424e0000_m20b24790-0c58-1000-ba5a-0ac2424e0000_1" logicalLevelRef="/oracle/bi/server/base/Dimension/20ad1770-0c58-1000-ba5a-0ac2424e0000.xml#m20b24790-0c58-1000-ba5a-0ac2424e0000"/>
</RefChildLevels>
</LogicalLevel>
<LogicalLevel mdsid="m20b24790-0c58-1000-ba5a-0ac2424e0000" name="Corporate Entity" isGTA="false" isFDUC="true" memberCount="1" levelConst="&apos;Corporate Entity&apos;">
<LogicalKey mdsid="m4ef06f90-0c5a-1000-891c-0ac2424e0000" name="Corp Entity" isPrimary="true" isForDrillDown="true">
<RefColumns>
<RefLogicalColumn refId="m4ef06f90-0c5a-1000-891c-0ac2424e0000-m4ea4e7a0-0c5a-1000-891c-0ac2424e0000" logicalColumnRef="/oracle/bi/server/base/LogicalTable/2079f980-0c58-1000-ba5a-0ac2424e0000.xml#m4ea4e7a0-0c5a-1000-891c-0ac2424e0000"/>
</RefColumns>
</LogicalKey>
<RefChildLevels>
<RefLogicalLevel refId="m20b24790-0c58-1000-ba5a-0ac2424e0000_m47a326d0-0c58-1000-ba5a-0ac2424e0000_1" logicalLevelRef="/oracle/bi/server/base/Dimension/20ad1770-0c58-1000-ba5a-0ac2424e0000.xml#m47a326d0-0c58-1000-ba5a-0ac2424e0000"/>
</RefChildLevels>
<RefLogicalColumns>
<RefLogicalColumn refId="m20b24790-0c58-1000-ba5a-0ac2424e0000-m4ea4e7a0-0c5a-1000-891c-0ac2424e0000" logicalColumnRef="/oracle/bi/server/base/LogicalTable/2079f980-0c58-1000-ba5a-0ac2424e0000.xml#m4ea4e7a0-0c5a-1000-891c-0ac2424e0000"/>
</RefLogicalColumns>
</LogicalLevel>
<LogicalLevel mdsid="m47a326d0-0c58-1000-ba5a-0ac2424e0000" name="Company" isGTA="false" isFDUC="true" memberCount="1" levelConst="&apos;Company&apos;">
<LogicalKey mdsid="m4ef48e40-0c5a-1000-891c-0ac2424e0000" name="Company" isPrimary="true" isForDrillDown="true">
<RefColumns>
<RefLogicalColumn refId="m4ef48e40-0c5a-1000-891c-0ac2424e0000-m4ce33a70-0c5a-1000-891c-0ac2424e0000" logicalColumnRef="/oracle/bi/server/base/LogicalTable/2079f980-0c58-1000-ba5a-0ac2424e0000.xml#m4ce33a70-0c5a-1000-891c-0ac2424e0000"/>
</RefColumns>
</LogicalKey>
<RefLogicalColumns>
<RefLogicalColumn refId="m47a326d0-0c58-1000-ba5a-0ac2424e0000-m4ce33a70-0c5a-1000-891c-0ac2424e0000" logicalColumnRef="/oracle/bi/server/base/LogicalTable/2079f980-0c58-1000-ba5a-0ac2424e0000.xml#m4ce33a70-0c5a-1000-891c-0ac2424e0000"/>
</RefLogicalColumns>
</LogicalLevel>
</Dimension>