<?xml version="1.0" encoding="UTF-8" ?>
<Dimension mdsid="m256e1663-0c62-1000-a784-0ac2424e0000" name="User" xmlns:xsi="http://www.w3.org/2001/XMLSchema-instance" xmlns="http://www.oracle.com/obis/repository" isValueBased="false" isRagged="false" isSkipped="false" defaultRootLevelRef="/oracle/bi/server/base/Dimension/256e1663-0c62-1000-a784-0ac2424e0000.xml#m270a1320-0c62-1000-a784-0ac2424e0000" subjectAreaRef="/oracle/bi/server/base/BusinessModel/24e78141-0c62-1000-a784-0ac2424e0000.xml#m24e78141-0c62-1000-a784-0ac2424e0000">
<LogicalLevel mdsid="m270a1320-0c62-1000-a784-0ac2424e0000" name="Total" isGTA="true" isFDUC="true" memberCount="1" levelConst="&apos;Total&apos;">
<RefChildLevels>
<RefLogicalLevel refId="m270a1320-0c62-1000-a784-0ac2424e0000_m270b4ba0-0c62-1000-a784-0ac2424e0000_1" logicalLevelRef="/oracle/bi/server/base/Dimension/256e1663-0c62-1000-a784-0ac2424e0000.xml#m270b4ba0-0c62-1000-a784-0ac2424e0000"/>
</RefChildLevels>
</LogicalLevel>
<LogicalLevel mdsid="m270b4ba0-0c62-1000-a784-0ac2424e0000" name="User Detail" isGTA="false" isFDUC="true" memberCount="1" levelConst="&apos;User Detail&apos;">
<LogicalKey mdsid="m270e31d0-0c62-1000-a784-0ac2424e0000" name="User Name" isPrimary="true" isForDrillDown="true">
<RefColumns>
<RefLogicalColumn refId="m270e31d0-0c62-1000-a784-0ac2424e0000-m251017ee-0c62-1000-a784-0ac2424e0000" logicalColumnRef="/oracle/bi/server/base/LogicalTable/251017e1-0c62-1000-a784-0ac2424e0000.xml#m251017ee-0c62-1000-a784-0ac2424e0000"/>
</RefColumns>
</LogicalKey>
<RefLogicalColumns>
<RefLogicalColumn refId="m270b4ba0-0c62-1000-a784-0ac2424e0000-m251017ee-0c62-1000-a784-0ac2424e0000" logicalColumnRef="/oracle/bi/server/base/LogicalTable/251017e1-0c62-1000-a784-0ac2424e0000.xml#m251017ee-0c62-1000-a784-0ac2424e0000"/>
<RefLogicalColumn refId="m270b4ba0-0c62-1000-a784-0ac2424e0000-m251017f0-0c62-1000-a784-0ac2424e0000" logicalColumnRef="/oracle/bi/server/base/LogicalTable/251017e1-0c62-1000-a784-0ac2424e0000.xml#m251017f0-0c62-1000-a784-0ac2424e0000"/>
</RefLogicalColumns>
</LogicalLevel>
</Dimension>