<?xml version="1.0" encoding="UTF-8" ?>
<Dimension mdsid="m256e1660-0c62-1000-a784-0ac2424e0000" name="Start Date" xmlns:xsi="http://www.w3.org/2001/XMLSchema-instance" xmlns="http://www.oracle.com/obis/repository" isValueBased="false" isRagged="false" isSkipped="false" defaultRootLevelRef="/oracle/bi/server/base/Dimension/256e1660-0c62-1000-a784-0ac2424e0000.xml#m256e1664-0c62-1000-a784-0ac2424e0000" subjectAreaRef="/oracle/bi/server/base/BusinessModel/24e78141-0c62-1000-a784-0ac2424e0000.xml#m24e78141-0c62-1000-a784-0ac2424e0000">
<LogicalLevel mdsid="m256e1664-0c62-1000-a784-0ac2424e0000" name="TotalTime" isGTA="true" isFDUC="true" memberCount="1" levelConst="&apos;TotalTime&apos;">
<RefChildLevels>
<RefLogicalLevel refId="m256e1664-0c62-1000-a784-0ac2424e0000_m256e1665-0c62-1000-a784-0ac2424e0000_1" logicalLevelRef="/oracle/bi/server/base/Dimension/256e1660-0c62-1000-a784-0ac2424e0000.xml#m256e1665-0c62-1000-a784-0ac2424e0000"/>
</RefChildLevels>
</LogicalLevel>
<LogicalLevel mdsid="m256e1665-0c62-1000-a784-0ac2424e0000" name="Year" isGTA="false" isFDUC="true" memberCount="1" levelConst="&apos;Year&apos;">
<LogicalKey mdsid="m256e1690-0c62-1000-a784-0ac2424e0000" name="Year" isPrimary="true" isForDrillDown="true">
<RefColumns>
<RefLogicalColumn refId="m256e1690-0c62-1000-a784-0ac2424e0000-m250e4325-0c62-1000-a784-0ac2424e0000" logicalColumnRef="/oracle/bi/server/base/LogicalTable/250e4320-0c62-1000-a784-0ac2424e0000.xml#m250e4325-0c62-1000-a784-0ac2424e0000"/>
</RefColumns>
</LogicalKey>
<RefChildLevels>
<RefLogicalLevel refId="m256e1665-0c62-1000-a784-0ac2424e0000_m256e1666-0c62-1000-a784-0ac2424e0000_1" logicalLevelRef="/oracle/bi/server/base/Dimension/256e1660-0c62-1000-a784-0ac2424e0000.xml#m256e1666-0c62-1000-a784-0ac2424e0000"/>
</RefChildLevels>
<RefLogicalColumns>
<RefLogicalColumn refId="m256e1665-0c62-1000-a784-0ac2424e0000-m250e4325-0c62-1000-a784-0ac2424e0000" logicalColumnRef="/oracle/bi/server/base/LogicalTable/250e4320-0c62-1000-a784-0ac2424e0000.xml#m250e4325-0c62-1000-a784-0ac2424e0000"/>
</RefLogicalColumns>
</LogicalLevel>
<LogicalLevel mdsid="m256e1666-0c62-1000-a784-0ac2424e0000" name="Quarter" isGTA="false" isFDUC="true" memberCount="1" levelConst="&apos;Quarter&apos;">
<LogicalKey mdsid="m256e1691-0c62-1000-a784-0ac2424e0000" name="Year Quarter" isPrimary="true" isForDrillDown="true">
<RefColumns>
<RefLogicalColumn refId="m256e1691-0c62-1000-a784-0ac2424e0000-m250e4326-0c62-1000-a784-0ac2424e0000" logicalColumnRef="/oracle/bi/server/base/LogicalTable/250e4320-0c62-1000-a784-0ac2424e0000.xml#m250e4326-0c62-1000-a784-0ac2424e0000"/>
</RefColumns>
</LogicalKey>
<RefChildLevels>
<RefLogicalLevel refId="m256e1666-0c62-1000-a784-0ac2424e0000_m256e1667-0c62-1000-a784-0ac2424e0000_1" logicalLevelRef="/oracle/bi/server/base/Dimension/256e1660-0c62-1000-a784-0ac2424e0000.xml#m256e1667-0c62-1000-a784-0ac2424e0000"/>
</RefChildLevels>
<RefLogicalColumns>
<RefLogicalColumn refId="m256e1666-0c62-1000-a784-0ac2424e0000-m250e4326-0c62-1000-a784-0ac2424e0000" logicalColumnRef="/oracle/bi/server/base/LogicalTable/250e4320-0c62-1000-a784-0ac2424e0000.xml#m250e4326-0c62-1000-a784-0ac2424e0000"/>
</RefLogicalColumns>
</LogicalLevel>
<LogicalLevel mdsid="m256e1667-0c62-1000-a784-0ac2424e0000" name="Month" isGTA="false" isFDUC="true" memberCount="1" levelConst="&apos;Month&apos;">
<LogicalKey mdsid="m256e1692-0c62-1000-a784-0ac2424e0000" name="Month" isPrimary="true">
<RefColumns>
<RefLogicalColumn refId="m256e1692-0c62-1000-a784-0ac2424e0000-m250e4325-0c62-1000-a784-0ac2424e0000" logicalColumnRef="/oracle/bi/server/base/LogicalTable/250e4320-0c62-1000-a784-0ac2424e0000.xml#m250e4325-0c62-1000-a784-0ac2424e0000"/>
<RefLogicalColumn refId="m256e1692-0c62-1000-a784-0ac2424e0000-m250e4328-0c62-1000-a784-0ac2424e0000" logicalColumnRef="/oracle/bi/server/base/LogicalTable/250e4320-0c62-1000-a784-0ac2424e0000.xml#m250e4328-0c62-1000-a784-0ac2424e0000"/>
</RefColumns>
</LogicalKey>
<LogicalKey mdsid="m256e1693-0c62-1000-a784-0ac2424e0000" name="Year Month" isForDrillDown="true">
<RefColumns>
<RefLogicalColumn refId="m256e1693-0c62-1000-a784-0ac2424e0000-m250e4327-0c62-1000-a784-0ac2424e0000" logicalColumnRef="/oracle/bi/server/base/LogicalTable/250e4320-0c62-1000-a784-0ac2424e0000.xml#m250e4327-0c62-1000-a784-0ac2424e0000"/>
</RefColumns>
</LogicalKey>
<RefChildLevels>
<RefLogicalLevel refId="m256e1667-0c62-1000-a784-0ac2424e0000_m256e1668-0c62-1000-a784-0ac2424e0000_1" logicalLevelRef="/oracle/bi/server/base/Dimension/256e1660-0c62-1000-a784-0ac2424e0000.xml#m256e1668-0c62-1000-a784-0ac2424e0000"/>
</RefChildLevels>
<RefLogicalColumns>
<RefLogicalColumn refId="m256e1667-0c62-1000-a784-0ac2424e0000-m250e4327-0c62-1000-a784-0ac2424e0000" logicalColumnRef="/oracle/bi/server/base/LogicalTable/250e4320-0c62-1000-a784-0ac2424e0000.xml#m250e4327-0c62-1000-a784-0ac2424e0000"/>
<RefLogicalColumn refId="m256e1667-0c62-1000-a784-0ac2424e0000-m250e4328-0c62-1000-a784-0ac2424e0000" logicalColumnRef="/oracle/bi/server/base/LogicalTable/250e4320-0c62-1000-a784-0ac2424e0000.xml#m250e4328-0c62-1000-a784-0ac2424e0000"/>
</RefLogicalColumns>
</LogicalLevel>
<LogicalLevel mdsid="m256e1668-0c62-1000-a784-0ac2424e0000" name="Date" isGTA="false" isFDUC="true" memberCount="1" levelConst="&apos;Date&apos;">
<LogicalKey mdsid="m260c0410-0c62-1000-a784-0ac2424e0000" name="Date" isPrimary="true" isForDrillDown="true">
<RefColumns>
<RefLogicalColumn refId="m260c0410-0c62-1000-a784-0ac2424e0000-m250e4324-0c62-1000-a784-0ac2424e0000" logicalColumnRef="/oracle/bi/server/base/LogicalTable/250e4320-0c62-1000-a784-0ac2424e0000.xml#m250e4324-0c62-1000-a784-0ac2424e0000"/>
</RefColumns>
</LogicalKey>
<RefLogicalColumns>
<RefLogicalColumn refId="m256e1668-0c62-1000-a784-0ac2424e0000-m250e4324-0c62-1000-a784-0ac2424e0000" logicalColumnRef="/oracle/bi/server/base/LogicalTable/250e4320-0c62-1000-a784-0ac2424e0000.xml#m250e4324-0c62-1000-a784-0ac2424e0000"/>
<RefLogicalColumn refId="m256e1668-0c62-1000-a784-0ac2424e0000-m250e432a-0c62-1000-a784-0ac2424e0000" logicalColumnRef="/oracle/bi/server/base/LogicalTable/250e4320-0c62-1000-a784-0ac2424e0000.xml#m250e432a-0c62-1000-a784-0ac2424e0000"/>
<RefLogicalColumn refId="m256e1668-0c62-1000-a784-0ac2424e0000-m250e432c-0c62-1000-a784-0ac2424e0000" logicalColumnRef="/oracle/bi/server/base/LogicalTable/250e4320-0c62-1000-a784-0ac2424e0000.xml#m250e432c-0c62-1000-a784-0ac2424e0000"/>
<RefLogicalColumn refId="m256e1668-0c62-1000-a784-0ac2424e0000-m250e432d-0c62-1000-a784-0ac2424e0000" logicalColumnRef="/oracle/bi/server/base/LogicalTable/250e4320-0c62-1000-a784-0ac2424e0000.xml#m250e432d-0c62-1000-a784-0ac2424e0000"/>
</RefLogicalColumns>
</LogicalLevel>
</Dimension>