<?xml version="1.0" encoding="UTF-8" ?>
<Dimension mdsid="m256e1661-0c62-1000-a784-0ac2424e0000" name="Start Clock" xmlns:xsi="http://www.w3.org/2001/XMLSchema-instance" xmlns="http://www.oracle.com/obis/repository" isValueBased="false" isRagged="false" isSkipped="false" defaultRootLevelRef="/oracle/bi/server/base/Dimension/256e1661-0c62-1000-a784-0ac2424e0000.xml#m256e166a-0c62-1000-a784-0ac2424e0000" subjectAreaRef="/oracle/bi/server/base/BusinessModel/24e78141-0c62-1000-a784-0ac2424e0000.xml#m24e78141-0c62-1000-a784-0ac2424e0000">
<LogicalLevel mdsid="m256e166a-0c62-1000-a784-0ac2424e0000" name="Hour" isGTA="false" isFDUC="true" memberCount="1" levelConst="&apos;Hour&apos;">
<LogicalKey mdsid="m256e1696-0c62-1000-a784-0ac2424e0000" name="Hour" isPrimary="true" isForDrillDown="true">
<RefColumns>
<RefLogicalColumn refId="m256e1696-0c62-1000-a784-0ac2424e0000-m250e432e-0c62-1000-a784-0ac2424e0000" logicalColumnRef="/oracle/bi/server/base/LogicalTable/250e4321-0c62-1000-a784-0ac2424e0000.xml#m250e432e-0c62-1000-a784-0ac2424e0000"/>
</RefColumns>
</LogicalKey>
<RefChildLevels>
<RefLogicalLevel refId="m256e166a-0c62-1000-a784-0ac2424e0000_m256e166b-0c62-1000-a784-0ac2424e0000_1" logicalLevelRef="/oracle/bi/server/base/Dimension/256e1661-0c62-1000-a784-0ac2424e0000.xml#m256e166b-0c62-1000-a784-0ac2424e0000"/>
</RefChildLevels>
<RefLogicalColumns>
<RefLogicalColumn refId="m256e166a-0c62-1000-a784-0ac2424e0000-m250e432e-0c62-1000-a784-0ac2424e0000" logicalColumnRef="/oracle/bi/server/base/LogicalTable/250e4321-0c62-1000-a784-0ac2424e0000.xml#m250e432e-0c62-1000-a784-0ac2424e0000"/>
</RefLogicalColumns>
</LogicalLevel>
<LogicalLevel mdsid="m256e166b-0c62-1000-a784-0ac2424e0000" name="Minute" isGTA="false" isFDUC="true" memberCount="1" levelConst="&apos;Minute&apos;">
<LogicalKey mdsid="m256e1697-0c62-1000-a784-0ac2424e0000" name="Time" isPrimary="true" isForDrillDown="true">
<RefColumns>
<RefLogicalColumn refId="m256e1697-0c62-1000-a784-0ac2424e0000-m250e4330-0c62-1000-a784-0ac2424e0000" logicalColumnRef="/oracle/bi/server/base/LogicalTable/250e4321-0c62-1000-a784-0ac2424e0000.xml#m250e4330-0c62-1000-a784-0ac2424e0000"/>
</RefColumns>
</LogicalKey>
<RefLogicalColumns>
<RefLogicalColumn refId="m256e166b-0c62-1000-a784-0ac2424e0000-m250e432f-0c62-1000-a784-0ac2424e0000" logicalColumnRef="/oracle/bi/server/base/LogicalTable/250e4321-0c62-1000-a784-0ac2424e0000.xml#m250e432f-0c62-1000-a784-0ac2424e0000"/>
<RefLogicalColumn refId="m256e166b-0c62-1000-a784-0ac2424e0000-m250e4330-0c62-1000-a784-0ac2424e0000" logicalColumnRef="/oracle/bi/server/base/LogicalTable/250e4321-0c62-1000-a784-0ac2424e0000.xml#m250e4330-0c62-1000-a784-0ac2424e0000"/>
</RefLogicalColumns>
</LogicalLevel>
</Dimension>