<?xml version="1.0" encoding="UTF-8" ?>
<Dimension mdsid="m268f3dd0-0c62-1000-a784-0ac2424e0000" name="End Clock" xmlns:xsi="http://www.w3.org/2001/XMLSchema-instance" xmlns="http://www.oracle.com/obis/repository" isValueBased="false" isRagged="false" isSkipped="false" defaultRootLevelRef="/oracle/bi/server/base/Dimension/268f3dd0-0c62-1000-a784-0ac2424e0000.xml#m268f3dd1-0c62-1000-a784-0ac2424e0000" subjectAreaRef="/oracle/bi/server/base/BusinessModel/24e78141-0c62-1000-a784-0ac2424e0000.xml#m24e78141-0c62-1000-a784-0ac2424e0000">
<LogicalLevel mdsid="m268f3dd1-0c62-1000-a784-0ac2424e0000" name="Hour" isGTA="false" isFDUC="true" memberCount="1" levelConst="&apos;Hour&apos;">
<LogicalKey mdsid="m268f3dd6-0c62-1000-a784-0ac2424e0000" name="Hour" isPrimary="true" isForDrillDown="true">
<RefColumns>
<RefLogicalColumn refId="m268f3dd6-0c62-1000-a784-0ac2424e0000-m26874e92-0c62-1000-a784-0ac2424e0000" logicalColumnRef="/oracle/bi/server/base/LogicalTable/26874e90-0c62-1000-a784-0ac2424e0000.xml#m26874e92-0c62-1000-a784-0ac2424e0000"/>
</RefColumns>
</LogicalKey>
<RefChildLevels>
<RefLogicalLevel refId="m268f3dd1-0c62-1000-a784-0ac2424e0000_m268f3dd2-0c62-1000-a784-0ac2424e0000_1" logicalLevelRef="/oracle/bi/server/base/Dimension/268f3dd0-0c62-1000-a784-0ac2424e0000.xml#m268f3dd2-0c62-1000-a784-0ac2424e0000"/>
</RefChildLevels>
<RefLogicalColumns>
<RefLogicalColumn refId="m268f3dd1-0c62-1000-a784-0ac2424e0000-m26874e92-0c62-1000-a784-0ac2424e0000" logicalColumnRef="/oracle/bi/server/base/LogicalTable/26874e90-0c62-1000-a784-0ac2424e0000.xml#m26874e92-0c62-1000-a784-0ac2424e0000"/>
</RefLogicalColumns>
</LogicalLevel>
<LogicalLevel mdsid="m268f3dd2-0c62-1000-a784-0ac2424e0000" name="Minute" isGTA="false" isFDUC="true" memberCount="1" levelConst="&apos;Minute&apos;">
<LogicalKey mdsid="m268f3dd7-0c62-1000-a784-0ac2424e0000" name="Time" isPrimary="true" isForDrillDown="true">
<RefColumns>
<RefLogicalColumn refId="m268f3dd7-0c62-1000-a784-0ac2424e0000-m26874e94-0c62-1000-a784-0ac2424e0000" logicalColumnRef="/oracle/bi/server/base/LogicalTable/26874e90-0c62-1000-a784-0ac2424e0000.xml#m26874e94-0c62-1000-a784-0ac2424e0000"/>
</RefColumns>
</LogicalKey>
<RefLogicalColumns>
<RefLogicalColumn refId="m268f3dd2-0c62-1000-a784-0ac2424e0000-m26874e93-0c62-1000-a784-0ac2424e0000" logicalColumnRef="/oracle/bi/server/base/LogicalTable/26874e90-0c62-1000-a784-0ac2424e0000.xml#m26874e93-0c62-1000-a784-0ac2424e0000"/>
<RefLogicalColumn refId="m268f3dd2-0c62-1000-a784-0ac2424e0000-m26874e94-0c62-1000-a784-0ac2424e0000" logicalColumnRef="/oracle/bi/server/base/LogicalTable/26874e90-0c62-1000-a784-0ac2424e0000.xml#m26874e94-0c62-1000-a784-0ac2424e0000"/>
</RefLogicalColumns>
</LogicalLevel>
</Dimension>