<?xml version="1.0" encoding="UTF-8" ?>
<Dimension mdsid="m5757fdc0-0c63-1000-9f49-0ac2424e0000" name="Territory" xmlns:xsi="http://www.w3.org/2001/XMLSchema-instance" xmlns="http://www.oracle.com/obis/repository" isValueBased="false" isRagged="false" isSkipped="false" defaultRootLevelRef="/oracle/bi/server/base/Dimension/5757fdc0-0c63-1000-9f49-0ac2424e0000.xml#m5759ab70-0c63-1000-9f49-0ac2424e0000" subjectAreaRef="/oracle/bi/server/base/BusinessModel/d4e75b21-0c57-1000-ba5a-0ac2424e0000.xml#md4e75b21-0c57-1000-ba5a-0ac2424e0000">
<LogicalLevel mdsid="m5759ab70-0c63-1000-9f49-0ac2424e0000" name="All Territories" isGTA="true" isFDUC="true" memberCount="1" levelConst="&apos;All Territories&apos;">
<RefChildLevels>
<RefLogicalLevel refId="m5759ab70-0c63-1000-9f49-0ac2424e0000_m575c4380-0c63-1000-9f49-0ac2424e0000_1" logicalLevelRef="/oracle/bi/server/base/Dimension/5757fdc0-0c63-1000-9f49-0ac2424e0000.xml#m575c4380-0c63-1000-9f49-0ac2424e0000"/>
</RefChildLevels>
</LogicalLevel>
<LogicalLevel mdsid="m575c4380-0c63-1000-9f49-0ac2424e0000" name="Territory ID" isGTA="false" isFDUC="true" memberCount="1" levelConst="&apos;Territory ID&apos;">
<LogicalKey mdsid="m57608940-0c63-1000-9f49-0ac2424e0000" name="Territory Key" isPrimary="true">
<RefColumns>
<RefLogicalColumn refId="m57608940-0c63-1000-9f49-0ac2424e0000-m5725f146-0c63-1000-9f49-0ac2424e0000" logicalColumnRef="/oracle/bi/server/base/LogicalTable/5721f9a0-0c63-1000-9f49-0ac2424e0000.xml#m5725f146-0c63-1000-9f49-0ac2424e0000"/>
</RefColumns>
</LogicalKey>
<LogicalKey mdsid="m57620fe0-0c63-1000-9f49-0ac2424e0000" name="Territory ID" isForDrillDown="true">
<RefColumns>
<RefLogicalColumn refId="m57620fe0-0c63-1000-9f49-0ac2424e0000-m5725f147-0c63-1000-9f49-0ac2424e0000" logicalColumnRef="/oracle/bi/server/base/LogicalTable/5721f9a0-0c63-1000-9f49-0ac2424e0000.xml#m5725f147-0c63-1000-9f49-0ac2424e0000"/>
</RefColumns>
</LogicalKey>
<RefLogicalColumns>
<RefLogicalColumn refId="m575c4380-0c63-1000-9f49-0ac2424e0000-m5725f146-0c63-1000-9f49-0ac2424e0000" logicalColumnRef="/oracle/bi/server/base/LogicalTable/5721f9a0-0c63-1000-9f49-0ac2424e0000.xml#m5725f146-0c63-1000-9f49-0ac2424e0000"/>
<RefLogicalColumn refId="m575c4380-0c63-1000-9f49-0ac2424e0000-m5725f147-0c63-1000-9f49-0ac2424e0000" logicalColumnRef="/oracle/bi/server/base/LogicalTable/5721f9a0-0c63-1000-9f49-0ac2424e0000.xml#m5725f147-0c63-1000-9f49-0ac2424e0000"/>
</RefLogicalColumns>
</LogicalLevel>
</Dimension>