<?xml version="1.0" encoding="UTF-8" ?>
<Dimension mdsid="m7e421fe0-0c5b-1000-92db-0ac2424e0000" name="Call Date" xmlns:xsi="http://www.w3.org/2001/XMLSchema-instance" xmlns="http://www.oracle.com/obis/repository" isTimeDim="true" isValueBased="false" isRagged="false" isSkipped="false" defaultRootLevelRef="/oracle/bi/server/base/Dimension/7e421fe0-0c5b-1000-92db-0ac2424e0000.xml#m7e421fe1-0c5b-1000-92db-0ac2424e0000" subjectAreaRef="/oracle/bi/server/base/BusinessModel/d4e75b21-0c57-1000-ba5a-0ac2424e0000.xml#md4e75b21-0c57-1000-ba5a-0ac2424e0000">
<LogicalLevel mdsid="m7e421fe1-0c5b-1000-92db-0ac2424e0000" name="All Times" isGTA="true" isFDUC="true" memberCount="1" levelConst="&apos;All Times&apos;">
<RefChildLevels>
<RefLogicalLevel refId="m7e421fe1-0c5b-1000-92db-0ac2424e0000_m7e421fe2-0c5b-1000-92db-0ac2424e0000_1" logicalLevelRef="/oracle/bi/server/base/Dimension/7e421fe0-0c5b-1000-92db-0ac2424e0000.xml#m7e421fe2-0c5b-1000-92db-0ac2424e0000"/>
</RefChildLevels>
</LogicalLevel>
<LogicalLevel mdsid="m7e421fe2-0c5b-1000-92db-0ac2424e0000" name="Year" isGTA="false" isFDUC="true" memberCount="1" levelConst="&apos;Year&apos;">
<LogicalKey mdsid="m7e4246fc-0c5b-1000-92db-0ac2424e0000" name="Year" isPrimary="true" isChronKey="true" isForDrillDown="true">
<RefColumns>
<RefLogicalColumn refId="m7e4246fc-0c5b-1000-92db-0ac2424e0000-m7e399464-0c5b-1000-92db-0ac2424e0000" logicalColumnRef="/oracle/bi/server/base/LogicalTable/7e399460-0c5b-1000-92db-0ac2424e0000.xml#m7e399464-0c5b-1000-92db-0ac2424e0000"/>
</RefColumns>
</LogicalKey>
<RefChildLevels>
<RefLogicalLevel refId="m7e421fe2-0c5b-1000-92db-0ac2424e0000_m7e421fe3-0c5b-1000-92db-0ac2424e0000_1" logicalLevelRef="/oracle/bi/server/base/Dimension/7e421fe0-0c5b-1000-92db-0ac2424e0000.xml#m7e421fe3-0c5b-1000-92db-0ac2424e0000"/>
</RefChildLevels>
<RefLogicalColumns>
<RefLogicalColumn refId="m7e421fe2-0c5b-1000-92db-0ac2424e0000-m7e399464-0c5b-1000-92db-0ac2424e0000" logicalColumnRef="/oracle/bi/server/base/LogicalTable/7e399460-0c5b-1000-92db-0ac2424e0000.xml#m7e399464-0c5b-1000-92db-0ac2424e0000"/>
</RefLogicalColumns>
</LogicalLevel>
<LogicalLevel mdsid="m7e421fe3-0c5b-1000-92db-0ac2424e0000" name="Quarter" isGTA="false" isFDUC="true" memberCount="1" levelConst="&apos;Quarter&apos;">
<LogicalKey mdsid="m7e4246fd-0c5b-1000-92db-0ac2424e0000" name="Quarter ID" isPrimary="true" isChronKey="true">
<RefColumns>
<RefLogicalColumn refId="m7e4246fd-0c5b-1000-92db-0ac2424e0000-m7e39946a-0c5b-1000-92db-0ac2424e0000" logicalColumnRef="/oracle/bi/server/base/LogicalTable/7e399460-0c5b-1000-92db-0ac2424e0000.xml#m7e39946a-0c5b-1000-92db-0ac2424e0000"/>
</RefColumns>
</LogicalKey>
<LogicalKey mdsid="m7e4246fe-0c5b-1000-92db-0ac2424e0000" name="Quarter" isForDrillDown="true">
<RefColumns>
<RefLogicalColumn refId="m7e4246fe-0c5b-1000-92db-0ac2424e0000-m7e399465-0c5b-1000-92db-0ac2424e0000" logicalColumnRef="/oracle/bi/server/base/LogicalTable/7e399460-0c5b-1000-92db-0ac2424e0000.xml#m7e399465-0c5b-1000-92db-0ac2424e0000"/>
</RefColumns>
</LogicalKey>
<RefChildLevels>
<RefLogicalLevel refId="m7e421fe3-0c5b-1000-92db-0ac2424e0000_m7e421fe4-0c5b-1000-92db-0ac2424e0000_1" logicalLevelRef="/oracle/bi/server/base/Dimension/7e421fe0-0c5b-1000-92db-0ac2424e0000.xml#m7e421fe4-0c5b-1000-92db-0ac2424e0000"/>
</RefChildLevels>
<RefLogicalColumns>
<RefLogicalColumn refId="m7e421fe3-0c5b-1000-92db-0ac2424e0000-m7e399465-0c5b-1000-92db-0ac2424e0000" logicalColumnRef="/oracle/bi/server/base/LogicalTable/7e399460-0c5b-1000-92db-0ac2424e0000.xml#m7e399465-0c5b-1000-92db-0ac2424e0000"/>
<RefLogicalColumn refId="m7e421fe3-0c5b-1000-92db-0ac2424e0000-m7e39946a-0c5b-1000-92db-0ac2424e0000" logicalColumnRef="/oracle/bi/server/base/LogicalTable/7e399460-0c5b-1000-92db-0ac2424e0000.xml#m7e39946a-0c5b-1000-92db-0ac2424e0000"/>
</RefLogicalColumns>
</LogicalLevel>
<LogicalLevel mdsid="m7e421fe4-0c5b-1000-92db-0ac2424e0000" name="Month" isGTA="false" isFDUC="true" memberCount="1" levelConst="&apos;Month&apos;">
<LogicalKey mdsid="m7e4246ff-0c5b-1000-92db-0ac2424e0000" name="Month ID" isPrimary="true" isChronKey="true">
<RefColumns>
<RefLogicalColumn refId="m7e4246ff-0c5b-1000-92db-0ac2424e0000-m7e39946b-0c5b-1000-92db-0ac2424e0000" logicalColumnRef="/oracle/bi/server/base/LogicalTable/7e399460-0c5b-1000-92db-0ac2424e0000.xml#m7e39946b-0c5b-1000-92db-0ac2424e0000"/>
</RefColumns>
</LogicalKey>
<LogicalKey mdsid="m7e424700-0c5b-1000-92db-0ac2424e0000" name="Month" isForDrillDown="true">
<RefColumns>
<RefLogicalColumn refId="m7e424700-0c5b-1000-92db-0ac2424e0000-m7e399466-0c5b-1000-92db-0ac2424e0000" logicalColumnRef="/oracle/bi/server/base/LogicalTable/7e399460-0c5b-1000-92db-0ac2424e0000.xml#m7e399466-0c5b-1000-92db-0ac2424e0000"/>
</RefColumns>
</LogicalKey>
<RefChildLevels>
<RefLogicalLevel refId="m7e421fe4-0c5b-1000-92db-0ac2424e0000_m7e421fe5-0c5b-1000-92db-0ac2424e0000_1" logicalLevelRef="/oracle/bi/server/base/Dimension/7e421fe0-0c5b-1000-92db-0ac2424e0000.xml#m7e421fe5-0c5b-1000-92db-0ac2424e0000"/>
</RefChildLevels>
<RefLogicalColumns>
<RefLogicalColumn refId="m7e421fe4-0c5b-1000-92db-0ac2424e0000-m7e399466-0c5b-1000-92db-0ac2424e0000" logicalColumnRef="/oracle/bi/server/base/LogicalTable/7e399460-0c5b-1000-92db-0ac2424e0000.xml#m7e399466-0c5b-1000-92db-0ac2424e0000"/>
<RefLogicalColumn refId="m7e421fe4-0c5b-1000-92db-0ac2424e0000-m7e39946b-0c5b-1000-92db-0ac2424e0000" logicalColumnRef="/oracle/bi/server/base/LogicalTable/7e399460-0c5b-1000-92db-0ac2424e0000.xml#m7e39946b-0c5b-1000-92db-0ac2424e0000"/>
</RefLogicalColumns>
</LogicalLevel>
<LogicalLevel mdsid="m7e421fe5-0c5b-1000-92db-0ac2424e0000" name="Date" isGTA="false" isFDUC="true" memberCount="1" levelConst="&apos;Date&apos;">
<LogicalKey mdsid="m7e424701-0c5b-1000-92db-0ac2424e0000" name="Date" isPrimary="true" isForDrillDown="true">
<RefColumns>
<RefLogicalColumn refId="m7e424701-0c5b-1000-92db-0ac2424e0000-m7e399463-0c5b-1000-92db-0ac2424e0000" logicalColumnRef="/oracle/bi/server/base/LogicalTable/7e399460-0c5b-1000-92db-0ac2424e0000.xml#m7e399463-0c5b-1000-92db-0ac2424e0000"/>
</RefColumns>
</LogicalKey>
<RefLogicalColumns>
<RefLogicalColumn refId="m7e421fe5-0c5b-1000-92db-0ac2424e0000-m7e399463-0c5b-1000-92db-0ac2424e0000" logicalColumnRef="/oracle/bi/server/base/LogicalTable/7e399460-0c5b-1000-92db-0ac2424e0000.xml#m7e399463-0c5b-1000-92db-0ac2424e0000"/>
</RefLogicalColumns>
</LogicalLevel>
</Dimension>