<?xml version="1.0" encoding="UTF-8" ?>
<Dimension mdsid="mb43f84f0-0c62-1000-9f49-0ac2424e0000" name="Service Type" xmlns:xsi="http://www.w3.org/2001/XMLSchema-instance" xmlns="http://www.oracle.com/obis/repository" isValueBased="false" isRagged="false" isSkipped="false" defaultRootLevelRef="/oracle/bi/server/base/Dimension/b43f84f0-0c62-1000-9f49-0ac2424e0000.xml#mb4421d00-0c62-1000-9f49-0ac2424e0000" subjectAreaRef="/oracle/bi/server/base/BusinessModel/d4e75b21-0c57-1000-ba5a-0ac2424e0000.xml#md4e75b21-0c57-1000-ba5a-0ac2424e0000">
<LogicalLevel mdsid="mb4421d00-0c62-1000-9f49-0ac2424e0000" name="All Service Types" isGTA="true" isFDUC="true" memberCount="1" levelConst="&apos;All Service Types&apos;">
<RefChildLevels>
<RefLogicalLevel refId="mb4421d00-0c62-1000-9f49-0ac2424e0000_mb4455150-0c62-1000-9f49-0ac2424e0000_1" logicalLevelRef="/oracle/bi/server/base/Dimension/b43f84f0-0c62-1000-9f49-0ac2424e0000.xml#mb4455150-0c62-1000-9f49-0ac2424e0000"/>
</RefChildLevels>
</LogicalLevel>
<LogicalLevel mdsid="mb4455150-0c62-1000-9f49-0ac2424e0000" name="Service Type Group" isGTA="false" isFDUC="true" memberCount="1" levelConst="&apos;Service Type Group&apos;">
<LogicalKey mdsid="mb44ddcd0-0c62-1000-9f49-0ac2424e0000" name="Service Type Group" isPrimary="true" isForDrillDown="true">
<RefColumns>
<RefLogicalColumn refId="mb44ddcd0-0c62-1000-9f49-0ac2424e0000-mb42e6df2-0c62-1000-9f49-0ac2424e0000" logicalColumnRef="/oracle/bi/server/base/LogicalTable/b4271af0-0c62-1000-9f49-0ac2424e0000.xml#mb42e6df2-0c62-1000-9f49-0ac2424e0000"/>
</RefColumns>
</LogicalKey>
<RefChildLevels>
<RefLogicalLevel refId="mb4455150-0c62-1000-9f49-0ac2424e0000_mb44885a0-0c62-1000-9f49-0ac2424e0000_1" logicalLevelRef="/oracle/bi/server/base/Dimension/b43f84f0-0c62-1000-9f49-0ac2424e0000.xml#mb44885a0-0c62-1000-9f49-0ac2424e0000"/>
</RefChildLevels>
<RefLogicalColumns>
<RefLogicalColumn refId="mb4455150-0c62-1000-9f49-0ac2424e0000-mb42e6df2-0c62-1000-9f49-0ac2424e0000" logicalColumnRef="/oracle/bi/server/base/LogicalTable/b4271af0-0c62-1000-9f49-0ac2424e0000.xml#mb42e6df2-0c62-1000-9f49-0ac2424e0000"/>
</RefLogicalColumns>
</LogicalLevel>
<LogicalLevel mdsid="mb44885a0-0c62-1000-9f49-0ac2424e0000" name="Service Type ID" isGTA="false" isFDUC="true" memberCount="1" levelConst="&apos;Service Type ID&apos;">
<LogicalKey mdsid="mb44ec730-0c62-1000-9f49-0ac2424e0000" name="Service Type ID" isPrimary="true" isForDrillDown="true">
<RefColumns>
<RefLogicalColumn refId="mb44ec730-0c62-1000-9f49-0ac2424e0000-mb42b60b2-0c62-1000-9f49-0ac2424e0000" logicalColumnRef="/oracle/bi/server/base/LogicalTable/b4271af0-0c62-1000-9f49-0ac2424e0000.xml#mb42b60b2-0c62-1000-9f49-0ac2424e0000"/>
</RefColumns>
</LogicalKey>
<RefLogicalColumns>
<RefLogicalColumn refId="mb44885a0-0c62-1000-9f49-0ac2424e0000-mb42b60b2-0c62-1000-9f49-0ac2424e0000" logicalColumnRef="/oracle/bi/server/base/LogicalTable/b4271af0-0c62-1000-9f49-0ac2424e0000.xml#mb42b60b2-0c62-1000-9f49-0ac2424e0000"/>
</RefLogicalColumns>
</LogicalLevel>
</Dimension>