<?xml version="1.0" encoding="UTF-8" ?>
<Dimension mdsid="md8618dc0-0c57-1000-ba5a-0ac2424e0000" name="Call Origin" xmlns:xsi="http://www.w3.org/2001/XMLSchema-instance" xmlns="http://www.oracle.com/obis/repository" isValueBased="false" isRagged="false" isSkipped="false" defaultRootLevelRef="/oracle/bi/server/base/Dimension/d8618dc0-0c57-1000-ba5a-0ac2424e0000.xml#md8cf1ca0-0c57-1000-ba5a-0ac2424e0000" subjectAreaRef="/oracle/bi/server/base/BusinessModel/d4e75b21-0c57-1000-ba5a-0ac2424e0000.xml#md4e75b21-0c57-1000-ba5a-0ac2424e0000">
<LogicalLevel mdsid="md8cf1ca0-0c57-1000-ba5a-0ac2424e0000" name="All Call Origins" isGTA="true" isFDUC="true" memberCount="1" levelConst="&apos;All Call Origins&apos;">
<RefChildLevels>
<RefLogicalLevel refId="md8cf1ca0-0c57-1000-ba5a-0ac2424e0000_md86907d0-0c57-1000-ba5a-0ac2424e0000_1" logicalLevelRef="/oracle/bi/server/base/Dimension/d8618dc0-0c57-1000-ba5a-0ac2424e0000.xml#md86907d0-0c57-1000-ba5a-0ac2424e0000"/>
</RefChildLevels>
</LogicalLevel>
<LogicalLevel mdsid="md86907d0-0c57-1000-ba5a-0ac2424e0000" name="Level 1" isGTA="false" isFDUC="true" memberCount="1" levelConst="&apos;Level 1&apos;">
<LogicalKey mdsid="m0d4af980-0c59-1000-a443-0ac2424e0000" name="Level 1 Key" isPrimary="true" isForDrillDown="true">
<RefColumns>
<RefLogicalColumn refId="m0d4af980-0c59-1000-a443-0ac2424e0000-md61c7fc2-0c57-1000-ba5a-0ac2424e0000" logicalColumnRef="/oracle/bi/server/base/LogicalTable/d5693550-0c57-1000-ba5a-0ac2424e0000.xml#md61c7fc2-0c57-1000-ba5a-0ac2424e0000"/>
</RefColumns>
</LogicalKey>
<RefChildLevels>
<RefLogicalLevel refId="md86907d0-0c57-1000-ba5a-0ac2424e0000_md87cb6e0-0c57-1000-ba5a-0ac2424e0000_1" logicalLevelRef="/oracle/bi/server/base/Dimension/d8618dc0-0c57-1000-ba5a-0ac2424e0000.xml#md87cb6e0-0c57-1000-ba5a-0ac2424e0000"/>
</RefChildLevels>
<RefLogicalColumns>
<RefLogicalColumn refId="md86907d0-0c57-1000-ba5a-0ac2424e0000-md61c7fc2-0c57-1000-ba5a-0ac2424e0000" logicalColumnRef="/oracle/bi/server/base/LogicalTable/d5693550-0c57-1000-ba5a-0ac2424e0000.xml#md61c7fc2-0c57-1000-ba5a-0ac2424e0000"/>
</RefLogicalColumns>
</LogicalLevel>
<LogicalLevel mdsid="md87cb6e0-0c57-1000-ba5a-0ac2424e0000" name="Region" isGTA="false" isFDUC="true" memberCount="1" levelConst="&apos;Region&apos;">
<LogicalKey mdsid="md8910230-0c57-1000-ba5a-0ac2424e0000" name="Region" isPrimary="true" isForDrillDown="true">
<RefColumns>
<RefLogicalColumn refId="md8910230-0c57-1000-ba5a-0ac2424e0000-md61ddf51-0c57-1000-ba5a-0ac2424e0000" logicalColumnRef="/oracle/bi/server/base/LogicalTable/d5693550-0c57-1000-ba5a-0ac2424e0000.xml#md61ddf51-0c57-1000-ba5a-0ac2424e0000"/>
</RefColumns>
</LogicalKey>
<RefChildLevels>
<RefLogicalLevel refId="md87cb6e0-0c57-1000-ba5a-0ac2424e0000_md87f9d10-0c57-1000-ba5a-0ac2424e0000_1" logicalLevelRef="/oracle/bi/server/base/Dimension/d8618dc0-0c57-1000-ba5a-0ac2424e0000.xml#md87f9d10-0c57-1000-ba5a-0ac2424e0000"/>
</RefChildLevels>
<RefLogicalColumns>
<RefLogicalColumn refId="md87cb6e0-0c57-1000-ba5a-0ac2424e0000-md61ddf51-0c57-1000-ba5a-0ac2424e0000" logicalColumnRef="/oracle/bi/server/base/LogicalTable/d5693550-0c57-1000-ba5a-0ac2424e0000.xml#md61ddf51-0c57-1000-ba5a-0ac2424e0000"/>
</RefLogicalColumns>
</LogicalLevel>
<LogicalLevel mdsid="md87f9d10-0c57-1000-ba5a-0ac2424e0000" name="Continent" isGTA="false" isFDUC="true" memberCount="1" levelConst="&apos;Continent&apos;">
<LogicalKey mdsid="md894d2c0-0c57-1000-ba5a-0ac2424e0000" name="Continent" isPrimary="true" isForDrillDown="true">
<RefColumns>
<RefLogicalColumn refId="md894d2c0-0c57-1000-ba5a-0ac2424e0000-md61f3ee2-0c57-1000-ba5a-0ac2424e0000" logicalColumnRef="/oracle/bi/server/base/LogicalTable/d5693550-0c57-1000-ba5a-0ac2424e0000.xml#md61f3ee2-0c57-1000-ba5a-0ac2424e0000"/>
</RefColumns>
</LogicalKey>
<RefChildLevels>
<RefLogicalLevel refId="md87f9d10-0c57-1000-ba5a-0ac2424e0000_m4dbaa420-0c59-1000-891c-0ac2424e0000_1" logicalLevelRef="/oracle/bi/server/base/Dimension/d8618dc0-0c57-1000-ba5a-0ac2424e0000.xml#m4dbaa420-0c59-1000-891c-0ac2424e0000"/>
</RefChildLevels>
<RefLogicalColumns>
<RefLogicalColumn refId="md87f9d10-0c57-1000-ba5a-0ac2424e0000-md61f3ee2-0c57-1000-ba5a-0ac2424e0000" logicalColumnRef="/oracle/bi/server/base/LogicalTable/d5693550-0c57-1000-ba5a-0ac2424e0000.xml#md61f3ee2-0c57-1000-ba5a-0ac2424e0000"/>
</RefLogicalColumns>
</LogicalLevel>
<LogicalLevel mdsid="m4dbaa420-0c59-1000-891c-0ac2424e0000" name="Call Origin" isGTA="false" isFDUC="true" memberCount="1" levelConst="&apos;Call Origin&apos;">
<LogicalKey mdsid="m4dbd3c30-0c59-1000-891c-0ac2424e0000" name="Call Origin" isPrimary="true" isForDrillDown="true">
<RefColumns>
<RefLogicalColumn refId="m4dbd3c30-0c59-1000-891c-0ac2424e0000-md61a0ec2-0c57-1000-ba5a-0ac2424e0000" logicalColumnRef="/oracle/bi/server/base/LogicalTable/d5693550-0c57-1000-ba5a-0ac2424e0000.xml#md61a0ec2-0c57-1000-ba5a-0ac2424e0000"/>
</RefColumns>
</LogicalKey>
<RefLogicalColumns>
<RefLogicalColumn refId="m4dbaa420-0c59-1000-891c-0ac2424e0000-md61a0ec2-0c57-1000-ba5a-0ac2424e0000" logicalColumnRef="/oracle/bi/server/base/LogicalTable/d5693550-0c57-1000-ba5a-0ac2424e0000.xml#md61a0ec2-0c57-1000-ba5a-0ac2424e0000"/>
</RefLogicalColumns>
</LogicalLevel>
</Dimension>