<?xml version="1.0" encoding="UTF-8" ?>
<Dimension mdsid="me32ac8c0-0c57-1000-ba5a-0ac2424e0000" name="Trans Currency" xmlns:xsi="http://www.w3.org/2001/XMLSchema-instance" xmlns="http://www.oracle.com/obis/repository" isValueBased="false" isRagged="false" isSkipped="false" defaultRootLevelRef="/oracle/bi/server/base/Dimension/e32ac8c0-0c57-1000-ba5a-0ac2424e0000.xml#me32d12b0-0c57-1000-ba5a-0ac2424e0000" subjectAreaRef="/oracle/bi/server/base/BusinessModel/d4e75b21-0c57-1000-ba5a-0ac2424e0000.xml#md4e75b21-0c57-1000-ba5a-0ac2424e0000">
<LogicalLevel mdsid="me32d12b0-0c57-1000-ba5a-0ac2424e0000" name="Trans Cur Total" isGTA="true" isFDUC="true" memberCount="1" levelConst="&apos;Trans Cur Total&apos;">
<RefChildLevels>
<RefLogicalLevel refId="me32d12b0-0c57-1000-ba5a-0ac2424e0000_me3c3fb80-0c57-1000-ba5a-0ac2424e0000_1" logicalLevelRef="/oracle/bi/server/base/Dimension/e32ac8c0-0c57-1000-ba5a-0ac2424e0000.xml#me3c3fb80-0c57-1000-ba5a-0ac2424e0000"/>
</RefChildLevels>
</LogicalLevel>
<LogicalLevel mdsid="me3c3fb80-0c57-1000-ba5a-0ac2424e0000" name="Trans Cur" isGTA="false" isFDUC="true" memberCount="1" levelConst="&apos;Trans Cur&apos;">
<LogicalKey mdsid="me3c8b670-0c57-1000-ba5a-0ac2424e0000" name="currency_key" isPrimary="true" isForDrillDown="true">
<RefColumns>
<RefLogicalColumn refId="me3c8b670-0c57-1000-ba5a-0ac2424e0000-me31ee1e4-0c57-1000-ba5a-0ac2424e0000" logicalColumnRef="/oracle/bi/server/base/LogicalTable/e31bfbb0-0c57-1000-ba5a-0ac2424e0000.xml#me31ee1e4-0c57-1000-ba5a-0ac2424e0000"/>
</RefColumns>
</LogicalKey>
<LogicalKey mdsid="m4d851530-0c59-1000-891c-0ac2424e0000" name="Currency" isForDrillDown="true">
<RefColumns>
<RefLogicalColumn refId="m4d851530-0c59-1000-891c-0ac2424e0000-me31ff350-0c57-1000-ba5a-0ac2424e0000" logicalColumnRef="/oracle/bi/server/base/LogicalTable/e31bfbb0-0c57-1000-ba5a-0ac2424e0000.xml#me31ff350-0c57-1000-ba5a-0ac2424e0000"/>
</RefColumns>
</LogicalKey>
<RefLogicalColumns>
<RefLogicalColumn refId="me3c3fb80-0c57-1000-ba5a-0ac2424e0000-me31ee1e4-0c57-1000-ba5a-0ac2424e0000" logicalColumnRef="/oracle/bi/server/base/LogicalTable/e31bfbb0-0c57-1000-ba5a-0ac2424e0000.xml#me31ee1e4-0c57-1000-ba5a-0ac2424e0000"/>
<RefLogicalColumn refId="me3c3fb80-0c57-1000-ba5a-0ac2424e0000-me31ff350-0c57-1000-ba5a-0ac2424e0000" logicalColumnRef="/oracle/bi/server/base/LogicalTable/e31bfbb0-0c57-1000-ba5a-0ac2424e0000.xml#me31ff350-0c57-1000-ba5a-0ac2424e0000"/>
</RefLogicalColumns>
</LogicalLevel>
</Dimension>