<?xml version="1.0" encoding="UTF-8" ?>
<PresentationTable mdsid="m27186b3a-0c62-1000-a784-0ac2424e0000" name="Topic" xmlns:xsi="http://www.w3.org/2001/XMLSchema-instance" xmlns="http://www.oracle.com/obis/repository" hasDispName="false" hasDispDescription="false" containerRef="/oracle/bi/server/base/PresentationCatalog/27186b38-0c62-1000-a784-0ac2424e0000.xml#m27186b38-0c62-1000-a784-0ac2424e0000">
<PresentationColumn mdsid="m27186b03-0c62-1000-a784-0ac2424e0000" name="Repository Name" hasDispName="false" hasDispDescription="false" overrideLogicalName="false" logicalColumnRef="/oracle/bi/server/base/LogicalTable/251017e0-0c62-1000-a784-0ac2424e0000.xml#m251017e4-0c62-1000-a784-0ac2424e0000">
</PresentationColumn>
<PresentationColumn mdsid="m27186b04-0c62-1000-a784-0ac2424e0000" name="Subject Area Name" hasDispName="false" hasDispDescription="false" overrideLogicalName="false" logicalColumnRef="/oracle/bi/server/base/LogicalTable/251017e0-0c62-1000-a784-0ac2424e0000.xml#m251017e5-0c62-1000-a784-0ac2424e0000">
</PresentationColumn>
<PresentationColumn mdsid="m27186b05-0c62-1000-a784-0ac2424e0000" name="Node ID" hasDispName="false" hasDispDescription="false" overrideLogicalName="false" logicalColumnRef="/oracle/bi/server/base/LogicalTable/251017e0-0c62-1000-a784-0ac2424e0000.xml#m251017e6-0c62-1000-a784-0ac2424e0000">
</PresentationColumn>
<PresentationColumn mdsid="m27186b06-0c62-1000-a784-0ac2424e0000" name="Logical SQL" hasDispName="false" hasDispDescription="false" overrideLogicalName="false" logicalColumnRef="/oracle/bi/server/base/LogicalTable/251017e0-0c62-1000-a784-0ac2424e0000.xml#m251017e7-0c62-1000-a784-0ac2424e0000">
</PresentationColumn>
<PresentationColumn mdsid="m27186b07-0c62-1000-a784-0ac2424e0000" name="Query Type" hasDispName="false" hasDispDescription="false" overrideLogicalName="false" logicalColumnRef="/oracle/bi/server/base/LogicalTable/251017e0-0c62-1000-a784-0ac2424e0000.xml#m251017e8-0c62-1000-a784-0ac2424e0000">
</PresentationColumn>
<PresentationColumn mdsid="m27186b08-0c62-1000-a784-0ac2424e0000" name="Cache Hit Indicator" hasDispName="false" hasDispDescription="false" overrideLogicalName="false" logicalColumnRef="/oracle/bi/server/base/LogicalTable/251017e0-0c62-1000-a784-0ac2424e0000.xml#m251017e9-0c62-1000-a784-0ac2424e0000">
</PresentationColumn>
<PresentationColumn mdsid="m27186b09-0c62-1000-a784-0ac2424e0000" name="Webcat Path" hasDispName="false" hasDispDescription="false" overrideLogicalName="false" logicalColumnRef="/oracle/bi/server/base/LogicalTable/251017e0-0c62-1000-a784-0ac2424e0000.xml#m251017ea-0c62-1000-a784-0ac2424e0000">
</PresentationColumn>
<PresentationColumn mdsid="m27186b0a-0c62-1000-a784-0ac2424e0000" name="Dashboard" hasDispName="false" hasDispDescription="false" overrideLogicalName="false" logicalColumnRef="/oracle/bi/server/base/LogicalTable/251017e0-0c62-1000-a784-0ac2424e0000.xml#m251017eb-0c62-1000-a784-0ac2424e0000">
</PresentationColumn>
<PresentationColumn mdsid="m27186b0b-0c62-1000-a784-0ac2424e0000" name="Dashboard Page" hasDispName="false" hasDispDescription="false" overrideLogicalName="false" logicalColumnRef="/oracle/bi/server/base/LogicalTable/251017e0-0c62-1000-a784-0ac2424e0000.xml#m251017ec-0c62-1000-a784-0ac2424e0000">
</PresentationColumn>
<PresentationColumn mdsid="m27186b0c-0c62-1000-a784-0ac2424e0000" name="Presentation Catalog" hasDispName="false" hasDispDescription="false" overrideLogicalName="false" logicalColumnRef="/oracle/bi/server/base/LogicalTable/251017e0-0c62-1000-a784-0ac2424e0000.xml#m251017ed-0c62-1000-a784-0ac2424e0000">
</PresentationColumn>
<RefHierarchies>
<RefPresentationHierarchy refId="m27186b3a-0c62-1000-a784-0ac2424e0000-m27186b42-0c62-1000-a784-0ac2424e0000" presentationHierarchyRef="/oracle/bi/server/base/PresentationHierarchy/27186b42-0c62-1000-a784-0ac2424e0000.xml#m27186b42-0c62-1000-a784-0ac2424e0000"/>
</RefHierarchies>
</PresentationTable>