<?xml version="1.0" encoding="UTF-8" ?>
<PresentationTable mdsid="m27186b3f-0c62-1000-a784-0ac2424e0000" name="End Clock" xmlns:xsi="http://www.w3.org/2001/XMLSchema-instance" xmlns="http://www.oracle.com/obis/repository" hasDispName="false" hasDispDescription="false" containerRef="/oracle/bi/server/base/PresentationCatalog/27186b38-0c62-1000-a784-0ac2424e0000.xml#m27186b38-0c62-1000-a784-0ac2424e0000">
<PresentationColumn mdsid="m27186b2b-0c62-1000-a784-0ac2424e0000" name="Hour" hasDispName="false" hasDispDescription="false" overrideLogicalName="false" logicalColumnRef="/oracle/bi/server/base/LogicalTable/26874e90-0c62-1000-a784-0ac2424e0000.xml#m26874e92-0c62-1000-a784-0ac2424e0000">
</PresentationColumn>
<PresentationColumn mdsid="m27186b2c-0c62-1000-a784-0ac2424e0000" name="Minute" hasDispName="false" hasDispDescription="false" overrideLogicalName="false" logicalColumnRef="/oracle/bi/server/base/LogicalTable/26874e90-0c62-1000-a784-0ac2424e0000.xml#m26874e93-0c62-1000-a784-0ac2424e0000">
</PresentationColumn>
<PresentationColumn mdsid="m27186b2d-0c62-1000-a784-0ac2424e0000" name="Time" hasDispName="false" hasDispDescription="false" overrideLogicalName="false" logicalColumnRef="/oracle/bi/server/base/LogicalTable/26874e90-0c62-1000-a784-0ac2424e0000.xml#m26874e94-0c62-1000-a784-0ac2424e0000">
</PresentationColumn>
<RefHierarchies>
<RefPresentationHierarchy refId="m27186b3f-0c62-1000-a784-0ac2424e0000-m27186b45-0c62-1000-a784-0ac2424e0000" presentationHierarchyRef="/oracle/bi/server/base/PresentationHierarchy/27186b45-0c62-1000-a784-0ac2424e0000.xml#m27186b45-0c62-1000-a784-0ac2424e0000"/>
</RefHierarchies>
</PresentationTable>