<?xml version="1.0" encoding="UTF-8" ?>
<PresentationTable mdsid="m27186b39-0c62-1000-a784-0ac2424e0000" name="Start Clock" xmlns:xsi="http://www.w3.org/2001/XMLSchema-instance" xmlns="http://www.oracle.com/obis/repository" hasDispName="false" hasDispDescription="false" containerRef="/oracle/bi/server/base/PresentationCatalog/27186b38-0c62-1000-a784-0ac2424e0000.xml#m27186b38-0c62-1000-a784-0ac2424e0000">
<PresentationColumn mdsid="m27186b00-0c62-1000-a784-0ac2424e0000" name="Hour" hasDispName="false" hasDispDescription="false" overrideLogicalName="false" logicalColumnRef="/oracle/bi/server/base/LogicalTable/250e4321-0c62-1000-a784-0ac2424e0000.xml#m250e432e-0c62-1000-a784-0ac2424e0000">
</PresentationColumn>
<PresentationColumn mdsid="m27186b01-0c62-1000-a784-0ac2424e0000" name="Minute" hasDispName="false" hasDispDescription="false" overrideLogicalName="false" logicalColumnRef="/oracle/bi/server/base/LogicalTable/250e4321-0c62-1000-a784-0ac2424e0000.xml#m250e432f-0c62-1000-a784-0ac2424e0000">
</PresentationColumn>
<PresentationColumn mdsid="m27186b02-0c62-1000-a784-0ac2424e0000" name="Time" hasDispName="false" hasDispDescription="false" overrideLogicalName="false" logicalColumnRef="/oracle/bi/server/base/LogicalTable/250e4321-0c62-1000-a784-0ac2424e0000.xml#m250e4330-0c62-1000-a784-0ac2424e0000">
</PresentationColumn>
<RefHierarchies>
<RefPresentationHierarchy refId="m27186b39-0c62-1000-a784-0ac2424e0000-m27186b41-0c62-1000-a784-0ac2424e0000" presentationHierarchyRef="/oracle/bi/server/base/PresentationHierarchy/27186b41-0c62-1000-a784-0ac2424e0000.xml#m27186b41-0c62-1000-a784-0ac2424e0000"/>
</RefHierarchies>
</PresentationTable>