<?xml version="1.0" encoding="UTF-8" ?>
<PresentationTable mdsid="m3c1bcbfe-0c58-1000-ba5a-0ac2424e0000" name="Business Unit" xmlns:xsi="http://www.w3.org/2001/XMLSchema-instance" xmlns="http://www.oracle.com/obis/repository" hasDispName="false" hasDispDescription="false" containerRef="/oracle/bi/server/base/PresentationCatalog/d903c130-0c57-1000-ba5a-0ac2424e0000.xml#md903c130-0c57-1000-ba5a-0ac2424e0000">
<PresentationColumn mdsid="m3c1bcbfa-0c58-1000-ba5a-0ac2424e0000" name="Region" hasDispName="false" hasDispDescription="false" overrideLogicalName="false" logicalColumnRef="/oracle/bi/server/base/LogicalTable/16d393a0-0c58-1000-ba5a-0ac2424e0000.xml#m16dfefb0-0c58-1000-ba5a-0ac2424e0000">
</PresentationColumn>
<PresentationColumn mdsid="m3c1bcbfb-0c58-1000-ba5a-0ac2424e0000" name="Country" hasDispName="false" hasDispDescription="false" overrideLogicalName="false" logicalColumnRef="/oracle/bi/server/base/LogicalTable/16d393a0-0c58-1000-ba5a-0ac2424e0000.xml#m16dfefb1-0c58-1000-ba5a-0ac2424e0000">
<Alias name="gl_co_gen02_cd"/>
<Alias name="Level 2 Key"/>
</PresentationColumn>
<PresentationColumn mdsid="m3c1bcbfd-0c58-1000-ba5a-0ac2424e0000" name="Business Unit" hasDispName="false" hasDispDescription="false" overrideLogicalName="false" logicalColumnRef="/oracle/bi/server/base/LogicalTable/16d393a0-0c58-1000-ba5a-0ac2424e0000.xml#m16dfc8a6-0c58-1000-ba5a-0ac2424e0000">
</PresentationColumn>
<RefHierarchies>
<RefPresentationHierarchy refId="m3c1bcbfe-0c58-1000-ba5a-0ac2424e0000-m4ddb2471-0c59-1000-891c-0ac2424e0000" presentationHierarchyRef="/oracle/bi/server/base/PresentationHierarchy/4ddb2471-0c59-1000-891c-0ac2424e0000.xml#m4ddb2471-0c59-1000-891c-0ac2424e0000"/>
</RefHierarchies>
</PresentationTable>