<?xml version="1.0" encoding="UTF-8" ?>
<PresentationTable mdsid="maa31aee1-0c5b-1000-92db-0ac2424e0000" name="GL Date" xmlns:xsi="http://www.w3.org/2001/XMLSchema-instance" xmlns="http://www.oracle.com/obis/repository" hasDispName="false" hasDispDescription="false" containerRef="/oracle/bi/server/base/PresentationCatalog/d903c130-0c57-1000-ba5a-0ac2424e0000.xml#md903c130-0c57-1000-ba5a-0ac2424e0000">
<PresentationColumn mdsid="maa3187e6-0c5b-1000-92db-0ac2424e0000" name="Year" hasDispName="false" hasDispDescription="false" overrideLogicalName="false" logicalColumnRef="/oracle/bi/server/base/LogicalTable/d50654d0-0c57-1000-ba5a-0ac2424e0000.xml#md55697b2-0c57-1000-ba5a-0ac2424e0000">
</PresentationColumn>
<PresentationColumn mdsid="maa3187e7-0c5b-1000-92db-0ac2424e0000" name="Quarter" hasDispName="false" hasDispDescription="false" overrideLogicalName="false" logicalColumnRef="/oracle/bi/server/base/LogicalTable/d50654d0-0c57-1000-ba5a-0ac2424e0000.xml#md55beee2-0c57-1000-ba5a-0ac2424e0000">
</PresentationColumn>
<PresentationColumn mdsid="maa3187e8-0c5b-1000-92db-0ac2424e0000" name="Month" hasDispName="false" hasDispDescription="false" overrideLogicalName="false" logicalColumnRef="/oracle/bi/server/base/LogicalTable/d50654d0-0c57-1000-ba5a-0ac2424e0000.xml#md55d4e72-0c57-1000-ba5a-0ac2424e0000">
</PresentationColumn>
<PresentationColumn mdsid="mb6e331e1-0c5b-1000-92db-0ac2424e0000" name="Month Name" hasDispName="false" hasDispDescription="false" overrideLogicalName="false" logicalColumnRef="/oracle/bi/server/base/LogicalTable/d50654d0-0c57-1000-ba5a-0ac2424e0000.xml#mb6d54f32-0c5b-1000-92db-0ac2424e0000">
</PresentationColumn>
<PresentationColumn mdsid="m33b90f01-0c6b-1000-9af1-0ac2424e0000" name="Month Number" hasDispName="false" hasDispDescription="false" overrideLogicalName="false" logicalColumnRef="/oracle/bi/server/base/LogicalTable/d50654d0-0c57-1000-ba5a-0ac2424e0000.xml#m4679c202-0c58-1000-ba5a-0ac2424e0000">
</PresentationColumn>
<PresentationColumn mdsid="m57335ec1-0c63-1000-9f49-0ac2424e0000" name="Date" hasDispName="false" hasDispDescription="false" overrideLogicalName="false" logicalColumnRef="/oracle/bi/server/base/LogicalTable/d50654d0-0c57-1000-ba5a-0ac2424e0000.xml#md55203d2-0c57-1000-ba5a-0ac2424e0000">
</PresentationColumn>
<RefHierarchies>
<RefPresentationHierarchy refId="maa31aee1-0c5b-1000-92db-0ac2424e0000-m5730c6b6-0c63-1000-9f49-0ac2424e0000" presentationHierarchyRef="/oracle/bi/server/base/PresentationHierarchy/5730c6b6-0c63-1000-9f49-0ac2424e0000.xml#m5730c6b6-0c63-1000-9f49-0ac2424e0000"/>
</RefHierarchies>
</PresentationTable>