<?xml version="1.0" encoding="UTF-8" ?>
<Database mdsid="mbd848660-0c61-1000-8029-0ac2424e0000" name="OBI Usage Tracking" xmlns:xsi="http://www.w3.org/2001/XMLSchema-instance" xmlns="http://www.oracle.com/obis/repository" type="SQLServer2008">
<Feature name="LEFT_OUTER_JOIN_SUPPORTED" value="true"/>
<Feature name="RIGHT_OUTER_JOIN_SUPPORTED" value="true"/>
<Feature name="FULL_OUTER_JOIN_SUPPORTED" value="true"/>
<Feature name="NESTED_OUTER_JOIN_SUPPORTED" value="true"/>
<Feature name="UNION_SUPPORTED" value="true"/>
<Feature name="UNION_ALL_SUPPORTED" value="true"/>
<Feature name="COUNT_SUPPORTED" value="true"/>
<Feature name="COUNT_DISTINCT_SUPPORTED" value="true"/>
<Feature name="COUNT_STAR_SUPPORTED" value="true"/>
<Feature name="SUM_SUPPORTED" value="true"/>
<Feature name="AVG_SUPPORTED" value="true"/>
<Feature name="MIN_SUPPORTED" value="true"/>
<Feature name="MAX_SUPPORTED" value="true"/>
<Feature name="FIRST_SUPPORTED" value="false"/>
<Feature name="LAST_SUPPORTED" value="false"/>
<Feature name="RANK_SUPPORTED" value="true"/>
<Feature name="PERCENTILE_SUPPORTED" value="false"/>
<Feature name="MOVING_AVG_SUPPORTED" value="false"/>
<Feature name="TOPN_SUPPORTED" value="true"/>
<Feature name="BOTTOMN_SUPPORTED" value="true"/>
<Feature name="GROUP_BY_SUPPORTED" value="true"/>
<Feature name="GROUP_BY_EXPR_SUPPORTED" value="true"/>
<Feature name="HAVING_SUPPORTED" value="true"/>
<Feature name="PARAMETERS_IN_HAVING_CLAUSE_SUPPORTED" value="false"/>
<Feature name="ORDERBY_SUPPORTED" value="true"/>
<Feature name="EXPRESSIONS_IN_ORDERBY_SUPPORTED" value="true"/>
<Feature name="ORDER_BY_COLUMNS_IN_SELECT_SUPPORTED" value="false"/>
<Feature name="NULL_VALUES_SORT_FIRST" value="true"/>
<Feature name="DISTINCT_SUPPORTED" value="true"/>
<Feature name="CASE_LOOK_UP_SUPPORTED" value="true"/>
<Feature name="CASE_IF_SUPPORTED" value="true"/>
<Feature name="DATE_LITERAL_SUPPORTED" value="true"/>
<Feature name="TIME_LITERAL_SUPPORTED" value="true"/>
<Feature name="DATE_TIME_LITERAL_SUPPORTED" value="true"/>
<Feature name="INTERVAL_LITERAL_SUPPORTED" value="false"/>
<Feature name="CURDATE_SUPPORTED" value="false"/>
<Feature name="CURTIME_SUPPORTED" value="false"/>
<Feature name="NOW_SUPPORTED" value="false"/>
<Feature name="CALENDAR_EXTRACT_DAY_SUPPORTED" value="true"/>
<Feature name="CALENDAR_EXTRACT_DAY_OF_QUARTER_SUPPORTED" value="false"/>
<Feature name="CALENDAR_EXTRACT_DAY_OF_YEAR_SUPPORTED" value="true"/>
<Feature name="CALENDAR_EXTRACT_HOUR_SUPPORTED" value="true"/>
<Feature name="CALENDAR_EXTRACT_MINUTE_SUPPORTED" value="true"/>
<Feature name="CALENDAR_EXTRACT_MONTH_SUPPORTED" value="true"/>
<Feature name="CALENDAR_EXTRACT_MONTH_OF_QUARTER_SUPPORTED" value="false"/>
<Feature name="CALENDAR_EXTRACT_QUARTER_OF_YEAR_SUPPORTED" value="true"/>
<Feature name="CALENDAR_EXTRACT_SECOND_SUPPORTED" value="true"/>
<Feature name="CALENDAR_EXTRACT_WEEK_OF_QUARTER_SUPPORTED" value="false"/>
<Feature name="CALENDAR_EXTRACT_WEEK_OF_YEAR_SUPPORTED" value="true"/>
<Feature name="CALENDAR_EXTRACT_YEAR_SUPPORTED" value="true"/>
<Feature name="CALENDAR_EXTRACT_WEEK_OF_MONTH_SUPPORTED" value="false"/>
<Feature name="CALENDAR_EXTRACT_SHORT_NAME_OF_MONTH_SUPPORTED" value="true"/>
<Feature name="CALENDAR_EXTRACT_DAY_OF_WEEK_SUPPORTED" value="true"/>
<Feature name="CALENDAR_EXTRACT_SHORT_NAME_OF_DAY_SUPPORTED" value="true"/>
<Feature name="FISCAL_EXTRACT_DAY_SUPPORTED" value="false"/>
<Feature name="FISCAL_EXTRACT_DAY_OF_QUARTER_SUPPORTED" value="false"/>
<Feature name="FISCAL_EXTRACT_DAY_OF_YEAR_SUPPORTED" value="false"/>
<Feature name="FISCAL_EXTRACT_HOUR_SUPPORTED" value="false"/>
<Feature name="FISCAL_EXTRACT_MINUTE_SUPPORTED" value="false"/>
<Feature name="FISCAL_EXTRACT_MONTH_SUPPORTED" value="false"/>
<Feature name="FISCAL_EXTRACT_MONTH_OF_QUARTER_SUPPORTED" value="false"/>
<Feature name="FISCAL_EXTRACT_QUARTER_OF_YEAR_SUPPORTED" value="false"/>
<Feature name="FISCAL_EXTRACT_SECOND_SUPPORTED" value="false"/>
<Feature name="FISCAL_EXTRACT_WEEK_OF_QUARTER_SUPPORTED" value="false"/>
<Feature name="FISCAL_EXTRACT_WEEK_OF_YEAR_SUPPORTED" value="false"/>
<Feature name="FISCAL_EXTRACT_YEAR_SUPPORTED" value="false"/>
<Feature name="FISCAL_EXTRACT_WEEK_OF_MONTH_SUPPORTED" value="false"/>
<Feature name="FISCAL_EXTRACT_SHORT_NAME_OF_MONTH_SUPPORTED" value="false"/>
<Feature name="FISCAL_EXTRACT_DAY_OF_WEEK_SUPPORTED" value="false"/>
<Feature name="FISCAL_EXTRACT_SHORT_NAME_OF_DAY_SUPPORTED" value="false"/>
<Feature name="TIMESTAMP_ADD_SUPPORTED" value="true"/>
<Feature name="TIMESTAMP_DIFF_SUPPORTED" value="true"/>
<Feature name="CHAR_LENGTH_SUPPORTED" value="false"/>
<Feature name="BIT_LENGTH_SUPPORTED" value="false"/>
<Feature name="OCTET_LENGTH_SUPPORTED" value="false"/>
<Feature name="POSITION_SUPPORTED" value="true"/>
<Feature name="LOCATE_SUPPORTED" value="false"/>
<Feature name="ASCII_SUPPORTED" value="true"/>
<Feature name="LENGTH_SUPPORTED" value="true"/>
<Feature name="EXP_SUPPORTED" value="true"/>
<Feature name="POWER_SUPPORTED" value="true"/>
<Feature name="SQRT_SUPPORTED" value="true"/>
<Feature name="CEILING_SUPPORTED" value="true"/>
<Feature name="FLOOR_SUPPORTED" value="true"/>
<Feature name="ROUND_SUPPORTED" value="true"/>
<Feature name="TRUNCATE_SUPPORTED" value="false"/>
<Feature name="SIGN_SUPPORTED" value="true"/>
<Feature name="ABS_SUPPORTED" value="true"/>
<Feature name="MOD_SUPPORTED" value="true"/>
<Feature name="MODF_SUPPORTED" value="false"/>
<Feature name="RAND_SUPPORTED" value="false"/>
<Feature name="LOG_SUPPORTED" value="true"/>
<Feature name="LOG10_SUPPORTED" value="true"/>
<Feature name="PI_SUPPORTED" value="true"/>
<Feature name="DEGREES_SUPPORTED" value="true"/>
<Feature name="RADIANS_SUPPORTED" value="true"/>
<Feature name="SIN_SUPPORTED" value="true"/>
<Feature name="COS_SUPPORTED" value="true"/>
<Feature name="TAN_SUPPORTED" value="true"/>
<Feature name="COT_SUPPORTED" value="true"/>
<Feature name="ASIN_SUPPORTED" value="true"/>
<Feature name="ACOS_SUPPORTED" value="true"/>
<Feature name="ATAN_SUPPORTED" value="true"/>
<Feature name="ATAN2_SUPPORTED" value="true"/>
<Feature name="SINH_SUPPORTED" value="true"/>
<Feature name="COSH_SUPPORTED" value="true"/>
<Feature name="TANH_SUPPORTED" value="true"/>
<Feature name="TRIM_SUPPORTED" value="true"/>
<Feature name="LTRIM_SUPPORTED" value="true"/>
<Feature name="RTRIM_SUPPORTED" value="true"/>
<Feature name="UPPER_SUPPORTED" value="true"/>
<Feature name="LOWER_SUPPORTED" value="true"/>
<Feature name="CONCAT_SUPPORTED" value="true"/>
<Feature name="SUBSTRING_SUPPORTED" value="true"/>
<Feature name="REPLACE_SUPPORTED" value="true"/>
<Feature name="INSERT_SUPPORTED" value="true"/>
<Feature name="LEFT_SUPPORTED" value="true"/>
<Feature name="RIGHT_SUPPORTED" value="true"/>
<Feature name="SPACE_SUPPORTED" value="true"/>
<Feature name="REPEAT_SUPPORTED" value="true"/>
<Feature name="CHAR_SUPPORTED" value="true"/>
<Feature name="CONCAT_NULL_RETURNS_NULL" value="true"/>
<Feature name="DATABASE_SUPPORTED" value="true"/>
<Feature name="IFNULL_SUPPORTED" value="true"/>
<Feature name="USER_SUPPORTED" value="true"/>
<Feature name="CONVERT_SUPPORTED" value="true"/>
<Feature name="NULL_SUPPORTED" value="true"/>
<Feature name="BETWEEN_SUPPORTED" value="true"/>
<Feature name="LIKE_SUPPORTED" value="true"/>
<Feature name="LIKE_ESCAPE_CLAUSE_SUPPORTED" value="true"/>
<Feature name="IN_SUPPORTED" value="true"/>
<Feature name="MULTIPLE_STATEMENTS_PER_CONNECTION_SUPPORTED" value="false"/>
<Feature name="CAST_SUPPORTED" value="true"/>
<Feature name="ODBC_API_CONFORMANCE_NONE_SUPPORTED" value="false"/>
<Feature name="ODBC_API_CONFORMANCE_LEVEL1_SUPPORTED" value="false"/>
<Feature name="ODBC_API_CONFORMANCE_LEVEL2 _SUPPORTED" value="false"/>
<Feature name="ODBC_SQL_CONFORMANCE_MINIMUM_SUPPORTED" value="false"/>
<Feature name="ODBC_SQL_CONFORMANCE_CORE_SUPPORTED" value="false"/>
<Feature name="SQL_ODBC_CONFORMANCE_EXTENDED_SUPPORTED" value="false"/>
<Feature name="DERIVED_TABLES_SUPPORTED" value="true"/>
<Feature name="CORRELATION_NAME_SUPPORTED" value="true"/>
<Feature name="PREDICATE_SCALAR_SUBQUERY_SUPPORTED" value="true"/>
<Feature name="VALUE_SUBQUERY_SUPPORTED" value="true"/>
<Feature name="CORRELATED_SUBQUERY_SUPPORTED" value="true"/>
<Feature name="COMPARISON_SUBQUERY_SUPPORTED" value="true"/>
<Feature name="EXISTS_SUBQUERY_SUPPORTED" value="true"/>
<Feature name="IN_SUBQUERY_SUPPORTED" value="true"/>
<Feature name="QUANTIFIED_SUBQUERY_SUPPORTED" value="true"/>
<Feature name="PERF_PREFER_IN_LISTS" value="false"/>
<Feature name="SQL89_COLUMN_ALIAS_CONFORMANCE_SUPPORTED" value="false"/>
<Feature name="ADD_SUPPORTED" value="true"/>
<Feature name="SUBTRACT_SUPPORTED" value="true"/>
<Feature name="MULTIPLY_SUPPORTED" value="true"/>
<Feature name="DIVIDE_SUPPORTED" value="true"/>
<Feature name="UNARY_MINUS_SUPPORTED" value="true"/>
<Feature name="PARAMETER_SUPPORTED" value="true"/>
<Feature name="STRING_LITERAL_SUPPORTED" value="true"/>
<Feature name="INTEGER_LITERAL_SUPPORTED" value="true"/>
<Feature name="FLOAT_LITERAL_SUPPORTED" value="true"/>
<Feature name="EQUALITY_SUPPORTED" value="true"/>
<Feature name="LESS_THAN_SUPPORTED" value="true"/>
<Feature name="GREATER_THAN_SUPPORTED" value="true"/>
<Feature name="LESS_EQUAL_THAN_SUPPORTED" value="true"/>
<Feature name="GREATER_EQUAL_THAN_SUPPORTED" value="true"/>
<Feature name="NOT_EQUAL_SUPPORTED" value="true"/>
<Feature name="AND_SUPPORTED" value="true"/>
<Feature name="OR_SUPPORTED" value="true"/>
<Feature name="NOT_SUPPORTED" value="true"/>
<Feature name="NTILE_SUPPORTED" value="false"/>
<Feature name="MEDIAN_SUPPORTED" value="false"/>
<Feature name="STDDEV_SAMP_SUPPORTED" value="true"/>
<Feature name="STDDEV_SAMP_DISTINCT_SUPPORTED" value="false"/>
<Feature name="STDDEV_POP_SUPPORTED" value="true"/>
<Feature name="STDDEV_POP_DISTINCT_SUPPORTED" value="false"/>
<Feature name="CALENDAR_EXTRACT_LONG_NAME_OF_MONTH_SUPPORTED" value="false"/>
<Feature name="CALENDAR_EXTRACT_LONG_NAME_OF_DAY_SUPPORTED" value="false"/>
<Feature name="FISCAL_EXTRACT_LONG_NAME_OF_MONTH_SUPPORTED" value="false"/>
<Feature name="FISCAL_EXTRACT_LONG_NAME_OF_DAY_SUPPORTED" value="false"/>
<Feature name="EXCEPT_SUPPORTED" value="true"/>
<Feature name="EXCEPT_ALL_SUPPORTED" value="false"/>
<Feature name="INTERSECT_SUPPORTED" value="true"/>
<Feature name="INTERSECT_ALL_SUPPORTED" value="false"/>
<Feature name="RUNNING_SUM_SUPPORTED" value="false"/>
<Feature name="RUNNING_COUNT_SUPPORTED" value="true"/>
<Feature name="RUNNING_MAX_SUPPORTED" value="false"/>
<Feature name="RUNNING_MIN_SUPPORTED" value="false"/>
<Feature name="MOVING_SUM_SUPPORTED" value="false"/>
<Feature name="NULLIF_SUPPORTED" value="true"/>
<Feature name="CREATE_AS_SELECT_SUPPORTED" value="false"/>
<Feature name="INSERT_SELECT_SUPPORTED" value="true"/>
<Feature name="SUBTOTALLING_SUPPORTED" value="true"/>
<Feature name="ROWNUM_SUPPORTED" value="true"/>
<Feature name="CREATE_VIEW_SUPPORTED" value="true"/>
<Feature name="WITH_CLAUSE_SUPPORTED" value="true"/>
<Feature name="PERF_PREFER_MINIMAL_WITH_USAGE" value="false"/>
<Feature name="PERF_PREFER_INTERNAL_STITCH_JOIN" value="false"/>
<Feature name="QUALIFIED_DATA_REFERENCE_SUPPORTED" value="false"/>
<Feature name="TIME_SERIES_AGO_SUPPORTED" value="false"/>
<Feature name="TIME_SERIES_TODATE_SUPPORTED" value="false"/>
<Feature name="ISDESCENDANT_SUPPORTED" value="false"/>
<Feature name="ISLEAF_SUPPORTED" value="false"/>
<Feature name="GROUP_BY_GROUPING_SETS_SUPPORTED" value="false"/>
<Feature name="PERF_PREFER_NO_COMMON_QUERY_FACTORING" value="false"/>
<Feature name="NESTED_ORDERBY_SUPPORTED" value="true"/>
<Feature name="LITERAL_IN_PROJECTION_SUPPORTED" value="true"/>
<Feature name="DUAL_TABLE_SUPPORTED" value="true"/>
<Feature name="NULLS_SORT_DIRECTION_IN_ORDERBY_SUPPORTED" value="false"/>
<Feature name="SUBQUERY_IN_CASE_SUPPORTED" value="true"/>
<Feature name="PERF_PREFER_INTERNAL_BREAKFILTER_HANDLING" value="false"/>
<Feature name="PERF_PREFER_SUPPRESS_EMPTY_TUPLES" value="false"/>
<Feature name="PREFERS_RTRIM_VARCHAR" value="false"/>
<Feature name="DENSE_RANK_SUPPORTED" value="true"/>
<Feature name="MULTI_COLUMN_IN_SUPPORTED" value="false"/>
<Feature name="PREFERS_MDX_RANGE_OPERATOR" value="false"/>
<Feature name="PREFERS_NATIVE_NULLS_EQUAL_COMPARISON" value="false"/>
<Feature name="OPTIMIZE_MDX_FILTER_QUALIFICATION" value="false"/>
<Feature name="COMPRESS_COLUMNS" value="false"/>
<Feature name="ROWNUM_LIMIT_SUPPORTED" value="true"/>
<Feature name="ROWNUM_OFFSET_SUPPORTED" value="true"/>
<Feature name="NUMERIC_SUPPORTED" value="false"/>
<Feature name="ANCESTOR_DIMENSION_PROPERTY_SUPPORTED" value="false"/>
<Feature name="MAX_BINARY_LITERAL_LEN" value="0"/>
<Feature name="MAX_CHAR_LITERAL_LEN" value="0"/>
<Feature name="MAX_COLUMN_NAME_LEN" value="0"/>
<Feature name="MAX_COLUMNS_IN_GROUP_BY" value="150"/>
<Feature name="MAX_COLUMNS_IN_ORDER_BY" value="150"/>
<Feature name="MAX_COLUMNS_IN_SELECT" value="0"/>
<Feature name="MAX_STATEMENT_LEN" value="0"/>
<Feature name="MAX_TABLES_IN_SELECT" value="60"/>
<Feature name="CONVERT_BIG_INT_BITMASK" value="0X0"/>
<Feature name="CONVERT_BINARY_BITMASK" value="0X43d1f"/>
<Feature name="CONVERT_BIT_BITMASK" value="0X3dff"/>
<Feature name="CONVERT_CHAR_BITMASK" value="0X63fff"/>
<Feature name="CONVERT_DATE_BITMASK" value="0X0"/>
<Feature name="CONVERT_DECIMAL_BITMASK" value="0X3dff"/>
<Feature name="CONVERT_DOUBLE_BITMASK" value="0X31ff"/>
<Feature name="CONVERT_FLOAT_BITMASK" value="0X31ff"/>
<Feature name="CONVERT_INTEGER_BITMASK" value="0X3dff"/>
<Feature name="CONVERT_LONG_VAR_BINARY_BITMASK" value="0X40c00"/>
<Feature name="CONVERT_LONG_VAR_CHAR_BITMASK" value="0X301"/>
<Feature name="CONVERT_NUMERIC_BITMASK" value="0X3dff"/>
<Feature name="CONVERT_REAL_BITMASK" value="0X31ff"/>
<Feature name="CONVERT_SMALL_INT_BITMASK" value="0X3dff"/>
<Feature name="CONVERT_TIME_BITMASK" value="0X0"/>
<Feature name="CONVERT_TIMESTAMP_BITMASK" value="0X20d01"/>
<Feature name="CONVERT_TINY_INT_BITMASK" value="0X3dff"/>
<Feature name="CONVERT_VAR_BINARY_BITMASK" value="0X43d9f"/>
<Feature name="CONVERT_VAR_CHAR_BITMASK" value="0X63fff"/>
<Feature name="FRACTIONAL_SECOND_PRECISION" value="0X3"/>
<Feature name="MAX_ENTRIES_PER_IN_LIST" value="0X7fff"/>
<Feature name="MAX_PARAMETERS_PER_DRIVE_JOIN" value="0X64"/>
<Feature name="MAX_QUERIES_PER_DRIVE_JOIN" value="0Xc8"/>
<Feature name="MAX_PARAMETERS_PER_BULK_OPERATION" value="0X0"/>
<Feature name="MAX_NESTED_LEVEL" value="0X0"/>
<Feature name="MIN_BULK_FETCH_BUFFER_SIZE" value="0X8000"/>
<Feature name="MAX_BULK_FETCH_BUFFER_SIZE" value="0X50000"/>
<Feature name="DEFAULT_BULK_FETCH_ROW_COUNT" value="0X64"/>
<Feature name="PERF_CUSTOM_GROUP_GENERATION_MODE" value="0X2"/>
<Feature name="DATA_SOURCE_NAME"/>
<Feature name="DATABASE_NAME"/>
<Feature name="DBMS_NAME"/>
<Feature name="DBMS_VER"/>
<Feature name="DRIVER_NAME"/>
<Feature name="DRIVER_ODBC_VER"/>
<Feature name="USER_NAME"/>
<Feature name="SEARCH_PATTERN_ESCAPE"/>
<Feature name="IDENTIFIER_QUOTE_CHAR" value="&quot;"/>
<Feature name="DATE_FORMAT"/>
<Feature name="TIME_FORMAT"/>
<Feature name="DATETIME_FORMAT"/>
<Feature name="SORT_ORDER_LOCALE" value="english-usa"/>
<Feature name="COMMENT_START" value="/*"/>
<Feature name="COMMENT_END" value="*/"/>
<Feature name="POPULATE_STATEMENT_INSERT_HINT"/>
<RefConnectionPools>
<RefConnectionPool refId="mbd848660-0c61-1000-8029-0ac2424e0000-mbd848661-0c61-1000-8029-0ac2424e0000" connectionPoolRef="/oracle/bi/server/base/ConnectionPool/bd848661-0c61-1000-8029-0ac2424e0000.xml#mbd848661-0c61-1000-8029-0ac2424e0000"/>
</RefConnectionPools>
</Database>