<?xml version="1.0" encoding="UTF-8" ?>
<PresentationCatalog mdsid="md903c130-0c57-1000-ba5a-0ac2424e0000" name="PGi Revenue" xmlns:xsi="http://www.w3.org/2001/XMLSchema-instance" xmlns="http://www.oracle.com/obis/repository" hasDispName="false" hasDispDescription="false" subjectAreaRef="/oracle/bi/server/base/BusinessModel/d4e75b21-0c57-1000-ba5a-0ac2424e0000.xml#md4e75b21-0c57-1000-ba5a-0ac2424e0000">
<Alias name="PGI Sales"/>
<Alias name="PGI-DW"/>
<Alias name="PGI-DW - Fact-MAAP Amounts"/>
<RefTables>
<RefPresentationTable refId="md903c130-0c57-1000-ba5a-0ac2424e0000-m20bb6f5e-0c58-1000-ba5a-0ac2424e0000" presentationTableRef="/oracle/bi/server/base/PresentationTable/20bb6f5e-0c58-1000-ba5a-0ac2424e0000.xml#m20bb6f5e-0c58-1000-ba5a-0ac2424e0000"/>
<RefPresentationTable refId="md903c130-0c57-1000-ba5a-0ac2424e0000-m7846c0b1-0c5b-1000-92db-0ac2424e0000" presentationTableRef="/oracle/bi/server/base/PresentationTable/7846c0b1-0c5b-1000-92db-0ac2424e0000.xml#m7846c0b1-0c5b-1000-92db-0ac2424e0000"/>
<RefPresentationTable refId="md903c130-0c57-1000-ba5a-0ac2424e0000-m211af481-0c58-1000-ba5a-0ac2424e0000" presentationTableRef="/oracle/bi/server/base/PresentationTable/211af481-0c58-1000-ba5a-0ac2424e0000.xml#m211af481-0c58-1000-ba5a-0ac2424e0000"/>
<RefPresentationTable refId="md903c130-0c57-1000-ba5a-0ac2424e0000-mf077bd40-0cab-1000-8029-0ac2424e0000" presentationTableRef="/oracle/bi/server/base/PresentationTable/f077bd40-0cab-1000-8029-0ac2424e0000.xml#mf077bd40-0cab-1000-8029-0ac2424e0000"/>
<RefPresentationTable refId="md903c130-0c57-1000-ba5a-0ac2424e0000-m3e9111be-0c58-1000-ba5a-0ac2424e0000" presentationTableRef="/oracle/bi/server/base/PresentationTable/3e9111be-0c58-1000-ba5a-0ac2424e0000.xml#m3e9111be-0c58-1000-ba5a-0ac2424e0000"/>
<RefPresentationTable refId="md903c130-0c57-1000-ba5a-0ac2424e0000-maa31aee1-0c5b-1000-92db-0ac2424e0000" presentationTableRef="/oracle/bi/server/base/PresentationTable/aa31aee1-0c5b-1000-92db-0ac2424e0000.xml#maa31aee1-0c5b-1000-92db-0ac2424e0000"/>
<RefPresentationTable refId="md903c130-0c57-1000-ba5a-0ac2424e0000-maa21d07b-0c5b-1000-92db-0ac2424e0000" presentationTableRef="/oracle/bi/server/base/PresentationTable/aa21d07b-0c5b-1000-92db-0ac2424e0000.xml#maa21d07b-0c5b-1000-92db-0ac2424e0000"/>
<RefPresentationTable refId="md903c130-0c57-1000-ba5a-0ac2424e0000-m3c1bcbfe-0c58-1000-ba5a-0ac2424e0000" presentationTableRef="/oracle/bi/server/base/PresentationTable/3c1bcbfe-0c58-1000-ba5a-0ac2424e0000.xml#m3c1bcbfe-0c58-1000-ba5a-0ac2424e0000"/>
<RefPresentationTable refId="md903c130-0c57-1000-ba5a-0ac2424e0000-m3be72771-0c58-1000-ba5a-0ac2424e0000" presentationTableRef="/oracle/bi/server/base/PresentationTable/3be72771-0c58-1000-ba5a-0ac2424e0000.xml#m3be72771-0c58-1000-ba5a-0ac2424e0000"/>
<RefPresentationTable refId="md903c130-0c57-1000-ba5a-0ac2424e0000-mb451ad6b-0c62-1000-9f49-0ac2424e0000" presentationTableRef="/oracle/bi/server/base/PresentationTable/b451ad6b-0c62-1000-9f49-0ac2424e0000.xml#mb451ad6b-0c62-1000-9f49-0ac2424e0000"/>
<RefPresentationTable refId="md903c130-0c57-1000-ba5a-0ac2424e0000-m1684b05a-0c58-1000-ba5a-0ac2424e0000" presentationTableRef="/oracle/bi/server/base/PresentationTable/1684b05a-0c58-1000-ba5a-0ac2424e0000.xml#m1684b05a-0c58-1000-ba5a-0ac2424e0000"/>
<RefPresentationTable refId="md903c130-0c57-1000-ba5a-0ac2424e0000-m17be8fea-0c58-1000-ba5a-0ac2424e0000" presentationTableRef="/oracle/bi/server/base/PresentationTable/17be8fea-0c58-1000-ba5a-0ac2424e0000.xml#m17be8fea-0c58-1000-ba5a-0ac2424e0000"/>
<RefPresentationTable refId="md903c130-0c57-1000-ba5a-0ac2424e0000-med6b1220-0cae-1000-bd59-0ac2424e0000" presentationTableRef="/oracle/bi/server/base/PresentationTable/ed6b1220-0cae-1000-bd59-0ac2424e0000.xml#med6b1220-0cae-1000-bd59-0ac2424e0000"/>
<RefPresentationTable refId="md903c130-0c57-1000-ba5a-0ac2424e0000-md903c14b-0c57-1000-ba5a-0ac2424e0000" presentationTableRef="/oracle/bi/server/base/PresentationTable/d903c14b-0c57-1000-ba5a-0ac2424e0000.xml#md903c14b-0c57-1000-ba5a-0ac2424e0000"/>
<RefPresentationTable refId="md903c130-0c57-1000-ba5a-0ac2424e0000-m7002c49b-0c95-1000-9cfd-0ac2424e0000" presentationTableRef="/oracle/bi/server/base/PresentationTable/7002c49b-0c95-1000-9cfd-0ac2424e0000.xml#m7002c49b-0c95-1000-9cfd-0ac2424e0000"/>
<RefPresentationTable refId="md903c130-0c57-1000-ba5a-0ac2424e0000-me2e3116a-0c57-1000-ba5a-0ac2424e0000" presentationTableRef="/oracle/bi/server/base/PresentationTable/e2e3116a-0c57-1000-ba5a-0ac2424e0000.xml#me2e3116a-0c57-1000-ba5a-0ac2424e0000"/>
<RefPresentationTable refId="md903c130-0c57-1000-ba5a-0ac2424e0000-m3e97534a-0c58-1000-ba5a-0ac2424e0000" presentationTableRef="/oracle/bi/server/base/PresentationTable/3e97534a-0c58-1000-ba5a-0ac2424e0000.xml#m3e97534a-0c58-1000-ba5a-0ac2424e0000"/>
<RefPresentationTable refId="md903c130-0c57-1000-ba5a-0ac2424e0000-m474a5114-0c5b-1000-8029-0ac2424e0000" presentationTableRef="/oracle/bi/server/base/PresentationTable/474a5114-0c5b-1000-8029-0ac2424e0000.xml#m474a5114-0c5b-1000-8029-0ac2424e0000"/>
<RefPresentationTable refId="md903c130-0c57-1000-ba5a-0ac2424e0000-mb2d6a622-0c62-1000-9f49-0ac2424e0000" presentationTableRef="/oracle/bi/server/base/PresentationTable/b2d6a622-0c62-1000-9f49-0ac2424e0000.xml#mb2d6a622-0c62-1000-9f49-0ac2424e0000"/>
<RefPresentationTable refId="md903c130-0c57-1000-ba5a-0ac2424e0000-me4012b92-0c57-1000-ba5a-0ac2424e0000" presentationTableRef="/oracle/bi/server/base/PresentationTable/e4012b92-0c57-1000-ba5a-0ac2424e0000.xml#me4012b92-0c57-1000-ba5a-0ac2424e0000"/>
<RefPresentationTable refId="md903c130-0c57-1000-ba5a-0ac2424e0000-ma746ec31-0c75-1000-8029-0ac2424e0000" presentationTableRef="/oracle/bi/server/base/PresentationTable/a746ec31-0c75-1000-8029-0ac2424e0000.xml#ma746ec31-0c75-1000-8029-0ac2424e0000"/>
<RefPresentationTable refId="md903c130-0c57-1000-ba5a-0ac2424e0000-md903c131-0c57-1000-ba5a-0ac2424e0000" presentationTableRef="/oracle/bi/server/base/PresentationTable/d903c131-0c57-1000-ba5a-0ac2424e0000.xml#md903c131-0c57-1000-ba5a-0ac2424e0000"/>
<RefPresentationTable refId="md903c130-0c57-1000-ba5a-0ac2424e0000-m99825a40-0c6f-1000-886d-0ac2424e0000" presentationTableRef="/oracle/bi/server/base/PresentationTable/99825a40-0c6f-1000-886d-0ac2424e0000.xml#m99825a40-0c6f-1000-886d-0ac2424e0000"/>
<RefPresentationTable refId="md903c130-0c57-1000-ba5a-0ac2424e0000-m99716a50-0c6f-1000-886d-0ac2424e0000" presentationTableRef="/oracle/bi/server/base/PresentationTable/99716a50-0c6f-1000-886d-0ac2424e0000.xml#m99716a50-0c6f-1000-886d-0ac2424e0000"/>
<RefPresentationTable refId="md903c130-0c57-1000-ba5a-0ac2424e0000-m919324d0-0c70-1000-8029-0ac2424e0000" presentationTableRef="/oracle/bi/server/base/PresentationTable/919324d0-0c70-1000-8029-0ac2424e0000.xml#m919324d0-0c70-1000-8029-0ac2424e0000"/>
<RefPresentationTable refId="md903c130-0c57-1000-ba5a-0ac2424e0000-ma430b940-0c7a-1000-8029-0ac2424e0000" presentationTableRef="/oracle/bi/server/base/PresentationTable/a430b940-0c7a-1000-8029-0ac2424e0000.xml#ma430b940-0c7a-1000-8029-0ac2424e0000"/>
<RefPresentationTable refId="md903c130-0c57-1000-ba5a-0ac2424e0000-mbdf6b3e1-0c87-1000-a6e9-0ac2424e0000" presentationTableRef="/oracle/bi/server/base/PresentationTable/bdf6b3e1-0c87-1000-a6e9-0ac2424e0000.xml#mbdf6b3e1-0c87-1000-a6e9-0ac2424e0000"/>
</RefTables>
</PresentationCatalog>