<?xml version="1.0" encoding="UTF-8" ?>
<LogicalTableSource mdsid="m207e3f47-0c58-1000-ba5a-0ac2424e0000" name="D01 Customer" xmlns:xsi="http://www.w3.org/2001/XMLSchema-instance" xmlns="http://www.oracle.com/obis/repository" isActive="true" logicalTableRef="/oracle/bi/server/base/LogicalTable/2079f980-0c58-1000-ba5a-0ac2424e0000.xml#m2079f980-0c58-1000-ba5a-0ac2424e0000">
<ColumnMapping>
<LogicalColumnExpr mdsid="m00000001-01f4-0000-49eb-5c3500000000" name="LogicalColumnExpr">
<ExprText><![CDATA["%1"]]></ExprText>
<ExprTextDesc><![CDATA["PGI-DW"."Customer"."Customer Key"]]></ExprTextDesc>
<ObjectRefList>
<RefObject refId="m00000001-01f4-0000-49eb-5c3500000000-m207e3f44-0c58-1000-ba5a-0ac2424e0000" objectTypeId="2006" objectRef="/oracle/bi/server/base/LogicalTable/2079f980-0c58-1000-ba5a-0ac2424e0000.xml#m207e3f44-0c58-1000-ba5a-0ac2424e0000"/>
</ObjectRefList>
</LogicalColumnExpr>
<Expr mdsid="m00000002-01f4-0000-f9a6-021400000000" name="Expr">
<ExprText><![CDATA["%1"]]></ExprText>
<ExprTextDesc><![CDATA["PRM_PRDHDATA"."PRDHDATA"."dbo"."D01 Customer"."cust_key"]]></ExprTextDesc>
<ObjectRefList>
<RefObject refId="m00000002-01f4-0000-f9a6-021400000000-m34373e51-0c2c-1000-ae5d-0ac2424e0000" objectTypeId="3003" objectRef="/oracle/bi/server/base/PhysicalTable/34373e50-0c2c-1000-ae5d-0ac2424e0000.xml#m34373e51-0c2c-1000-ae5d-0ac2424e0000"/>
</ObjectRefList>
</Expr>
</ColumnMapping>
<ColumnMapping>
<LogicalColumnExpr mdsid="m00000003-01f4-0000-2edd-bed500000000" name="LogicalColumnExpr">
<ExprText><![CDATA["%1"]]></ExprText>
<ExprTextDesc><![CDATA["PGI-DW"."Customer"."Company ID"]]></ExprTextDesc>
<ObjectRefList>
<RefObject refId="m00000003-01f4-0000-2edd-bed500000000-m209c2784-0c58-1000-ba5a-0ac2424e0000" objectTypeId="2006" objectRef="/oracle/bi/server/base/LogicalTable/2079f980-0c58-1000-ba5a-0ac2424e0000.xml#m209c2784-0c58-1000-ba5a-0ac2424e0000"/>
</ObjectRefList>
</LogicalColumnExpr>
<Expr mdsid="m00000004-01f4-0000-8d4b-d8e500000000" name="Expr">
<ExprText><![CDATA["%1"]]></ExprText>
<ExprTextDesc><![CDATA["PRM_PRDHDATA"."PRDHDATA"."dbo"."D01 Customer"."cust_id"]]></ExprTextDesc>
<ObjectRefList>
<RefObject refId="m00000004-01f4-0000-8d4b-d8e500000000-m34373e53-0c2c-1000-ae5d-0ac2424e0000" objectTypeId="3003" objectRef="/oracle/bi/server/base/PhysicalTable/34373e50-0c2c-1000-ae5d-0ac2424e0000.xml#m34373e53-0c2c-1000-ae5d-0ac2424e0000"/>
</ObjectRefList>
</Expr>
</ColumnMapping>
<ColumnMapping>
<LogicalColumnExpr mdsid="m00000005-01f4-0000-528f-bfef00000000" name="LogicalColumnExpr">
<ExprText><![CDATA["%1"]]></ExprText>
<ExprTextDesc><![CDATA["PGI-DW"."Customer"."Company Name"]]></ExprTextDesc>
<ObjectRefList>
<RefObject refId="m00000005-01f4-0000-528f-bfef00000000-m209c2785-0c58-1000-ba5a-0ac2424e0000" objectTypeId="2006" objectRef="/oracle/bi/server/base/LogicalTable/2079f980-0c58-1000-ba5a-0ac2424e0000.xml#m209c2785-0c58-1000-ba5a-0ac2424e0000"/>
</ObjectRefList>
</LogicalColumnExpr>
<Expr mdsid="m00000006-01f4-0000-577f-749a00000000" name="Expr">
<ExprText><![CDATA["%1"]]></ExprText>
<ExprTextDesc><![CDATA["PRM_PRDHDATA"."PRDHDATA"."dbo"."D01 Customer"."cust_sd"]]></ExprTextDesc>
<ObjectRefList>
<RefObject refId="m00000006-01f4-0000-577f-749a00000000-m34373e55-0c2c-1000-ae5d-0ac2424e0000" objectTypeId="3003" objectRef="/oracle/bi/server/base/PhysicalTable/34373e50-0c2c-1000-ae5d-0ac2424e0000.xml#m34373e55-0c2c-1000-ae5d-0ac2424e0000"/>
</ObjectRefList>
</Expr>
</ColumnMapping>
<ColumnMapping>
<LogicalColumnExpr mdsid="m00000007-01f4-0000-3da3-8a2400000000" name="LogicalColumnExpr">
<ExprText><![CDATA["%1"]]></ExprText>
<ExprTextDesc><![CDATA["PGI-DW"."Customer"."Corp Entity ID"]]></ExprTextDesc>
<ObjectRefList>
<RefObject refId="m00000007-01f4-0000-3da3-8a2400000000-m209c2786-0c58-1000-ba5a-0ac2424e0000" objectTypeId="2006" objectRef="/oracle/bi/server/base/LogicalTable/2079f980-0c58-1000-ba5a-0ac2424e0000.xml#m209c2786-0c58-1000-ba5a-0ac2424e0000"/>
</ObjectRefList>
</LogicalColumnExpr>
<Expr mdsid="m00000008-01f4-0000-56b7-2a0200000000" name="Expr">
<ExprText><![CDATA["%1"]]></ExprText>
<ExprTextDesc><![CDATA["PRM_PRDHDATA"."PRDHDATA"."dbo"."D01 Customer"."cust_std_gen01_cd"]]></ExprTextDesc>
<ObjectRefList>
<RefObject refId="m00000008-01f4-0000-56b7-2a0200000000-m34373e5b-0c2c-1000-ae5d-0ac2424e0000" objectTypeId="3003" objectRef="/oracle/bi/server/base/PhysicalTable/34373e50-0c2c-1000-ae5d-0ac2424e0000.xml#m34373e5b-0c2c-1000-ae5d-0ac2424e0000"/>
</ObjectRefList>
</Expr>
</ColumnMapping>
<ColumnMapping>
<LogicalColumnExpr mdsid="m00000009-01f4-0000-00ad-55eb00000000" name="LogicalColumnExpr">
<ExprText><![CDATA["%1"]]></ExprText>
<ExprTextDesc><![CDATA["PGI-DW"."Customer"."Corp Entity Name"]]></ExprTextDesc>
<ObjectRefList>
<RefObject refId="m00000009-01f4-0000-00ad-55eb00000000-m209c2787-0c58-1000-ba5a-0ac2424e0000" objectTypeId="2006" objectRef="/oracle/bi/server/base/LogicalTable/2079f980-0c58-1000-ba5a-0ac2424e0000.xml#m209c2787-0c58-1000-ba5a-0ac2424e0000"/>
</ObjectRefList>
</LogicalColumnExpr>
<Expr mdsid="m0000000a-01f4-0000-4b6e-5c6b00000000" name="Expr">
<ExprText><![CDATA["%1"]]></ExprText>
<ExprTextDesc><![CDATA["PRM_PRDHDATA"."PRDHDATA"."dbo"."D01 Customer"."cust_std_gen01_desc"]]></ExprTextDesc>
<ObjectRefList>
<RefObject refId="m0000000a-01f4-0000-4b6e-5c6b00000000-m34373e5c-0c2c-1000-ae5d-0ac2424e0000" objectTypeId="3003" objectRef="/oracle/bi/server/base/PhysicalTable/34373e50-0c2c-1000-ae5d-0ac2424e0000.xml#m34373e5c-0c2c-1000-ae5d-0ac2424e0000"/>
</ObjectRefList>
</Expr>
</ColumnMapping>
<ColumnMapping>
<LogicalColumnExpr mdsid="m0000000b-01f4-0000-4516-33ea00000000" name="LogicalColumnExpr">
<ExprText><![CDATA["%1"]]></ExprText>
<ExprTextDesc><![CDATA["PGI-DW"."Customer"."Enterprise ID"]]></ExprTextDesc>
<ObjectRefList>
<RefObject refId="m0000000b-01f4-0000-4516-33ea00000000-m3bda81c4-0c9b-1000-8029-0ac2424e0000" objectTypeId="2006" objectRef="/oracle/bi/server/base/LogicalTable/2079f980-0c58-1000-ba5a-0ac2424e0000.xml#m3bda81c4-0c9b-1000-8029-0ac2424e0000"/>
</ObjectRefList>
</LogicalColumnExpr>
<Expr mdsid="m0000000c-01f4-0000-415c-214600000000" name="Expr">
<ExprText><![CDATA["%1"]]></ExprText>
<ExprTextDesc><![CDATA["PRM_PRDHDATA"."PRDHDATA"."dbo"."D01 Customer"."cust_std_gen02_cd"]]></ExprTextDesc>
<ObjectRefList>
<RefObject refId="m0000000c-01f4-0000-415c-214600000000-m34373e5d-0c2c-1000-ae5d-0ac2424e0000" objectTypeId="3003" objectRef="/oracle/bi/server/base/PhysicalTable/34373e50-0c2c-1000-ae5d-0ac2424e0000.xml#m34373e5d-0c2c-1000-ae5d-0ac2424e0000"/>
</ObjectRefList>
</Expr>
</ColumnMapping>
<ColumnMapping>
<LogicalColumnExpr mdsid="m0000000d-01f4-0000-60c4-b4ff00000000" name="LogicalColumnExpr">
<ExprText><![CDATA["%1"]]></ExprText>
<ExprTextDesc><![CDATA["PGI-DW"."Customer"."Enterprise Name"]]></ExprTextDesc>
<ObjectRefList>
<RefObject refId="m0000000d-01f4-0000-60c4-b4ff00000000-m3bda81c5-0c9b-1000-8029-0ac2424e0000" objectTypeId="2006" objectRef="/oracle/bi/server/base/LogicalTable/2079f980-0c58-1000-ba5a-0ac2424e0000.xml#m3bda81c5-0c9b-1000-8029-0ac2424e0000"/>
</ObjectRefList>
</LogicalColumnExpr>
<Expr mdsid="m0000000e-01f4-0000-38d1-7eeb00000000" name="Expr">
<ExprText><![CDATA["%1"]]></ExprText>
<ExprTextDesc><![CDATA["PRM_PRDHDATA"."PRDHDATA"."dbo"."D01 Customer"."cust_std_gen02_desc"]]></ExprTextDesc>
<ObjectRefList>
<RefObject refId="m0000000e-01f4-0000-38d1-7eeb00000000-m34373e5e-0c2c-1000-ae5d-0ac2424e0000" objectTypeId="3003" objectRef="/oracle/bi/server/base/PhysicalTable/34373e50-0c2c-1000-ae5d-0ac2424e0000.xml#m34373e5e-0c2c-1000-ae5d-0ac2424e0000"/>
</ObjectRefList>
</Expr>
</ColumnMapping>
<ColumnMapping>
<LogicalColumnExpr mdsid="m0000000f-01f4-0000-397b-b13000000000" name="LogicalColumnExpr">
<ExprText><![CDATA["%1"]]></ExprText>
<ExprTextDesc><![CDATA["PGI-DW"."Customer"."Partner AE"]]></ExprTextDesc>
<ObjectRefList>
<RefObject refId="m0000000f-01f4-0000-397b-b13000000000-mf06ce7da-0cab-1000-8029-0ac2424e0000" objectTypeId="2006" objectRef="/oracle/bi/server/base/LogicalTable/2079f980-0c58-1000-ba5a-0ac2424e0000.xml#mf06ce7da-0cab-1000-8029-0ac2424e0000"/>
</ObjectRefList>
</LogicalColumnExpr>
<Expr mdsid="m00000010-01f4-0000-7112-d77100000000" name="Expr">
<ExprText><![CDATA["%1"]]></ExprText>
<ExprTextDesc><![CDATA["PRM_PRDHDATA"."PRDHDATA"."dbo"."D01 Customer"."partner_ae"]]></ExprTextDesc>
<ObjectRefList>
<RefObject refId="m00000010-01f4-0000-7112-d77100000000-mf064f892-0cab-1000-8029-0ac2424e0000" objectTypeId="3003" objectRef="/oracle/bi/server/base/PhysicalTable/34373e50-0c2c-1000-ae5d-0ac2424e0000.xml#mf064f892-0cab-1000-8029-0ac2424e0000"/>
</ObjectRefList>
</Expr>
</ColumnMapping>
<ColumnMapping>
<LogicalColumnExpr mdsid="m00000011-01f4-0000-7fa2-7f9f00000000" name="LogicalColumnExpr">
<ExprText><![CDATA["%1"]]></ExprText>
<ExprTextDesc><![CDATA["PGI-DW"."Customer"."Partner AM / PM"]]></ExprTextDesc>
<ObjectRefList>
<RefObject refId="m00000011-01f4-0000-7fa2-7f9f00000000-mf06d0ee0-0cab-1000-8029-0ac2424e0000" objectTypeId="2006" objectRef="/oracle/bi/server/base/LogicalTable/2079f980-0c58-1000-ba5a-0ac2424e0000.xml#mf06d0ee0-0cab-1000-8029-0ac2424e0000"/>
</ObjectRefList>
</LogicalColumnExpr>
<Expr mdsid="m00000012-01f4-0000-7cb3-3f9900000000" name="Expr">
<ExprText><![CDATA["%1"]]></ExprText>
<ExprTextDesc><![CDATA["PRM_PRDHDATA"."PRDHDATA"."dbo"."D01 Customer"."partner_am_pm"]]></ExprTextDesc>
<ObjectRefList>
<RefObject refId="m00000012-01f4-0000-7cb3-3f9900000000-mf064f894-0cab-1000-8029-0ac2424e0000" objectTypeId="3003" objectRef="/oracle/bi/server/base/PhysicalTable/34373e50-0c2c-1000-ae5d-0ac2424e0000.xml#mf064f894-0cab-1000-8029-0ac2424e0000"/>
</ObjectRefList>
</Expr>
</ColumnMapping>
<ColumnMapping>
<LogicalColumnExpr mdsid="m00000013-01f4-0000-0a09-bc9e00000000" name="LogicalColumnExpr">
<ExprText><![CDATA["%1"]]></ExprText>
<ExprTextDesc><![CDATA["PGI-DW"."Customer"."Partner Director"]]></ExprTextDesc>
<ObjectRefList>
<RefObject refId="m00000013-01f4-0000-0a09-bc9e00000000-mf06d0ee1-0cab-1000-8029-0ac2424e0000" objectTypeId="2006" objectRef="/oracle/bi/server/base/LogicalTable/2079f980-0c58-1000-ba5a-0ac2424e0000.xml#mf06d0ee1-0cab-1000-8029-0ac2424e0000"/>
</ObjectRefList>
</LogicalColumnExpr>
<Expr mdsid="m00000014-01f4-0000-7a8e-365000000000" name="Expr">
<ExprText><![CDATA["%1"]]></ExprText>
<ExprTextDesc><![CDATA["PRM_PRDHDATA"."PRDHDATA"."dbo"."D01 Customer"."partner_director"]]></ExprTextDesc>
<ObjectRefList>
<RefObject refId="m00000014-01f4-0000-7a8e-365000000000-mf064f895-0cab-1000-8029-0ac2424e0000" objectTypeId="3003" objectRef="/oracle/bi/server/base/PhysicalTable/34373e50-0c2c-1000-ae5d-0ac2424e0000.xml#mf064f895-0cab-1000-8029-0ac2424e0000"/>
</ObjectRefList>
</Expr>
</ColumnMapping>
<ColumnMapping>
<LogicalColumnExpr mdsid="m00000015-01f4-0000-7423-b4dc00000000" name="LogicalColumnExpr">
<ExprText><![CDATA["%1"]]></ExprText>
<ExprTextDesc><![CDATA["PGI-DW"."Customer"."Partner Name"]]></ExprTextDesc>
<ObjectRefList>
<RefObject refId="m00000015-01f4-0000-7423-b4dc00000000-mf06d0ee2-0cab-1000-8029-0ac2424e0000" objectTypeId="2006" objectRef="/oracle/bi/server/base/LogicalTable/2079f980-0c58-1000-ba5a-0ac2424e0000.xml#mf06d0ee2-0cab-1000-8029-0ac2424e0000"/>
</ObjectRefList>
</LogicalColumnExpr>
<Expr mdsid="m00000016-01f4-0000-e92c-793300000000" name="Expr">
<ExprText><![CDATA["%1"]]></ExprText>
<ExprTextDesc><![CDATA["PRM_PRDHDATA"."PRDHDATA"."dbo"."D01 Customer"."partner_name"]]></ExprTextDesc>
<ObjectRefList>
<RefObject refId="m00000016-01f4-0000-e92c-793300000000-mf064f896-0cab-1000-8029-0ac2424e0000" objectTypeId="3003" objectRef="/oracle/bi/server/base/PhysicalTable/34373e50-0c2c-1000-ae5d-0ac2424e0000.xml#mf064f896-0cab-1000-8029-0ac2424e0000"/>
</ObjectRefList>
</Expr>
</ColumnMapping>
<ColumnMapping>
<LogicalColumnExpr mdsid="m00000017-01f4-0000-41e4-e8dc00000000" name="LogicalColumnExpr">
<ExprText><![CDATA["%1"]]></ExprText>
<ExprTextDesc><![CDATA["PGI-DW"."Customer"."Partner SVP / VP"]]></ExprTextDesc>
<ObjectRefList>
<RefObject refId="m00000017-01f4-0000-41e4-e8dc00000000-mf06d0ee3-0cab-1000-8029-0ac2424e0000" objectTypeId="2006" objectRef="/oracle/bi/server/base/LogicalTable/2079f980-0c58-1000-ba5a-0ac2424e0000.xml#mf06d0ee3-0cab-1000-8029-0ac2424e0000"/>
</ObjectRefList>
</LogicalColumnExpr>
<Expr mdsid="m00000018-01f4-0000-7e26-566900000000" name="Expr">
<ExprText><![CDATA["%1"]]></ExprText>
<ExprTextDesc><![CDATA["PRM_PRDHDATA"."PRDHDATA"."dbo"."D01 Customer"."partner_svp_vp"]]></ExprTextDesc>
<ObjectRefList>
<RefObject refId="m00000018-01f4-0000-7e26-566900000000-mf064f897-0cab-1000-8029-0ac2424e0000" objectTypeId="3003" objectRef="/oracle/bi/server/base/PhysicalTable/34373e50-0c2c-1000-ae5d-0ac2424e0000.xml#mf064f897-0cab-1000-8029-0ac2424e0000"/>
</ObjectRefList>
</Expr>
</ColumnMapping>
<ColumnMapping>
<LogicalColumnExpr mdsid="m00000019-01f4-0000-21c7-1be500000000" name="LogicalColumnExpr">
<ExprText><![CDATA["%1"]]></ExprText>
<ExprTextDesc><![CDATA["PGI-DW"."Customer"."Partner Type"]]></ExprTextDesc>
<ObjectRefList>
<RefObject refId="m00000019-01f4-0000-21c7-1be500000000-m67cbd192-0cb3-1000-8029-0ac2424e0000" objectTypeId="2006" objectRef="/oracle/bi/server/base/LogicalTable/2079f980-0c58-1000-ba5a-0ac2424e0000.xml#m67cbd192-0cb3-1000-8029-0ac2424e0000"/>
</ObjectRefList>
</LogicalColumnExpr>
<Expr mdsid="m0000001a-01f4-0000-4140-864600000000" name="Expr">
<ExprText><![CDATA["%1"]]></ExprText>
<ExprTextDesc><![CDATA["PRM_PRDHDATA"."PRDHDATA"."dbo"."D01 Customer"."partner_type"]]></ExprTextDesc>
<ObjectRefList>
<RefObject refId="m0000001a-01f4-0000-4140-864600000000-m67c7b2e0-0cb3-1000-8029-0ac2424e0000" objectTypeId="3003" objectRef="/oracle/bi/server/base/PhysicalTable/34373e50-0c2c-1000-ae5d-0ac2424e0000.xml#m67c7b2e0-0cb3-1000-8029-0ac2424e0000"/>
</ObjectRefList>
</Expr>
</ColumnMapping>
<Link startNodeTableRef="/oracle/bi/server/base/PhysicalTable/34373e50-0c2c-1000-ae5d-0ac2424e0000.xml#m34373e50-0c2c-1000-ae5d-0ac2424e0000">
</Link>
<WhereClause mdsid="m0000001b-01f4-0000-88d3-bf8500000000" name="WhereClause">
<ExprText></ExprText>
<ExprTextDesc></ExprTextDesc>
</WhereClause>
<GroupBy mdsid="m0000001c-01f4-0000-7fb6-aea700000000" name="GroupBy">
<ExprText></ExprText>
<ExprTextDesc></ExprTextDesc>
</GroupBy>
<FragmentContent mdsid="m0000001d-01f4-0000-d10a-479300000000" name="FragmentContent">
<ExprText></ExprText>
<ExprTextDesc></ExprTextDesc>
</FragmentContent>
</LogicalTableSource>