<?xml version="1.0" encoding="UTF-8" ?>
<LogicalTableSource mdsid="m25101801-0c62-1000-a784-0ac2424e0000" name="S_NQ_ACCT" xmlns:xsi="http://www.w3.org/2001/XMLSchema-instance" xmlns="http://www.oracle.com/obis/repository" isActive="true" logicalTableRef="/oracle/bi/server/base/LogicalTable/251017e1-0c62-1000-a784-0ac2424e0000.xml#m251017e1-0c62-1000-a784-0ac2424e0000">
<ColumnMapping>
<LogicalColumnExpr mdsid="m00000001-01f4-0000-62b1-e3ac00000000" name="LogicalColumnExpr">
<ExprText><![CDATA["%1"]]></ExprText>
<ExprTextDesc><![CDATA["Usage Tracking"."Users"."User Name"]]></ExprTextDesc>
<ObjectRefList>
<RefObject refId="m00000001-01f4-0000-62b1-e3ac00000000-m251017ee-0c62-1000-a784-0ac2424e0000" objectTypeId="2006" objectRef="/oracle/bi/server/base/LogicalTable/251017e1-0c62-1000-a784-0ac2424e0000.xml#m251017ee-0c62-1000-a784-0ac2424e0000"/>
</ObjectRefList>
</LogicalColumnExpr>
<Expr mdsid="m00000002-01f4-0000-e5cc-c09c00000000" name="Expr">
<ExprText><![CDATA["%1"]]></ExprText>
<ExprTextDesc><![CDATA["OBI Usage Tracking"."OBIPRD"."PRD_BIPLATFORM"."S_NQ_ACCT"."USER_NAME"]]></ExprTextDesc>
<ObjectRefList>
<RefObject refId="m00000002-01f4-0000-e5cc-c09c00000000-mbd983573-0c61-1000-8029-0ac2424e0000" objectTypeId="3003" objectRef="/oracle/bi/server/base/PhysicalTable/bd983572-0c61-1000-8029-0ac2424e0000.xml#mbd983573-0c61-1000-8029-0ac2424e0000"/>
</ObjectRefList>
</Expr>
</ColumnMapping>
<ColumnMapping>
<LogicalColumnExpr mdsid="m00000003-01f4-0000-d752-240f00000000" name="LogicalColumnExpr">
<ExprText><![CDATA["%1"]]></ExprText>
<ExprTextDesc><![CDATA["Usage Tracking"."Users"."Impersonated User"]]></ExprTextDesc>
<ObjectRefList>
<RefObject refId="m00000003-01f4-0000-d752-240f00000000-m251017f0-0c62-1000-a784-0ac2424e0000" objectTypeId="2006" objectRef="/oracle/bi/server/base/LogicalTable/251017e1-0c62-1000-a784-0ac2424e0000.xml#m251017f0-0c62-1000-a784-0ac2424e0000"/>
</ObjectRefList>
</LogicalColumnExpr>
<Expr mdsid="m00000004-01f4-0000-004e-672d00000000" name="Expr">
<ExprText><![CDATA["%1"]]></ExprText>
<ExprTextDesc><![CDATA["OBI Usage Tracking"."OBIPRD"."PRD_BIPLATFORM"."S_NQ_ACCT"."IMPERSONATOR_USER_NAME"]]></ExprTextDesc>
<ObjectRefList>
<RefObject refId="m00000004-01f4-0000-004e-672d00000000-mbd98358e-0c61-1000-8029-0ac2424e0000" objectTypeId="3003" objectRef="/oracle/bi/server/base/PhysicalTable/bd983572-0c61-1000-8029-0ac2424e0000.xml#mbd98358e-0c61-1000-8029-0ac2424e0000"/>
</ObjectRefList>
</Expr>
</ColumnMapping>
<Link startNodeTableRef="/oracle/bi/server/base/PhysicalTable/bd983572-0c61-1000-8029-0ac2424e0000.xml#mbd983572-0c61-1000-8029-0ac2424e0000">
</Link>
<WhereClause mdsid="m00000005-01f4-0000-02a5-60fa00000000" name="WhereClause">
<ExprText></ExprText>
<ExprTextDesc></ExprTextDesc>
</WhereClause>
<GroupBy mdsid="m00000006-01f4-0000-cac8-c84e00000000" name="GroupBy">
<ExprText></ExprText>
<ExprTextDesc></ExprTextDesc>
</GroupBy>
<FragmentContent mdsid="m00000007-01f4-0000-4314-500700000000" name="FragmentContent">
<ExprText></ExprText>
<ExprTextDesc></ExprTextDesc>
</FragmentContent>
</LogicalTableSource>