<?xml version="1.0" encoding="UTF-8" ?>
<LogicalTableSource mdsid="m25b00160-0c62-1000-a784-0ac2424e0000" name="F02 Project" xmlns:xsi="http://www.w3.org/2001/XMLSchema-instance" xmlns="http://www.oracle.com/obis/repository" isActive="true" logicalTableRef="/oracle/bi/server/base/LogicalTable/25ac57e0-0c62-1000-a784-0ac2424e0000.xml#m25ac57e0-0c62-1000-a784-0ac2424e0000">
<ColumnMapping>
<LogicalColumnExpr mdsid="m00000001-01f4-0000-82bf-eb8100000000" name="LogicalColumnExpr">
<ExprText><![CDATA["%1"]]></ExprText>
<ExprTextDesc><![CDATA["PGI-DW"."Dim - Project"."Local Cur"]]></ExprTextDesc>
<ObjectRefList>
<RefObject refId="m00000001-01f4-0000-82bf-eb8100000000-m812d2324-0c61-1000-8e45-0ac2424e0000" objectTypeId="2006" objectRef="/oracle/bi/server/base/LogicalTable/25ac57e0-0c62-1000-a784-0ac2424e0000.xml#m812d2324-0c61-1000-8e45-0ac2424e0000"/>
</ObjectRefList>
</LogicalColumnExpr>
<Expr mdsid="m00000002-01f4-0000-5d78-08b500000000" name="Expr">
<ExprText><![CDATA["%1"]]></ExprText>
<ExprTextDesc><![CDATA["PRM_PRDHDATA"."PRDHDATA"."dbo"."F02 Project"."local_cur"]]></ExprTextDesc>
<ObjectRefList>
<RefObject refId="m00000002-01f4-0000-5d78-08b500000000-m961d58cf-0c2c-1000-ae5d-0ac2424e0000" objectTypeId="3003" objectRef="/oracle/bi/server/base/PhysicalTable/961d58c0-0c2c-1000-ae5d-0ac2424e0000.xml#m961d58cf-0c2c-1000-ae5d-0ac2424e0000"/>
</ObjectRefList>
</Expr>
</ColumnMapping>
<Link startNodeTableRef="/oracle/bi/server/base/PhysicalTable/961d58c0-0c2c-1000-ae5d-0ac2424e0000.xml#m961d58c0-0c2c-1000-ae5d-0ac2424e0000">
</Link>
<WhereClause mdsid="m00000003-01f4-0000-e841-f48b00000000" name="WhereClause">
<ExprText></ExprText>
<ExprTextDesc></ExprTextDesc>
</WhereClause>
<GroupBy mdsid="m00000004-01f4-0000-e25d-047000000000" name="GroupBy">
<ExprText></ExprText>
<ExprTextDesc></ExprTextDesc>
</GroupBy>
<FragmentContent mdsid="m00000005-01f4-0000-4f03-f9e600000000" name="FragmentContent">
<ExprText></ExprText>
<ExprTextDesc></ExprTextDesc>
</FragmentContent>
</LogicalTableSource>