<?xml version="1.0" encoding="UTF-8" ?>
<LogicalTableSource mdsid="m284d3b21-0c5a-1000-891c-0ac2424e0000" name="F01 Sales 2011" xmlns:xsi="http://www.w3.org/2001/XMLSchema-instance" xmlns="http://www.oracle.com/obis/repository" isActive="true" canCombine="true" logicalTableRef="/oracle/bi/server/base/LogicalTable/d77531f0-0c57-1000-ba5a-0ac2424e0000.xml#md77531f0-0c57-1000-ba5a-0ac2424e0000">
<ColumnMapping>
<LogicalColumnExpr mdsid="m00000001-01f4-0000-b8e4-174a00000000" name="LogicalColumnExpr">
<ExprText><![CDATA["%1"]]></ExprText>
<ExprTextDesc><![CDATA["PGI-DW"."Fact-Revenue"."Quantity"]]></ExprTextDesc>
<ObjectRefList>
<RefObject refId="m00000001-01f4-0000-b8e4-174a00000000-me17be055-0c57-1000-ba5a-0ac2424e0000" objectTypeId="2006" objectRef="/oracle/bi/server/base/LogicalTable/d77531f0-0c57-1000-ba5a-0ac2424e0000.xml#me17be055-0c57-1000-ba5a-0ac2424e0000"/>
</ObjectRefList>
</LogicalColumnExpr>
<Expr mdsid="m00000002-01f4-0000-7e12-41ff00000000" name="Expr">
<ExprText><![CDATA["%1"]]></ExprText>
<ExprTextDesc><![CDATA["PRM_PRDHDATA"."PRDHDATA"."dbo"."F01 Sales 2011"."quantity"]]></ExprTextDesc>
<ObjectRefList>
<RefObject refId="m00000002-01f4-0000-7e12-41ff00000000-m26e51fb3-0c5a-1000-891c-0ac2424e0000" objectTypeId="3003" objectRef="/oracle/bi/server/base/PhysicalTable/26e51fa0-0c5a-1000-891c-0ac2424e0000.xml#m26e51fb3-0c5a-1000-891c-0ac2424e0000"/>
</ObjectRefList>
</Expr>
</ColumnMapping>
<ColumnMapping>
<LogicalColumnExpr mdsid="m00000003-01f4-0000-3e6f-f6aa00000000" name="LogicalColumnExpr">
<ExprText><![CDATA["%1"]]></ExprText>
<ExprTextDesc><![CDATA["PGI-DW"."Fact-Revenue"."Billed Quantity"]]></ExprTextDesc>
<ObjectRefList>
<RefObject refId="m00000003-01f4-0000-3e6f-f6aa00000000-me17577b5-0c57-1000-ba5a-0ac2424e0000" objectTypeId="2006" objectRef="/oracle/bi/server/base/LogicalTable/d77531f0-0c57-1000-ba5a-0ac2424e0000.xml#me17577b5-0c57-1000-ba5a-0ac2424e0000"/>
</ObjectRefList>
</LogicalColumnExpr>
<Expr mdsid="m00000004-01f4-0000-d71e-90fa00000000" name="Expr">
<ExprText><![CDATA["%1"]]></ExprText>
<ExprTextDesc><![CDATA["PRM_PRDHDATA"."PRDHDATA"."dbo"."F01 Sales 2011"."billed_qty"]]></ExprTextDesc>
<ObjectRefList>
<RefObject refId="m00000004-01f4-0000-d71e-90fa00000000-m26e51fca-0c5a-1000-891c-0ac2424e0000" objectTypeId="3003" objectRef="/oracle/bi/server/base/PhysicalTable/26e51fa0-0c5a-1000-891c-0ac2424e0000.xml#m26e51fca-0c5a-1000-891c-0ac2424e0000"/>
</ObjectRefList>
</Expr>
</ColumnMapping>
<ColumnMapping>
<LogicalColumnExpr mdsid="m00000005-01f4-0000-8377-908100000000" name="LogicalColumnExpr">
<ExprText><![CDATA["%1"]]></ExprText>
<ExprTextDesc><![CDATA["PGI-DW"."Fact-Revenue"."Unbilled Quantity"]]></ExprTextDesc>
<ObjectRefList>
<RefObject refId="m00000005-01f4-0000-8377-908100000000-me178fa11-0c57-1000-ba5a-0ac2424e0000" objectTypeId="2006" objectRef="/oracle/bi/server/base/LogicalTable/d77531f0-0c57-1000-ba5a-0ac2424e0000.xml#me178fa11-0c57-1000-ba5a-0ac2424e0000"/>
</ObjectRefList>
</LogicalColumnExpr>
<Expr mdsid="m00000006-01f4-0000-f5b3-32cf00000000" name="Expr">
<ExprText><![CDATA["%1"]]></ExprText>
<ExprTextDesc><![CDATA["PRM_PRDHDATA"."PRDHDATA"."dbo"."F01 Sales 2011"."unbilled_qty"]]></ExprTextDesc>
<ObjectRefList>
<RefObject refId="m00000006-01f4-0000-f5b3-32cf00000000-m26e51fcb-0c5a-1000-891c-0ac2424e0000" objectTypeId="3003" objectRef="/oracle/bi/server/base/PhysicalTable/26e51fa0-0c5a-1000-891c-0ac2424e0000.xml#m26e51fcb-0c5a-1000-891c-0ac2424e0000"/>
</ObjectRefList>
</Expr>
</ColumnMapping>
<ColumnMapping>
<LogicalColumnExpr mdsid="m00000007-01f4-0000-0f3a-9cf500000000" name="LogicalColumnExpr">
<ExprText><![CDATA["%1"]]></ExprText>
<ExprTextDesc><![CDATA["PGI-DW"."Fact-Revenue"."Discount Quantity"]]></ExprTextDesc>
<ObjectRefList>
<RefObject refId="m00000007-01f4-0000-0f3a-9cf500000000-me17f1491-0c57-1000-ba5a-0ac2424e0000" objectTypeId="2006" objectRef="/oracle/bi/server/base/LogicalTable/d77531f0-0c57-1000-ba5a-0ac2424e0000.xml#me17f1491-0c57-1000-ba5a-0ac2424e0000"/>
</ObjectRefList>
</LogicalColumnExpr>
<Expr mdsid="m00000008-01f4-0000-fab9-33ef00000000" name="Expr">
<ExprText><![CDATA["%1"]]></ExprText>
<ExprTextDesc><![CDATA["PRM_PRDHDATA"."PRDHDATA"."dbo"."F01 Sales 2011"."discount_qty"]]></ExprTextDesc>
<ObjectRefList>
<RefObject refId="m00000008-01f4-0000-fab9-33ef00000000-m26e51fcc-0c5a-1000-891c-0ac2424e0000" objectTypeId="3003" objectRef="/oracle/bi/server/base/PhysicalTable/26e51fa0-0c5a-1000-891c-0ac2424e0000.xml#m26e51fcc-0c5a-1000-891c-0ac2424e0000"/>
</ObjectRefList>
</Expr>
</ColumnMapping>
<ColumnMapping>
<LogicalColumnExpr mdsid="m00000009-01f4-0000-83a9-820f00000000" name="LogicalColumnExpr">
<ExprText><![CDATA["%1"]]></ExprText>
<ExprTextDesc><![CDATA["PGI-DW"."Fact-Revenue"."Revenue (Local)"]]></ExprTextDesc>
<ObjectRefList>
<RefObject refId="m00000009-01f4-0000-83a9-820f00000000-me1875205-0c57-1000-ba5a-0ac2424e0000" objectTypeId="2006" objectRef="/oracle/bi/server/base/LogicalTable/d77531f0-0c57-1000-ba5a-0ac2424e0000.xml#me1875205-0c57-1000-ba5a-0ac2424e0000"/>
</ObjectRefList>
</LogicalColumnExpr>
<Expr mdsid="m0000000a-01f4-0000-62b7-214300000000" name="Expr">
<ExprText><![CDATA["%1"]]></ExprText>
<ExprTextDesc><![CDATA["PRM_PRDHDATA"."PRDHDATA"."dbo"."F01 Sales 2011"."sls_amt_local"]]></ExprTextDesc>
<ObjectRefList>
<RefObject refId="m0000000a-01f4-0000-62b7-214300000000-m26e51fb5-0c5a-1000-891c-0ac2424e0000" objectTypeId="3003" objectRef="/oracle/bi/server/base/PhysicalTable/26e51fa0-0c5a-1000-891c-0ac2424e0000.xml#m26e51fb5-0c5a-1000-891c-0ac2424e0000"/>
</ObjectRefList>
</Expr>
</ColumnMapping>
<ColumnMapping>
<LogicalColumnExpr mdsid="m0000000b-01f4-0000-f100-d98500000000" name="LogicalColumnExpr">
<ExprText><![CDATA["%1"]]></ExprText>
<ExprTextDesc><![CDATA["PGI-DW"."Fact-Revenue"."Revenue Share (Local)"]]></ExprTextDesc>
<ObjectRefList>
<RefObject refId="m0000000b-01f4-0000-f100-d98500000000-me18c0cf5-0c57-1000-ba5a-0ac2424e0000" objectTypeId="2006" objectRef="/oracle/bi/server/base/LogicalTable/d77531f0-0c57-1000-ba5a-0ac2424e0000.xml#me18c0cf5-0c57-1000-ba5a-0ac2424e0000"/>
</ObjectRefList>
</LogicalColumnExpr>
<Expr mdsid="m0000000c-01f4-0000-dfa8-391500000000" name="Expr">
<ExprText><![CDATA["%1"]]></ExprText>
<ExprTextDesc><![CDATA["PRM_PRDHDATA"."PRDHDATA"."dbo"."F01 Sales 2011"."rev_shr_amt_local"]]></ExprTextDesc>
<ObjectRefList>
<RefObject refId="m0000000c-01f4-0000-dfa8-391500000000-m26e51fd3-0c5a-1000-891c-0ac2424e0000" objectTypeId="3003" objectRef="/oracle/bi/server/base/PhysicalTable/26e51fa0-0c5a-1000-891c-0ac2424e0000.xml#m26e51fd3-0c5a-1000-891c-0ac2424e0000"/>
</ObjectRefList>
</Expr>
</ColumnMapping>
<ColumnMapping>
<LogicalColumnExpr mdsid="m0000000d-01f4-0000-c20b-bb2d00000000" name="LogicalColumnExpr">
<ExprText><![CDATA["%1"]]></ExprText>
<ExprTextDesc><![CDATA["PGI-DW"."Fact-Revenue"."Revenue (MAAP)"]]></ExprTextDesc>
<ObjectRefList>
<RefObject refId="m0000000d-01f4-0000-c20b-bb2d00000000-md7805599-0c57-1000-ba5a-0ac2424e0000" objectTypeId="2006" objectRef="/oracle/bi/server/base/LogicalTable/d77531f0-0c57-1000-ba5a-0ac2424e0000.xml#md7805599-0c57-1000-ba5a-0ac2424e0000"/>
</ObjectRefList>
</LogicalColumnExpr>
<Expr mdsid="m0000000e-01f4-0000-3371-9fe600000000" name="Expr">
<ExprText><![CDATA["%1"]]></ExprText>
<ExprTextDesc><![CDATA["PRM_PRDHDATA"."PRDHDATA"."dbo"."F01 Sales 2011"."sls_amt_maap"]]></ExprTextDesc>
<ObjectRefList>
<RefObject refId="m0000000e-01f4-0000-3371-9fe600000000-m26e51fc2-0c5a-1000-891c-0ac2424e0000" objectTypeId="3003" objectRef="/oracle/bi/server/base/PhysicalTable/26e51fa0-0c5a-1000-891c-0ac2424e0000.xml#m26e51fc2-0c5a-1000-891c-0ac2424e0000"/>
</ObjectRefList>
</Expr>
</ColumnMapping>
<ColumnMapping>
<LogicalColumnExpr mdsid="m0000000f-01f4-0000-976f-133800000000" name="LogicalColumnExpr">
<ExprText><![CDATA["%1"]]></ExprText>
<ExprTextDesc><![CDATA["PGI-DW"."Fact-Revenue"."Revenue Share (MAAP)"]]></ExprTextDesc>
<ObjectRefList>
<RefObject refId="m0000000f-01f4-0000-976f-133800000000-md7805598-0c57-1000-ba5a-0ac2424e0000" objectTypeId="2006" objectRef="/oracle/bi/server/base/LogicalTable/d77531f0-0c57-1000-ba5a-0ac2424e0000.xml#md7805598-0c57-1000-ba5a-0ac2424e0000"/>
</ObjectRefList>
</LogicalColumnExpr>
<Expr mdsid="m00000010-01f4-0000-e769-2d4200000000" name="Expr">
<ExprText><![CDATA["%1"]]></ExprText>
<ExprTextDesc><![CDATA["PRM_PRDHDATA"."PRDHDATA"."dbo"."F01 Sales 2011"."rev_shr_amt_maap"]]></ExprTextDesc>
<ObjectRefList>
<RefObject refId="m00000010-01f4-0000-e769-2d4200000000-m26e51fd5-0c5a-1000-891c-0ac2424e0000" objectTypeId="3003" objectRef="/oracle/bi/server/base/PhysicalTable/26e51fa0-0c5a-1000-891c-0ac2424e0000.xml#m26e51fd5-0c5a-1000-891c-0ac2424e0000"/>
</ObjectRefList>
</Expr>
</ColumnMapping>
<ColumnMapping>
<LogicalColumnExpr mdsid="m00000011-01f4-0000-0485-a2e700000000" name="LogicalColumnExpr">
<ExprText><![CDATA["%1"]]></ExprText>
<ExprTextDesc><![CDATA["PGI-DW"."Fact-Revenue"."Participant Cnt"]]></ExprTextDesc>
<ObjectRefList>
<RefObject refId="m00000011-01f4-0000-0485-a2e700000000-m51501b76-0c63-1000-9f49-0ac2424e0000" objectTypeId="2006" objectRef="/oracle/bi/server/base/LogicalTable/d77531f0-0c57-1000-ba5a-0ac2424e0000.xml#m51501b76-0c63-1000-9f49-0ac2424e0000"/>
</ObjectRefList>
</LogicalColumnExpr>
<Expr mdsid="m00000012-01f4-0000-7280-6b2e00000000" name="Expr">
<ExprText><![CDATA["%1"]]></ExprText>
<ExprTextDesc><![CDATA["PRM_PRDHDATA"."PRDHDATA"."dbo"."F01 Sales 2011"."participant_cnt"]]></ExprTextDesc>
<ObjectRefList>
<RefObject refId="m00000012-01f4-0000-7280-6b2e00000000-m26e51fd9-0c5a-1000-891c-0ac2424e0000" objectTypeId="3003" objectRef="/oracle/bi/server/base/PhysicalTable/26e51fa0-0c5a-1000-891c-0ac2424e0000.xml#m26e51fd9-0c5a-1000-891c-0ac2424e0000"/>
</ObjectRefList>
</Expr>
</ColumnMapping>
<ColumnMapping>
<LogicalColumnExpr mdsid="m00000013-01f4-0000-9b1b-6c7000000000" name="LogicalColumnExpr">
<ExprText><![CDATA["%1"]]></ExprText>
<ExprTextDesc><![CDATA["PGI-DW"."Fact-Revenue"."Disc Amt (Local)"]]></ExprTextDesc>
<ObjectRefList>
<RefObject refId="m00000013-01f4-0000-9b1b-6c7000000000-m515831ba-0c63-1000-9f49-0ac2424e0000" objectTypeId="2006" objectRef="/oracle/bi/server/base/LogicalTable/d77531f0-0c57-1000-ba5a-0ac2424e0000.xml#m515831ba-0c63-1000-9f49-0ac2424e0000"/>
</ObjectRefList>
</LogicalColumnExpr>
<Expr mdsid="m00000014-01f4-0000-41c9-fb6100000000" name="Expr">
<ExprText><![CDATA["%1"]]></ExprText>
<ExprTextDesc><![CDATA["PRM_PRDHDATA"."PRDHDATA"."dbo"."F01 Sales 2011"."disc_amt_local"]]></ExprTextDesc>
<ObjectRefList>
<RefObject refId="m00000014-01f4-0000-41c9-fb6100000000-m26e51fb6-0c5a-1000-891c-0ac2424e0000" objectTypeId="3003" objectRef="/oracle/bi/server/base/PhysicalTable/26e51fa0-0c5a-1000-891c-0ac2424e0000.xml#m26e51fb6-0c5a-1000-891c-0ac2424e0000"/>
</ObjectRefList>
</Expr>
</ColumnMapping>
<ColumnMapping>
<LogicalColumnExpr mdsid="m00000015-01f4-0000-385f-678f00000000" name="LogicalColumnExpr">
<ExprText><![CDATA["%1"]]></ExprText>
<ExprTextDesc><![CDATA["PGI-DW"."Fact-Revenue"."Disc Amt (MAAP)"]]></ExprTextDesc>
<ObjectRefList>
<RefObject refId="m00000015-01f4-0000-385f-678f00000000-m515831bb-0c63-1000-9f49-0ac2424e0000" objectTypeId="2006" objectRef="/oracle/bi/server/base/LogicalTable/d77531f0-0c57-1000-ba5a-0ac2424e0000.xml#m515831bb-0c63-1000-9f49-0ac2424e0000"/>
</ObjectRefList>
</LogicalColumnExpr>
<Expr mdsid="m00000016-01f4-0000-56bb-e95a00000000" name="Expr">
<ExprText><![CDATA["%1"]]></ExprText>
<ExprTextDesc><![CDATA["PRM_PRDHDATA"."PRDHDATA"."dbo"."F01 Sales 2011"."disc_amt_maap"]]></ExprTextDesc>
<ObjectRefList>
<RefObject refId="m00000016-01f4-0000-56bb-e95a00000000-m26e51fc3-0c5a-1000-891c-0ac2424e0000" objectTypeId="3003" objectRef="/oracle/bi/server/base/PhysicalTable/26e51fa0-0c5a-1000-891c-0ac2424e0000.xml#m26e51fc3-0c5a-1000-891c-0ac2424e0000"/>
</ObjectRefList>
</Expr>
</ColumnMapping>
<ColumnMapping>
<LogicalColumnExpr mdsid="m00000017-01f4-0000-a77b-a3e000000000" name="LogicalColumnExpr">
<ExprText><![CDATA["%1"]]></ExprText>
<ExprTextDesc><![CDATA["PGI-DW"."Fact-Revenue"."Disc Amt (USD)"]]></ExprTextDesc>
<ObjectRefList>
<RefObject refId="m00000017-01f4-0000-a77b-a3e000000000-m515831bc-0c63-1000-9f49-0ac2424e0000" objectTypeId="2006" objectRef="/oracle/bi/server/base/LogicalTable/d77531f0-0c57-1000-ba5a-0ac2424e0000.xml#m515831bc-0c63-1000-9f49-0ac2424e0000"/>
</ObjectRefList>
</LogicalColumnExpr>
<Expr mdsid="m00000018-01f4-0000-bf66-3d6900000000" name="Expr">
<ExprText><![CDATA["%1"]]></ExprText>
<ExprTextDesc><![CDATA["PRM_PRDHDATA"."PRDHDATA"."dbo"."F01 Sales 2011"."disc_amt_usd"]]></ExprTextDesc>
<ObjectRefList>
<RefObject refId="m00000018-01f4-0000-bf66-3d6900000000-m26e51fbd-0c5a-1000-891c-0ac2424e0000" objectTypeId="3003" objectRef="/oracle/bi/server/base/PhysicalTable/26e51fa0-0c5a-1000-891c-0ac2424e0000.xml#m26e51fbd-0c5a-1000-891c-0ac2424e0000"/>
</ObjectRefList>
</Expr>
</ColumnMapping>
<ColumnMapping>
<LogicalColumnExpr mdsid="m00000019-01f4-0000-6205-235400000000" name="LogicalColumnExpr">
<ExprText><![CDATA["%1"]]></ExprText>
<ExprTextDesc><![CDATA["PGI-DW"."Fact-Revenue"."Fed Tax (Local)"]]></ExprTextDesc>
<ObjectRefList>
<RefObject refId="m00000019-01f4-0000-6205-235400000000-m515a2d9a-0c63-1000-9f49-0ac2424e0000" objectTypeId="2006" objectRef="/oracle/bi/server/base/LogicalTable/d77531f0-0c57-1000-ba5a-0ac2424e0000.xml#m515a2d9a-0c63-1000-9f49-0ac2424e0000"/>
</ObjectRefList>
</LogicalColumnExpr>
<Expr mdsid="m0000001a-01f4-0000-d9bb-f90600000000" name="Expr">
<ExprText><![CDATA["%1"]]></ExprText>
<ExprTextDesc><![CDATA["PRM_PRDHDATA"."PRDHDATA"."dbo"."F01 Sales 2011"."fed_tax_local"]]></ExprTextDesc>
<ObjectRefList>
<RefObject refId="m0000001a-01f4-0000-d9bb-f90600000000-m26e51fb7-0c5a-1000-891c-0ac2424e0000" objectTypeId="3003" objectRef="/oracle/bi/server/base/PhysicalTable/26e51fa0-0c5a-1000-891c-0ac2424e0000.xml#m26e51fb7-0c5a-1000-891c-0ac2424e0000"/>
</ObjectRefList>
</Expr>
</ColumnMapping>
<ColumnMapping>
<LogicalColumnExpr mdsid="m0000001b-01f4-0000-17e2-1fe900000000" name="LogicalColumnExpr">
<ExprText><![CDATA["%1"]]></ExprText>
<ExprTextDesc><![CDATA["PGI-DW"."Fact-Revenue"."Fed Tax (MAAP)"]]></ExprTextDesc>
<ObjectRefList>
<RefObject refId="m0000001b-01f4-0000-17e2-1fe900000000-m515a2d9b-0c63-1000-9f49-0ac2424e0000" objectTypeId="2006" objectRef="/oracle/bi/server/base/LogicalTable/d77531f0-0c57-1000-ba5a-0ac2424e0000.xml#m515a2d9b-0c63-1000-9f49-0ac2424e0000"/>
</ObjectRefList>
</LogicalColumnExpr>
<Expr mdsid="m0000001c-01f4-0000-fda9-eb1f00000000" name="Expr">
<ExprText><![CDATA["%1"]]></ExprText>
<ExprTextDesc><![CDATA["PRM_PRDHDATA"."PRDHDATA"."dbo"."F01 Sales 2011"."fed_tax_maap"]]></ExprTextDesc>
<ObjectRefList>
<RefObject refId="m0000001c-01f4-0000-fda9-eb1f00000000-m26e51fc4-0c5a-1000-891c-0ac2424e0000" objectTypeId="3003" objectRef="/oracle/bi/server/base/PhysicalTable/26e51fa0-0c5a-1000-891c-0ac2424e0000.xml#m26e51fc4-0c5a-1000-891c-0ac2424e0000"/>
</ObjectRefList>
</Expr>
</ColumnMapping>
<ColumnMapping>
<LogicalColumnExpr mdsid="m0000001d-01f4-0000-5978-e82300000000" name="LogicalColumnExpr">
<ExprText><![CDATA["%1"]]></ExprText>
<ExprTextDesc><![CDATA["PGI-DW"."Fact-Revenue"."Fed Tax (USD)"]]></ExprTextDesc>
<ObjectRefList>
<RefObject refId="m0000001d-01f4-0000-5978-e82300000000-m515a2d9c-0c63-1000-9f49-0ac2424e0000" objectTypeId="2006" objectRef="/oracle/bi/server/base/LogicalTable/d77531f0-0c57-1000-ba5a-0ac2424e0000.xml#m515a2d9c-0c63-1000-9f49-0ac2424e0000"/>
</ObjectRefList>
</LogicalColumnExpr>
<Expr mdsid="m0000001e-01f4-0000-5650-943200000000" name="Expr">
<ExprText><![CDATA["%1"]]></ExprText>
<ExprTextDesc><![CDATA["PRM_PRDHDATA"."PRDHDATA"."dbo"."F01 Sales 2011"."fed_tax_usd"]]></ExprTextDesc>
<ObjectRefList>
<RefObject refId="m0000001e-01f4-0000-5650-943200000000-m26e51fbe-0c5a-1000-891c-0ac2424e0000" objectTypeId="3003" objectRef="/oracle/bi/server/base/PhysicalTable/26e51fa0-0c5a-1000-891c-0ac2424e0000.xml#m26e51fbe-0c5a-1000-891c-0ac2424e0000"/>
</ObjectRefList>
</Expr>
</ColumnMapping>
<ColumnMapping>
<LogicalColumnExpr mdsid="m0000001f-01f4-0000-fda0-0a8f00000000" name="LogicalColumnExpr">
<ExprText><![CDATA["%1"]]></ExprText>
<ExprTextDesc><![CDATA["PGI-DW"."Fact-Revenue"."State Tax (MAAP)"]]></ExprTextDesc>
<ObjectRefList>
<RefObject refId="m0000001f-01f4-0000-fda0-0a8f00000000-m515e4c4a-0c63-1000-9f49-0ac2424e0000" objectTypeId="2006" objectRef="/oracle/bi/server/base/LogicalTable/d77531f0-0c57-1000-ba5a-0ac2424e0000.xml#m515e4c4a-0c63-1000-9f49-0ac2424e0000"/>
</ObjectRefList>
</LogicalColumnExpr>
<Expr mdsid="m00000020-01f4-0000-720d-e75600000000" name="Expr">
<ExprText><![CDATA["%1"]]></ExprText>
<ExprTextDesc><![CDATA["PRM_PRDHDATA"."PRDHDATA"."dbo"."F01 Sales 2011"."state_tax_local"]]></ExprTextDesc>
<ObjectRefList>
<RefObject refId="m00000020-01f4-0000-720d-e75600000000-m26e51fb8-0c5a-1000-891c-0ac2424e0000" objectTypeId="3003" objectRef="/oracle/bi/server/base/PhysicalTable/26e51fa0-0c5a-1000-891c-0ac2424e0000.xml#m26e51fb8-0c5a-1000-891c-0ac2424e0000"/>
</ObjectRefList>
</Expr>
</ColumnMapping>
<ColumnMapping>
<LogicalColumnExpr mdsid="m00000021-01f4-0000-f5ed-f97a00000000" name="LogicalColumnExpr">
<ExprText><![CDATA["%1"]]></ExprText>
<ExprTextDesc><![CDATA["PGI-DW"."Fact-Revenue"."State Tax (USD)"]]></ExprTextDesc>
<ObjectRefList>
<RefObject refId="m00000021-01f4-0000-f5ed-f97a00000000-m515e4c4b-0c63-1000-9f49-0ac2424e0000" objectTypeId="2006" objectRef="/oracle/bi/server/base/LogicalTable/d77531f0-0c57-1000-ba5a-0ac2424e0000.xml#m515e4c4b-0c63-1000-9f49-0ac2424e0000"/>
</ObjectRefList>
</LogicalColumnExpr>
<Expr mdsid="m00000022-01f4-0000-0da9-465600000000" name="Expr">
<ExprText><![CDATA["%1"]]></ExprText>
<ExprTextDesc><![CDATA["PRM_PRDHDATA"."PRDHDATA"."dbo"."F01 Sales 2011"."state_tax_usd"]]></ExprTextDesc>
<ObjectRefList>
<RefObject refId="m00000022-01f4-0000-0da9-465600000000-m26e51fbf-0c5a-1000-891c-0ac2424e0000" objectTypeId="3003" objectRef="/oracle/bi/server/base/PhysicalTable/26e51fa0-0c5a-1000-891c-0ac2424e0000.xml#m26e51fbf-0c5a-1000-891c-0ac2424e0000"/>
</ObjectRefList>
</Expr>
</ColumnMapping>
<ColumnMapping>
<LogicalColumnExpr mdsid="m00000023-01f4-0000-679a-1ddb00000000" name="LogicalColumnExpr">
<ExprText><![CDATA["%1"]]></ExprText>
<ExprTextDesc><![CDATA["PGI-DW"."Fact-Revenue"."State Tax (Local)"]]></ExprTextDesc>
<ObjectRefList>
<RefObject refId="m00000023-01f4-0000-679a-1ddb00000000-m515e4c4c-0c63-1000-9f49-0ac2424e0000" objectTypeId="2006" objectRef="/oracle/bi/server/base/LogicalTable/d77531f0-0c57-1000-ba5a-0ac2424e0000.xml#m515e4c4c-0c63-1000-9f49-0ac2424e0000"/>
</ObjectRefList>
</LogicalColumnExpr>
<Expr mdsid="m00000024-01f4-0000-a9b4-fb5900000000" name="Expr">
<ExprText><![CDATA["%1"]]></ExprText>
<ExprTextDesc><![CDATA["PRM_PRDHDATA"."PRDHDATA"."dbo"."F01 Sales 2011"."state_tax_local"]]></ExprTextDesc>
<ObjectRefList>
<RefObject refId="m00000024-01f4-0000-a9b4-fb5900000000-m26e51fb8-0c5a-1000-891c-0ac2424e0000" objectTypeId="3003" objectRef="/oracle/bi/server/base/PhysicalTable/26e51fa0-0c5a-1000-891c-0ac2424e0000.xml#m26e51fb8-0c5a-1000-891c-0ac2424e0000"/>
</ObjectRefList>
</Expr>
</ColumnMapping>
<ColumnMapping>
<LogicalColumnExpr mdsid="m00000025-01f4-0000-8494-5c5900000000" name="LogicalColumnExpr">
<ExprText><![CDATA["%1"]]></ExprText>
<ExprTextDesc><![CDATA["PGI-DW"."Fact-Revenue"."County Tax (USD)"]]></ExprTextDesc>
<ObjectRefList>
<RefObject refId="m00000025-01f4-0000-8494-5c5900000000-m5160481a-0c63-1000-9f49-0ac2424e0000" objectTypeId="2006" objectRef="/oracle/bi/server/base/LogicalTable/d77531f0-0c57-1000-ba5a-0ac2424e0000.xml#m5160481a-0c63-1000-9f49-0ac2424e0000"/>
</ObjectRefList>
</LogicalColumnExpr>
<Expr mdsid="m00000026-01f4-0000-5501-b02300000000" name="Expr">
<ExprText><![CDATA["%1"]]></ExprText>
<ExprTextDesc><![CDATA["PRM_PRDHDATA"."PRDHDATA"."dbo"."F01 Sales 2011"."county_tax_usd"]]></ExprTextDesc>
<ObjectRefList>
<RefObject refId="m00000026-01f4-0000-5501-b02300000000-m26e51fc0-0c5a-1000-891c-0ac2424e0000" objectTypeId="3003" objectRef="/oracle/bi/server/base/PhysicalTable/26e51fa0-0c5a-1000-891c-0ac2424e0000.xml#m26e51fc0-0c5a-1000-891c-0ac2424e0000"/>
</ObjectRefList>
</Expr>
</ColumnMapping>
<ColumnMapping>
<LogicalColumnExpr mdsid="m00000027-01f4-0000-62fc-886300000000" name="LogicalColumnExpr">
<ExprText><![CDATA["%1"]]></ExprText>
<ExprTextDesc><![CDATA["PGI-DW"."Fact-Revenue"."County Tax (Local)"]]></ExprTextDesc>
<ObjectRefList>
<RefObject refId="m00000027-01f4-0000-62fc-886300000000-m5160481b-0c63-1000-9f49-0ac2424e0000" objectTypeId="2006" objectRef="/oracle/bi/server/base/LogicalTable/d77531f0-0c57-1000-ba5a-0ac2424e0000.xml#m5160481b-0c63-1000-9f49-0ac2424e0000"/>
</ObjectRefList>
</LogicalColumnExpr>
<Expr mdsid="m00000028-01f4-0000-67c8-b9e400000000" name="Expr">
<ExprText><![CDATA["%1"]]></ExprText>
<ExprTextDesc><![CDATA["PRM_PRDHDATA"."PRDHDATA"."dbo"."F01 Sales 2011"."county_tax_local"]]></ExprTextDesc>
<ObjectRefList>
<RefObject refId="m00000028-01f4-0000-67c8-b9e400000000-m26e51fb9-0c5a-1000-891c-0ac2424e0000" objectTypeId="3003" objectRef="/oracle/bi/server/base/PhysicalTable/26e51fa0-0c5a-1000-891c-0ac2424e0000.xml#m26e51fb9-0c5a-1000-891c-0ac2424e0000"/>
</ObjectRefList>
</Expr>
</ColumnMapping>
<ColumnMapping>
<LogicalColumnExpr mdsid="m00000029-01f4-0000-025c-4a7700000000" name="LogicalColumnExpr">
<ExprText><![CDATA["%1"]]></ExprText>
<ExprTextDesc><![CDATA["PGI-DW"."Fact-Revenue"."County Tax (MAAP)"]]></ExprTextDesc>
<ObjectRefList>
<RefObject refId="m00000029-01f4-0000-025c-4a7700000000-m5160481c-0c63-1000-9f49-0ac2424e0000" objectTypeId="2006" objectRef="/oracle/bi/server/base/LogicalTable/d77531f0-0c57-1000-ba5a-0ac2424e0000.xml#m5160481c-0c63-1000-9f49-0ac2424e0000"/>
</ObjectRefList>
</LogicalColumnExpr>
<Expr mdsid="m0000002a-01f4-0000-9077-1ead00000000" name="Expr">
<ExprText><![CDATA["%1"]]></ExprText>
<ExprTextDesc><![CDATA["PRM_PRDHDATA"."PRDHDATA"."dbo"."F01 Sales 2011"."county_tax_maap"]]></ExprTextDesc>
<ObjectRefList>
<RefObject refId="m0000002a-01f4-0000-9077-1ead00000000-m26e51fc6-0c5a-1000-891c-0ac2424e0000" objectTypeId="3003" objectRef="/oracle/bi/server/base/PhysicalTable/26e51fa0-0c5a-1000-891c-0ac2424e0000.xml#m26e51fc6-0c5a-1000-891c-0ac2424e0000"/>
</ObjectRefList>
</Expr>
</ColumnMapping>
<ColumnMapping>
<LogicalColumnExpr mdsid="m0000002b-01f4-0000-4e04-184400000000" name="LogicalColumnExpr">
<ExprText><![CDATA["%1"]]></ExprText>
<ExprTextDesc><![CDATA["PGI-DW"."Fact-Revenue"."Local Tax (Local)"]]></ExprTextDesc>
<ObjectRefList>
<RefObject refId="m0000002b-01f4-0000-4e04-184400000000-m5163555a-0c63-1000-9f49-0ac2424e0000" objectTypeId="2006" objectRef="/oracle/bi/server/base/LogicalTable/d77531f0-0c57-1000-ba5a-0ac2424e0000.xml#m5163555a-0c63-1000-9f49-0ac2424e0000"/>
</ObjectRefList>
</LogicalColumnExpr>
<Expr mdsid="m0000002c-01f4-0000-a07c-985000000000" name="Expr">
<ExprText><![CDATA["%1"]]></ExprText>
<ExprTextDesc><![CDATA["PRM_PRDHDATA"."PRDHDATA"."dbo"."F01 Sales 2011"."local_tax_local"]]></ExprTextDesc>
<ObjectRefList>
<RefObject refId="m0000002c-01f4-0000-a07c-985000000000-m26e51fba-0c5a-1000-891c-0ac2424e0000" objectTypeId="3003" objectRef="/oracle/bi/server/base/PhysicalTable/26e51fa0-0c5a-1000-891c-0ac2424e0000.xml#m26e51fba-0c5a-1000-891c-0ac2424e0000"/>
</ObjectRefList>
</Expr>
</ColumnMapping>
<ColumnMapping>
<LogicalColumnExpr mdsid="m0000002d-01f4-0000-ee77-81b900000000" name="LogicalColumnExpr">
<ExprText><![CDATA["%1"]]></ExprText>
<ExprTextDesc><![CDATA["PGI-DW"."Fact-Revenue"."Local Tax (MAAP)"]]></ExprTextDesc>
<ObjectRefList>
<RefObject refId="m0000002d-01f4-0000-ee77-81b900000000-m5163555b-0c63-1000-9f49-0ac2424e0000" objectTypeId="2006" objectRef="/oracle/bi/server/base/LogicalTable/d77531f0-0c57-1000-ba5a-0ac2424e0000.xml#m5163555b-0c63-1000-9f49-0ac2424e0000"/>
</ObjectRefList>
</LogicalColumnExpr>
<Expr mdsid="m0000002e-01f4-0000-eb40-233500000000" name="Expr">
<ExprText><![CDATA["%1"]]></ExprText>
<ExprTextDesc><![CDATA["PRM_PRDHDATA"."PRDHDATA"."dbo"."F01 Sales 2011"."local_tax_maap"]]></ExprTextDesc>
<ObjectRefList>
<RefObject refId="m0000002e-01f4-0000-eb40-233500000000-m26e51fc7-0c5a-1000-891c-0ac2424e0000" objectTypeId="3003" objectRef="/oracle/bi/server/base/PhysicalTable/26e51fa0-0c5a-1000-891c-0ac2424e0000.xml#m26e51fc7-0c5a-1000-891c-0ac2424e0000"/>
</ObjectRefList>
</Expr>
</ColumnMapping>
<ColumnMapping>
<LogicalColumnExpr mdsid="m0000002f-01f4-0000-94e2-750f00000000" name="LogicalColumnExpr">
<ExprText><![CDATA["%1"]]></ExprText>
<ExprTextDesc><![CDATA["PGI-DW"."Fact-Revenue"."Local Tax (USD)"]]></ExprTextDesc>
<ObjectRefList>
<RefObject refId="m0000002f-01f4-0000-94e2-750f00000000-m5163555c-0c63-1000-9f49-0ac2424e0000" objectTypeId="2006" objectRef="/oracle/bi/server/base/LogicalTable/d77531f0-0c57-1000-ba5a-0ac2424e0000.xml#m5163555c-0c63-1000-9f49-0ac2424e0000"/>
</ObjectRefList>
</LogicalColumnExpr>
<Expr mdsid="m00000030-01f4-0000-6e31-0c6d00000000" name="Expr">
<ExprText><![CDATA["%1"]]></ExprText>
<ExprTextDesc><![CDATA["PRM_PRDHDATA"."PRDHDATA"."dbo"."F01 Sales 2011"."local_tax_usd"]]></ExprTextDesc>
<ObjectRefList>
<RefObject refId="m00000030-01f4-0000-6e31-0c6d00000000-m26e51fc1-0c5a-1000-891c-0ac2424e0000" objectTypeId="3003" objectRef="/oracle/bi/server/base/PhysicalTable/26e51fa0-0c5a-1000-891c-0ac2424e0000.xml#m26e51fc1-0c5a-1000-891c-0ac2424e0000"/>
</ObjectRefList>
</Expr>
</ColumnMapping>
<ColumnMapping>
<LogicalColumnExpr mdsid="m00000031-01f4-0000-a5e4-6b6700000000" name="LogicalColumnExpr">
<ExprText><![CDATA["%1"]]></ExprText>
<ExprTextDesc><![CDATA["PGI-DW"."Fact-Revenue"."CCRF Amt (Local)"]]></ExprTextDesc>
<ObjectRefList>
<RefObject refId="m00000031-01f4-0000-a5e4-6b6700000000-mc2741297-0c6f-1000-886d-0ac2424e0000" objectTypeId="2006" objectRef="/oracle/bi/server/base/LogicalTable/d77531f0-0c57-1000-ba5a-0ac2424e0000.xml#mc2741297-0c6f-1000-886d-0ac2424e0000"/>
</ObjectRefList>
</LogicalColumnExpr>
<Expr mdsid="m00000032-01f4-0000-92e2-f59900000000" name="Expr">
<ExprText><![CDATA["%1"]]></ExprText>
<ExprTextDesc><![CDATA["PRM_PRDHDATA"."PRDHDATA"."dbo"."F01 Sales 2011"."ccrf_amt_local"]]></ExprTextDesc>
<ObjectRefList>
<RefObject refId="m00000032-01f4-0000-92e2-f59900000000-m26e51fdc-0c5a-1000-891c-0ac2424e0000" objectTypeId="3003" objectRef="/oracle/bi/server/base/PhysicalTable/26e51fa0-0c5a-1000-891c-0ac2424e0000.xml#m26e51fdc-0c5a-1000-891c-0ac2424e0000"/>
</ObjectRefList>
</Expr>
</ColumnMapping>
<ColumnMapping>
<LogicalColumnExpr mdsid="m00000033-01f4-0000-d6f6-b58a00000000" name="LogicalColumnExpr">
<ExprText><![CDATA["%1"]]></ExprText>
<ExprTextDesc><![CDATA["PGI-DW"."Fact-Revenue"."CCRF Amt (MAAP)"]]></ExprTextDesc>
<ObjectRefList>
<RefObject refId="m00000033-01f4-0000-d6f6-b58a00000000-mc2741298-0c6f-1000-886d-0ac2424e0000" objectTypeId="2006" objectRef="/oracle/bi/server/base/LogicalTable/d77531f0-0c57-1000-ba5a-0ac2424e0000.xml#mc2741298-0c6f-1000-886d-0ac2424e0000"/>
</ObjectRefList>
</LogicalColumnExpr>
<Expr mdsid="m00000034-01f4-0000-12fd-e03700000000" name="Expr">
<ExprText><![CDATA["%1"]]></ExprText>
<ExprTextDesc><![CDATA["PRM_PRDHDATA"."PRDHDATA"."dbo"."F01 Sales 2011"."ccrf_amt_maap"]]></ExprTextDesc>
<ObjectRefList>
<RefObject refId="m00000034-01f4-0000-12fd-e03700000000-m26e51fe2-0c5a-1000-891c-0ac2424e0000" objectTypeId="3003" objectRef="/oracle/bi/server/base/PhysicalTable/26e51fa0-0c5a-1000-891c-0ac2424e0000.xml#m26e51fe2-0c5a-1000-891c-0ac2424e0000"/>
</ObjectRefList>
</Expr>
</ColumnMapping>
<ColumnMapping>
<LogicalColumnExpr mdsid="m00000035-01f4-0000-6eef-dd8200000000" name="LogicalColumnExpr">
<ExprText><![CDATA["%1"]]></ExprText>
<ExprTextDesc><![CDATA["PGI-DW"."Fact-Revenue"."CCRF Amt (USD)"]]></ExprTextDesc>
<ObjectRefList>
<RefObject refId="m00000035-01f4-0000-6eef-dd8200000000-mc2741299-0c6f-1000-886d-0ac2424e0000" objectTypeId="2006" objectRef="/oracle/bi/server/base/LogicalTable/d77531f0-0c57-1000-ba5a-0ac2424e0000.xml#mc2741299-0c6f-1000-886d-0ac2424e0000"/>
</ObjectRefList>
</LogicalColumnExpr>
<Expr mdsid="m00000036-01f4-0000-482d-3f4e00000000" name="Expr">
<ExprText><![CDATA["%1"]]></ExprText>
<ExprTextDesc><![CDATA["PRM_PRDHDATA"."PRDHDATA"."dbo"."F01 Sales 2011"."ccrf_amt_usd"]]></ExprTextDesc>
<ObjectRefList>
<RefObject refId="m00000036-01f4-0000-482d-3f4e00000000-m26e51fe1-0c5a-1000-891c-0ac2424e0000" objectTypeId="3003" objectRef="/oracle/bi/server/base/PhysicalTable/26e51fa0-0c5a-1000-891c-0ac2424e0000.xml#m26e51fe1-0c5a-1000-891c-0ac2424e0000"/>
</ObjectRefList>
</Expr>
</ColumnMapping>
<ColumnMapping>
<LogicalColumnExpr mdsid="m00000037-01f4-0000-6ed3-e57300000000" name="LogicalColumnExpr">
<ExprText><![CDATA["%1"]]></ExprText>
<ExprTextDesc><![CDATA["PGI-DW"."Fact-Revenue"."Rate (Local)"]]></ExprTextDesc>
<ObjectRefList>
<RefObject refId="m00000037-01f4-0000-6ed3-e57300000000-mc27412b9-0c6f-1000-886d-0ac2424e0000" objectTypeId="2006" objectRef="/oracle/bi/server/base/LogicalTable/d77531f0-0c57-1000-ba5a-0ac2424e0000.xml#mc27412b9-0c6f-1000-886d-0ac2424e0000"/>
</ObjectRefList>
</LogicalColumnExpr>
<Expr mdsid="m00000038-01f4-0000-f5a7-4dab00000000" name="Expr">
<ExprText><![CDATA["%1"]]></ExprText>
<ExprTextDesc><![CDATA["PRM_PRDHDATA"."PRDHDATA"."dbo"."F01 Sales 2011"."rate"]]></ExprTextDesc>
<ObjectRefList>
<RefObject refId="m00000038-01f4-0000-f5a7-4dab00000000-m26e51fb4-0c5a-1000-891c-0ac2424e0000" objectTypeId="3003" objectRef="/oracle/bi/server/base/PhysicalTable/26e51fa0-0c5a-1000-891c-0ac2424e0000.xml#m26e51fb4-0c5a-1000-891c-0ac2424e0000"/>
</ObjectRefList>
</Expr>
</ColumnMapping>
<ColumnMapping>
<LogicalColumnExpr mdsid="m00000039-01f4-0000-8992-525f00000000" name="LogicalColumnExpr">
<ExprText><![CDATA["%1"]]></ExprText>
<ExprTextDesc><![CDATA["PGI-DW"."Fact-Revenue"."Unique Conf ID"]]></ExprTextDesc>
<ObjectRefList>
<RefObject refId="m00000039-01f4-0000-8992-525f00000000-mc27412cf-0c6f-1000-886d-0ac2424e0000" objectTypeId="2006" objectRef="/oracle/bi/server/base/LogicalTable/d77531f0-0c57-1000-ba5a-0ac2424e0000.xml#mc27412cf-0c6f-1000-886d-0ac2424e0000"/>
</ObjectRefList>
</LogicalColumnExpr>
<Expr mdsid="m0000003a-01f4-0000-7c3d-2cc700000000" name="Expr">
<ExprText><![CDATA["%1"]]></ExprText>
<ExprTextDesc><![CDATA["PRM_PRDHDATA"."PRDHDATA"."dbo"."F01 Sales 2011"."unique_conf_id"]]></ExprTextDesc>
<ObjectRefList>
<RefObject refId="m0000003a-01f4-0000-7c3d-2cc700000000-m26e51fd8-0c5a-1000-891c-0ac2424e0000" objectTypeId="3003" objectRef="/oracle/bi/server/base/PhysicalTable/26e51fa0-0c5a-1000-891c-0ac2424e0000.xml#m26e51fd8-0c5a-1000-891c-0ac2424e0000"/>
</ObjectRefList>
</Expr>
</ColumnMapping>
<ColumnMapping>
<LogicalColumnExpr mdsid="m0000003b-01f4-0000-7667-46a400000000" name="LogicalColumnExpr">
<ExprText><![CDATA["%1"]]></ExprText>
<ExprTextDesc><![CDATA["PGI-DW"."Fact-Revenue"."USF Amt (Local)"]]></ExprTextDesc>
<ObjectRefList>
<RefObject refId="m0000003b-01f4-0000-7667-46a400000000-mc27412d1-0c6f-1000-886d-0ac2424e0000" objectTypeId="2006" objectRef="/oracle/bi/server/base/LogicalTable/d77531f0-0c57-1000-ba5a-0ac2424e0000.xml#mc27412d1-0c6f-1000-886d-0ac2424e0000"/>
</ObjectRefList>
</LogicalColumnExpr>
<Expr mdsid="m0000003c-01f4-0000-6f5c-92fb00000000" name="Expr">
<ExprText><![CDATA["%1"]]></ExprText>
<ExprTextDesc><![CDATA["PRM_PRDHDATA"."PRDHDATA"."dbo"."F01 Sales 2011"."usf_amt_local"]]></ExprTextDesc>
<ObjectRefList>
<RefObject refId="m0000003c-01f4-0000-6f5c-92fb00000000-m26e51fdb-0c5a-1000-891c-0ac2424e0000" objectTypeId="3003" objectRef="/oracle/bi/server/base/PhysicalTable/26e51fa0-0c5a-1000-891c-0ac2424e0000.xml#m26e51fdb-0c5a-1000-891c-0ac2424e0000"/>
</ObjectRefList>
</Expr>
</ColumnMapping>
<ColumnMapping>
<LogicalColumnExpr mdsid="m0000003d-01f4-0000-e394-7b8300000000" name="LogicalColumnExpr">
<ExprText><![CDATA["%1"]]></ExprText>
<ExprTextDesc><![CDATA["PGI-DW"."Fact-Revenue"."USF Amt (MAAP)"]]></ExprTextDesc>
<ObjectRefList>
<RefObject refId="m0000003d-01f4-0000-e394-7b8300000000-mc27412d2-0c6f-1000-886d-0ac2424e0000" objectTypeId="2006" objectRef="/oracle/bi/server/base/LogicalTable/d77531f0-0c57-1000-ba5a-0ac2424e0000.xml#mc27412d2-0c6f-1000-886d-0ac2424e0000"/>
</ObjectRefList>
</LogicalColumnExpr>
<Expr mdsid="m0000003e-01f4-0000-b08f-0f8800000000" name="Expr">
<ExprText><![CDATA["%1"]]></ExprText>
<ExprTextDesc><![CDATA["PRM_PRDHDATA"."PRDHDATA"."dbo"."F01 Sales 2011"."usf_amt_maap"]]></ExprTextDesc>
<ObjectRefList>
<RefObject refId="m0000003e-01f4-0000-b08f-0f8800000000-m26e51fe0-0c5a-1000-891c-0ac2424e0000" objectTypeId="3003" objectRef="/oracle/bi/server/base/PhysicalTable/26e51fa0-0c5a-1000-891c-0ac2424e0000.xml#m26e51fe0-0c5a-1000-891c-0ac2424e0000"/>
</ObjectRefList>
</Expr>
</ColumnMapping>
<ColumnMapping>
<LogicalColumnExpr mdsid="m0000003f-01f4-0000-344a-0ba400000000" name="LogicalColumnExpr">
<ExprText><![CDATA["%1"]]></ExprText>
<ExprTextDesc><![CDATA["PGI-DW"."Fact-Revenue"."USF Amt (USD)"]]></ExprTextDesc>
<ObjectRefList>
<RefObject refId="m0000003f-01f4-0000-344a-0ba400000000-mc27412d3-0c6f-1000-886d-0ac2424e0000" objectTypeId="2006" objectRef="/oracle/bi/server/base/LogicalTable/d77531f0-0c57-1000-ba5a-0ac2424e0000.xml#mc27412d3-0c6f-1000-886d-0ac2424e0000"/>
</ObjectRefList>
</LogicalColumnExpr>
<Expr mdsid="m00000040-01f4-0000-9646-d18500000000" name="Expr">
<ExprText><![CDATA["%1"]]></ExprText>
<ExprTextDesc><![CDATA["PRM_PRDHDATA"."PRDHDATA"."dbo"."F01 Sales 2011"."usf_amt_usd"]]></ExprTextDesc>
<ObjectRefList>
<RefObject refId="m00000040-01f4-0000-9646-d18500000000-m26e51fdf-0c5a-1000-891c-0ac2424e0000" objectTypeId="3003" objectRef="/oracle/bi/server/base/PhysicalTable/26e51fa0-0c5a-1000-891c-0ac2424e0000.xml#m26e51fdf-0c5a-1000-891c-0ac2424e0000"/>
</ObjectRefList>
</Expr>
</ColumnMapping>
<ColumnMapping>
<LogicalColumnExpr mdsid="m00000041-01f4-0000-c80f-3f4e00000000" name="LogicalColumnExpr">
<ExprText><![CDATA["%1"]]></ExprText>
<ExprTextDesc><![CDATA["PGI-DW"."Fact-Revenue"."gl_dt_key"]]></ExprTextDesc>
<ObjectRefList>
<RefObject refId="m00000041-01f4-0000-c80f-3f4e00000000-m80000016-a81c-14f4-8029-0ac242490000" objectTypeId="2006" objectRef="/oracle/bi/server/base/LogicalTable/d77531f0-0c57-1000-ba5a-0ac2424e0000.xml#m80000016-a81c-14f4-8029-0ac242490000"/>
</ObjectRefList>
</LogicalColumnExpr>
<Expr mdsid="m00000042-01f4-0000-5987-719100000000" name="Expr">
<ExprText><![CDATA["%1"]]></ExprText>
<ExprTextDesc><![CDATA["PRM_PRDHDATA"."PRDHDATA"."dbo"."F01 Sales 2011"."gl_dt_key"]]></ExprTextDesc>
<ObjectRefList>
<RefObject refId="m00000042-01f4-0000-5987-719100000000-m26e51fa7-0c5a-1000-891c-0ac2424e0000" objectTypeId="3003" objectRef="/oracle/bi/server/base/PhysicalTable/26e51fa0-0c5a-1000-891c-0ac2424e0000.xml#m26e51fa7-0c5a-1000-891c-0ac2424e0000"/>
</ObjectRefList>
</Expr>
</ColumnMapping>
<Link startNodeTableRef="/oracle/bi/server/base/PhysicalTable/26e51fa0-0c5a-1000-891c-0ac2424e0000.xml#m26e51fa0-0c5a-1000-891c-0ac2424e0000">
</Link>
<WhereClause mdsid="m00000043-01f4-0000-0708-5d6600000000" name="WhereClause">
<ExprText></ExprText>
<ExprTextDesc></ExprTextDesc>
</WhereClause>
<GroupBy mdsid="m00000044-01f4-0000-3365-412400000000" name="GroupBy">
<ExprText></ExprText>
<ExprTextDesc></ExprTextDesc>
</GroupBy>
<FragmentContent mdsid="m00000045-01f4-0000-3755-2dc900000000" name="FragmentContent">
<ExprText><![CDATA["%1" = 2011]]></ExprText>
<ExprTextDesc><![CDATA["PGI-DW"."GL Date"."Year Number" = 2011]]></ExprTextDesc>
<ObjectRefList>
<RefObject refId="m00000045-01f4-0000-3755-2dc900000000-m46918fc2-0c58-1000-ba5a-0ac2424e0000" objectTypeId="2006" objectRef="/oracle/bi/server/base/LogicalTable/d50654d0-0c57-1000-ba5a-0ac2424e0000.xml#m46918fc2-0c58-1000-ba5a-0ac2424e0000"/>
</ObjectRefList>
</FragmentContent>
</LogicalTableSource>