<?xml version="1.0" encoding="UTF-8" ?>
<LogicalTableSource mdsid="m3b8cf974-0c58-1000-ba5a-0ac2424e0000" name="D02 Client" xmlns:xsi="http://www.w3.org/2001/XMLSchema-instance" xmlns="http://www.oracle.com/obis/repository" isActive="true" logicalTableRef="/oracle/bi/server/base/LogicalTable/3b883e80-0c58-1000-ba5a-0ac2424e0000.xml#m3b883e80-0c58-1000-ba5a-0ac2424e0000">
<ColumnMapping>
<LogicalColumnExpr mdsid="m00000001-01f4-0000-8894-c7a300000000" name="LogicalColumnExpr">
<ExprText><![CDATA["%1"]]></ExprText>
<ExprTextDesc><![CDATA["PGI-DW"."Client"."Client Key"]]></ExprTextDesc>
<ObjectRefList>
<RefObject refId="m00000001-01f4-0000-8894-c7a300000000-m3b8cf971-0c58-1000-ba5a-0ac2424e0000" objectTypeId="2006" objectRef="/oracle/bi/server/base/LogicalTable/3b883e80-0c58-1000-ba5a-0ac2424e0000.xml#m3b8cf971-0c58-1000-ba5a-0ac2424e0000"/>
</ObjectRefList>
</LogicalColumnExpr>
<Expr mdsid="m00000002-01f4-0000-670f-331c00000000" name="Expr">
<ExprText><![CDATA["%1"]]></ExprText>
<ExprTextDesc><![CDATA["PRM_PRDHDATA"."PRDHDATA"."dbo"."D02 Client"."clnt_key"]]></ExprTextDesc>
<ObjectRefList>
<RefObject refId="m00000002-01f4-0000-670f-331c00000000-m343a99b1-0c2c-1000-ae5d-0ac2424e0000" objectTypeId="3003" objectRef="/oracle/bi/server/base/PhysicalTable/343a99b0-0c2c-1000-ae5d-0ac2424e0000.xml#m343a99b1-0c2c-1000-ae5d-0ac2424e0000"/>
</ObjectRefList>
</Expr>
</ColumnMapping>
<ColumnMapping>
<LogicalColumnExpr mdsid="m00000003-01f4-0000-59d2-a20800000000" name="LogicalColumnExpr">
<ExprText><![CDATA["%1"]]></ExprText>
<ExprTextDesc><![CDATA["PGI-DW"."Client"."Client Country"]]></ExprTextDesc>
<ObjectRefList>
<RefObject refId="m00000003-01f4-0000-59d2-a20800000000-m3b90ca07-0c58-1000-ba5a-0ac2424e0000" objectTypeId="2006" objectRef="/oracle/bi/server/base/LogicalTable/3b883e80-0c58-1000-ba5a-0ac2424e0000.xml#m3b90ca07-0c58-1000-ba5a-0ac2424e0000"/>
</ObjectRefList>
</LogicalColumnExpr>
<Expr mdsid="m00000004-01f4-0000-83b0-11c400000000" name="Expr">
<ExprText><![CDATA["%1"]]></ExprText>
<ExprTextDesc><![CDATA["PRM_PRDHDATA"."PRDHDATA"."dbo"."D02 Client"."clnt_country"]]></ExprTextDesc>
<ObjectRefList>
<RefObject refId="m00000004-01f4-0000-83b0-11c400000000-m343a99c1-0c2c-1000-ae5d-0ac2424e0000" objectTypeId="3003" objectRef="/oracle/bi/server/base/PhysicalTable/343a99b0-0c2c-1000-ae5d-0ac2424e0000.xml#m343a99c1-0c2c-1000-ae5d-0ac2424e0000"/>
</ObjectRefList>
</Expr>
</ColumnMapping>
<ColumnMapping>
<LogicalColumnExpr mdsid="m00000005-01f4-0000-34c6-9e1300000000" name="LogicalColumnExpr">
<ExprText><![CDATA["%1"]]></ExprText>
<ExprTextDesc><![CDATA["PGI-DW"."Client"."Client ID"]]></ExprTextDesc>
<ObjectRefList>
<RefObject refId="m00000005-01f4-0000-34c6-9e1300000000-m3b90ca08-0c58-1000-ba5a-0ac2424e0000" objectTypeId="2006" objectRef="/oracle/bi/server/base/LogicalTable/3b883e80-0c58-1000-ba5a-0ac2424e0000.xml#m3b90ca08-0c58-1000-ba5a-0ac2424e0000"/>
</ObjectRefList>
</LogicalColumnExpr>
<Expr mdsid="m00000006-01f4-0000-443d-202500000000" name="Expr">
<ExprText><![CDATA["%1"]]></ExprText>
<ExprTextDesc><![CDATA["PRM_PRDHDATA"."PRDHDATA"."dbo"."D02 Client"."clnt_id"]]></ExprTextDesc>
<ObjectRefList>
<RefObject refId="m00000006-01f4-0000-443d-202500000000-m343a99b2-0c2c-1000-ae5d-0ac2424e0000" objectTypeId="3003" objectRef="/oracle/bi/server/base/PhysicalTable/343a99b0-0c2c-1000-ae5d-0ac2424e0000.xml#m343a99b2-0c2c-1000-ae5d-0ac2424e0000"/>
</ObjectRefList>
</Expr>
</ColumnMapping>
<ColumnMapping>
<LogicalColumnExpr mdsid="m00000007-01f4-0000-85f6-ff2100000000" name="LogicalColumnExpr">
<ExprText><![CDATA["%1"]]></ExprText>
<ExprTextDesc><![CDATA["PGI-DW"."Client"."Client Region"]]></ExprTextDesc>
<ObjectRefList>
<RefObject refId="m00000007-01f4-0000-85f6-ff2100000000-m3b90ca06-0c58-1000-ba5a-0ac2424e0000" objectTypeId="2006" objectRef="/oracle/bi/server/base/LogicalTable/3b883e80-0c58-1000-ba5a-0ac2424e0000.xml#m3b90ca06-0c58-1000-ba5a-0ac2424e0000"/>
</ObjectRefList>
</LogicalColumnExpr>
<Expr mdsid="m00000008-01f4-0000-b43b-d92200000000" name="Expr">
<ExprText><![CDATA["%1"]]></ExprText>
<ExprTextDesc><![CDATA["PRM_PRDHDATA"."PRDHDATA"."dbo"."D02 Client"."clnt_region"]]></ExprTextDesc>
<ObjectRefList>
<RefObject refId="m00000008-01f4-0000-b43b-d92200000000-m343a99c0-0c2c-1000-ae5d-0ac2424e0000" objectTypeId="3003" objectRef="/oracle/bi/server/base/PhysicalTable/343a99b0-0c2c-1000-ae5d-0ac2424e0000.xml#m343a99c0-0c2c-1000-ae5d-0ac2424e0000"/>
</ObjectRefList>
</Expr>
</ColumnMapping>
<ColumnMapping>
<LogicalColumnExpr mdsid="m00000009-01f4-0000-8f7d-4bf400000000" name="LogicalColumnExpr">
<ExprText><![CDATA["%1"]]></ExprText>
<ExprTextDesc><![CDATA["PGI-DW"."Client"."Client State"]]></ExprTextDesc>
<ObjectRefList>
<RefObject refId="m00000009-01f4-0000-8f7d-4bf400000000-m1b829ff2-0c5c-1000-92db-0ac2424e0000" objectTypeId="2006" objectRef="/oracle/bi/server/base/LogicalTable/3b883e80-0c58-1000-ba5a-0ac2424e0000.xml#m1b829ff2-0c5c-1000-92db-0ac2424e0000"/>
</ObjectRefList>
</LogicalColumnExpr>
<Expr mdsid="m0000000a-01f4-0000-e7e3-d35b00000000" name="Expr">
<ExprText><![CDATA["%1"]]></ExprText>
<ExprTextDesc><![CDATA["PRM_PRDHDATA"."PRDHDATA"."dbo"."D02 Client"."clnt_state"]]></ExprTextDesc>
<ObjectRefList>
<RefObject refId="m0000000a-01f4-0000-e7e3-d35b00000000-ma7417eb5-0c59-1000-891c-0ac2424e0000" objectTypeId="3003" objectRef="/oracle/bi/server/base/PhysicalTable/343a99b0-0c2c-1000-ae5d-0ac2424e0000.xml#ma7417eb5-0c59-1000-891c-0ac2424e0000"/>
</ObjectRefList>
</Expr>
</ColumnMapping>
<ColumnMapping>
<LogicalColumnExpr mdsid="m0000000b-01f4-0000-6ca4-ddd100000000" name="LogicalColumnExpr">
<ExprText><![CDATA["%1"]]></ExprText>
<ExprTextDesc><![CDATA["PGI-DW"."Client"."Client First Name"]]></ExprTextDesc>
<ObjectRefList>
<RefObject refId="m0000000b-01f4-0000-6ca4-ddd100000000-mc07c9b42-0c62-1000-9f49-0ac2424e0000" objectTypeId="2006" objectRef="/oracle/bi/server/base/LogicalTable/3b883e80-0c58-1000-ba5a-0ac2424e0000.xml#mc07c9b42-0c62-1000-9f49-0ac2424e0000"/>
</ObjectRefList>
</LogicalColumnExpr>
<Expr mdsid="m0000000c-01f4-0000-decb-19d200000000" name="Expr">
<ExprText><![CDATA["%1"]]></ExprText>
<ExprTextDesc><![CDATA["PRM_PRDHDATA"."PRDHDATA"."dbo"."D02 Client"."clnt_first_name"]]></ExprTextDesc>
<ObjectRefList>
<RefObject refId="m0000000c-01f4-0000-decb-19d200000000-mc03f6b31-0c62-1000-9f49-0ac2424e0000" objectTypeId="3003" objectRef="/oracle/bi/server/base/PhysicalTable/343a99b0-0c2c-1000-ae5d-0ac2424e0000.xml#mc03f6b31-0c62-1000-9f49-0ac2424e0000"/>
</ObjectRefList>
</Expr>
</ColumnMapping>
<ColumnMapping>
<LogicalColumnExpr mdsid="m0000000d-01f4-0000-2731-283500000000" name="LogicalColumnExpr">
<ExprText><![CDATA["%1"]]></ExprText>
<ExprTextDesc><![CDATA["PGI-DW"."Client"."Client Last Name"]]></ExprTextDesc>
<ObjectRefList>
<RefObject refId="m0000000d-01f4-0000-2731-283500000000-mc07dd3c2-0c62-1000-9f49-0ac2424e0000" objectTypeId="2006" objectRef="/oracle/bi/server/base/LogicalTable/3b883e80-0c58-1000-ba5a-0ac2424e0000.xml#mc07dd3c2-0c62-1000-9f49-0ac2424e0000"/>
</ObjectRefList>
</LogicalColumnExpr>
<Expr mdsid="m0000000e-01f4-0000-c9a5-b45900000000" name="Expr">
<ExprText><![CDATA["%1"]]></ExprText>
<ExprTextDesc><![CDATA["PRM_PRDHDATA"."PRDHDATA"."dbo"."D02 Client"."clnt_last_name"]]></ExprTextDesc>
<ObjectRefList>
<RefObject refId="m0000000e-01f4-0000-c9a5-b45900000000-mc03f6b30-0c62-1000-9f49-0ac2424e0000" objectTypeId="3003" objectRef="/oracle/bi/server/base/PhysicalTable/343a99b0-0c2c-1000-ae5d-0ac2424e0000.xml#mc03f6b30-0c62-1000-9f49-0ac2424e0000"/>
</ObjectRefList>
</Expr>
</ColumnMapping>
<ColumnMapping>
<LogicalColumnExpr mdsid="m0000000f-01f4-0000-1962-c45e00000000" name="LogicalColumnExpr">
<ExprText><![CDATA["%1"]]></ExprText>
<ExprTextDesc><![CDATA["PGI-DW"."Client"."Client Bill-To City"]]></ExprTextDesc>
<ObjectRefList>
<RefObject refId="m0000000f-01f4-0000-1962-c45e00000000-ma37ad6c4-0c7a-1000-8029-0ac2424e0000" objectTypeId="2006" objectRef="/oracle/bi/server/base/LogicalTable/3b883e80-0c58-1000-ba5a-0ac2424e0000.xml#ma37ad6c4-0c7a-1000-8029-0ac2424e0000"/>
</ObjectRefList>
</LogicalColumnExpr>
<Expr mdsid="m00000010-01f4-0000-cd43-997800000000" name="Expr">
<ExprText><![CDATA["%1"]]></ExprText>
<ExprTextDesc><![CDATA["PRM_PRDHDATA"."PRDHDATA"."dbo"."D02 Client"."clnt_billto_city"]]></ExprTextDesc>
<ObjectRefList>
<RefObject refId="m00000010-01f4-0000-cd43-997800000000-ma372c08e-0c7a-1000-8029-0ac2424e0000" objectTypeId="3003" objectRef="/oracle/bi/server/base/PhysicalTable/343a99b0-0c2c-1000-ae5d-0ac2424e0000.xml#ma372c08e-0c7a-1000-8029-0ac2424e0000"/>
</ObjectRefList>
</Expr>
</ColumnMapping>
<ColumnMapping>
<LogicalColumnExpr mdsid="m00000011-01f4-0000-92d4-c09400000000" name="LogicalColumnExpr">
<ExprText><![CDATA["%1"]]></ExprText>
<ExprTextDesc><![CDATA["PGI-DW"."Client"."Client Bill-To Country"]]></ExprTextDesc>
<ObjectRefList>
<RefObject refId="m00000011-01f4-0000-92d4-c09400000000-ma37ad6c5-0c7a-1000-8029-0ac2424e0000" objectTypeId="2006" objectRef="/oracle/bi/server/base/LogicalTable/3b883e80-0c58-1000-ba5a-0ac2424e0000.xml#ma37ad6c5-0c7a-1000-8029-0ac2424e0000"/>
</ObjectRefList>
</LogicalColumnExpr>
<Expr mdsid="m00000012-01f4-0000-8cbe-5d3600000000" name="Expr">
<ExprText><![CDATA["%1"]]></ExprText>
<ExprTextDesc><![CDATA["PRM_PRDHDATA"."PRDHDATA"."dbo"."D02 Client"."clnt_billto_country"]]></ExprTextDesc>
<ObjectRefList>
<RefObject refId="m00000012-01f4-0000-8cbe-5d3600000000-ma372c090-0c7a-1000-8029-0ac2424e0000" objectTypeId="3003" objectRef="/oracle/bi/server/base/PhysicalTable/343a99b0-0c2c-1000-ae5d-0ac2424e0000.xml#ma372c090-0c7a-1000-8029-0ac2424e0000"/>
</ObjectRefList>
</Expr>
</ColumnMapping>
<ColumnMapping>
<LogicalColumnExpr mdsid="m00000013-01f4-0000-2832-d7d400000000" name="LogicalColumnExpr">
<ExprText><![CDATA["%1"]]></ExprText>
<ExprTextDesc><![CDATA["PGI-DW"."Client"."Client Bill-To State"]]></ExprTextDesc>
<ObjectRefList>
<RefObject refId="m00000013-01f4-0000-2832-d7d400000000-ma37ad6c6-0c7a-1000-8029-0ac2424e0000" objectTypeId="2006" objectRef="/oracle/bi/server/base/LogicalTable/3b883e80-0c58-1000-ba5a-0ac2424e0000.xml#ma37ad6c6-0c7a-1000-8029-0ac2424e0000"/>
</ObjectRefList>
</LogicalColumnExpr>
<Expr mdsid="m00000014-01f4-0000-9d98-c87d00000000" name="Expr">
<ExprText><![CDATA["%1"]]></ExprText>
<ExprTextDesc><![CDATA["PRM_PRDHDATA"."PRDHDATA"."dbo"."D02 Client"."clnt_billto_state"]]></ExprTextDesc>
<ObjectRefList>
<RefObject refId="m00000014-01f4-0000-9d98-c87d00000000-ma372c092-0c7a-1000-8029-0ac2424e0000" objectTypeId="3003" objectRef="/oracle/bi/server/base/PhysicalTable/343a99b0-0c2c-1000-ae5d-0ac2424e0000.xml#ma372c092-0c7a-1000-8029-0ac2424e0000"/>
</ObjectRefList>
</Expr>
</ColumnMapping>
<ColumnMapping>
<LogicalColumnExpr mdsid="m00000015-01f4-0000-1bef-3c2b00000000" name="LogicalColumnExpr">
<ExprText><![CDATA["%1"]]></ExprText>
<ExprTextDesc><![CDATA["PGI-DW"."Client"."Client Bill-To Zip"]]></ExprTextDesc>
<ObjectRefList>
<RefObject refId="m00000015-01f4-0000-1bef-3c2b00000000-ma37ad6c7-0c7a-1000-8029-0ac2424e0000" objectTypeId="2006" objectRef="/oracle/bi/server/base/LogicalTable/3b883e80-0c58-1000-ba5a-0ac2424e0000.xml#ma37ad6c7-0c7a-1000-8029-0ac2424e0000"/>
</ObjectRefList>
</LogicalColumnExpr>
<Expr mdsid="m00000016-01f4-0000-b65f-d97600000000" name="Expr">
<ExprText><![CDATA["%1"]]></ExprText>
<ExprTextDesc><![CDATA["PRM_PRDHDATA"."PRDHDATA"."dbo"."D02 Client"."clnt_billto_zip"]]></ExprTextDesc>
<ObjectRefList>
<RefObject refId="m00000016-01f4-0000-b65f-d97600000000-ma372c094-0c7a-1000-8029-0ac2424e0000" objectTypeId="3003" objectRef="/oracle/bi/server/base/PhysicalTable/343a99b0-0c2c-1000-ae5d-0ac2424e0000.xml#ma372c094-0c7a-1000-8029-0ac2424e0000"/>
</ObjectRefList>
</Expr>
</ColumnMapping>
<ColumnMapping>
<LogicalColumnExpr mdsid="m00000017-01f4-0000-4974-420b00000000" name="LogicalColumnExpr">
<ExprText><![CDATA["%1"]]></ExprText>
<ExprTextDesc><![CDATA["PGI-DW"."Client"."Client Bill-To Address 1"]]></ExprTextDesc>
<ObjectRefList>
<RefObject refId="m00000017-01f4-0000-4974-420b00000000-m0b3c01c4-0c7c-1000-8029-0ac2424e0000" objectTypeId="2006" objectRef="/oracle/bi/server/base/LogicalTable/3b883e80-0c58-1000-ba5a-0ac2424e0000.xml#m0b3c01c4-0c7c-1000-8029-0ac2424e0000"/>
</ObjectRefList>
</LogicalColumnExpr>
<Expr mdsid="m00000018-01f4-0000-6e63-ad5700000000" name="Expr">
<ExprText><![CDATA["%1"]]></ExprText>
<ExprTextDesc><![CDATA["PRM_PRDHDATA"."PRDHDATA"."dbo"."D02 Client"."clnt_billto_addr1"]]></ExprTextDesc>
<ObjectRefList>
<RefObject refId="m00000018-01f4-0000-6e63-ad5700000000-m0b376de1-0c7c-1000-8029-0ac2424e0000" objectTypeId="3003" objectRef="/oracle/bi/server/base/PhysicalTable/343a99b0-0c2c-1000-ae5d-0ac2424e0000.xml#m0b376de1-0c7c-1000-8029-0ac2424e0000"/>
</ObjectRefList>
</Expr>
</ColumnMapping>
<ColumnMapping>
<LogicalColumnExpr mdsid="m00000019-01f4-0000-328a-d06000000000" name="LogicalColumnExpr">
<ExprText><![CDATA["%1"]]></ExprText>
<ExprTextDesc><![CDATA["PGI-DW"."Client"."Client Bill-To Address 2"]]></ExprTextDesc>
<ObjectRefList>
<RefObject refId="m00000019-01f4-0000-328a-d06000000000-m0b3c01c5-0c7c-1000-8029-0ac2424e0000" objectTypeId="2006" objectRef="/oracle/bi/server/base/LogicalTable/3b883e80-0c58-1000-ba5a-0ac2424e0000.xml#m0b3c01c5-0c7c-1000-8029-0ac2424e0000"/>
</ObjectRefList>
</LogicalColumnExpr>
<Expr mdsid="m0000001a-01f4-0000-abac-a28400000000" name="Expr">
<ExprText><![CDATA["%1"]]></ExprText>
<ExprTextDesc><![CDATA["PRM_PRDHDATA"."PRDHDATA"."dbo"."D02 Client"."clnt_billto_addr2"]]></ExprTextDesc>
<ObjectRefList>
<RefObject refId="m0000001a-01f4-0000-abac-a28400000000-m0b376de0-0c7c-1000-8029-0ac2424e0000" objectTypeId="3003" objectRef="/oracle/bi/server/base/PhysicalTable/343a99b0-0c2c-1000-ae5d-0ac2424e0000.xml#m0b376de0-0c7c-1000-8029-0ac2424e0000"/>
</ObjectRefList>
</Expr>
</ColumnMapping>
<Link startNodeTableRef="/oracle/bi/server/base/PhysicalTable/343a99b0-0c2c-1000-ae5d-0ac2424e0000.xml#m343a99b0-0c2c-1000-ae5d-0ac2424e0000">
</Link>
<WhereClause mdsid="m0000001b-01f4-0000-ad37-8e1d00000000" name="WhereClause">
<ExprText></ExprText>
<ExprTextDesc></ExprTextDesc>
</WhereClause>
<GroupBy mdsid="m0000001c-01f4-0000-fdcb-60c400000000" name="GroupBy">
<ExprText></ExprText>
<ExprTextDesc></ExprTextDesc>
</GroupBy>
<FragmentContent mdsid="m0000001d-01f4-0000-bb25-343300000000" name="FragmentContent">
<ExprText></ExprText>
<ExprTextDesc></ExprTextDesc>
</FragmentContent>
</LogicalTableSource>