<?xml version="1.0" encoding="UTF-8" ?>
<LogicalTableSource mdsid="m6fe41903-0c95-1000-9cfd-0ac2424e0000" name="D06 Call Termination" xmlns:xsi="http://www.w3.org/2001/XMLSchema-instance" xmlns="http://www.oracle.com/obis/repository" isActive="true" logicalTableRef="/oracle/bi/server/base/LogicalTable/6fe41901-0c95-1000-9cfd-0ac2424e0000.xml#m6fe41901-0c95-1000-9cfd-0ac2424e0000">
<ColumnMapping>
<LogicalColumnExpr mdsid="m00000001-01f4-0000-b666-56ea00000000" name="LogicalColumnExpr">
<ExprText><![CDATA["%1"]]></ExprText>
<ExprTextDesc><![CDATA["PGI-DW"."Call Termination"."Call Termination"]]></ExprTextDesc>
<ObjectRefList>
<RefObject refId="m00000001-01f4-0000-b666-56ea00000000-m6fe41904-0c95-1000-9cfd-0ac2424e0000" objectTypeId="2006" objectRef="/oracle/bi/server/base/LogicalTable/6fe41901-0c95-1000-9cfd-0ac2424e0000.xml#m6fe41904-0c95-1000-9cfd-0ac2424e0000"/>
</ObjectRefList>
</LogicalColumnExpr>
<Expr mdsid="m00000002-01f4-0000-ea38-858900000000" name="Expr">
<ExprText><![CDATA["%1"]]></ExprText>
<ExprTextDesc><![CDATA["PRM_PRDHDATA"."PRDHDATA"."dbo"."D06 Call Termination"."cntry_cd_display"]]></ExprTextDesc>
<ObjectRefList>
<RefObject refId="m00000002-01f4-0000-ea38-858900000000-mf33660b3-0cae-1000-bd59-0ac2424e0000" objectTypeId="3003" objectRef="/oracle/bi/server/base/PhysicalTable/34468090-0c2c-1000-ae5d-0ac2424e0000.xml#mf33660b3-0cae-1000-bd59-0ac2424e0000"/>
</ObjectRefList>
</Expr>
</ColumnMapping>
<ColumnMapping>
<LogicalColumnExpr mdsid="m00000003-01f4-0000-2afb-9cc500000000" name="LogicalColumnExpr">
<ExprText><![CDATA["%1"]]></ExprText>
<ExprTextDesc><![CDATA["PGI-DW"."Call Termination"."Level 1 Key"]]></ExprTextDesc>
<ObjectRefList>
<RefObject refId="m00000003-01f4-0000-2afb-9cc500000000-m6fe41905-0c95-1000-9cfd-0ac2424e0000" objectTypeId="2006" objectRef="/oracle/bi/server/base/LogicalTable/6fe41901-0c95-1000-9cfd-0ac2424e0000.xml#m6fe41905-0c95-1000-9cfd-0ac2424e0000"/>
</ObjectRefList>
</LogicalColumnExpr>
<Expr mdsid="m00000004-01f4-0000-dd1e-ff5300000000" name="Expr">
<ExprText><![CDATA["%1"]]></ExprText>
<ExprTextDesc><![CDATA["PRM_PRDHDATA"."PRDHDATA"."dbo"."D06 Call Termination"."cntry_gen01_cd"]]></ExprTextDesc>
<ObjectRefList>
<RefObject refId="m00000004-01f4-0000-dd1e-ff5300000000-m3446a7a5-0c2c-1000-ae5d-0ac2424e0000" objectTypeId="3003" objectRef="/oracle/bi/server/base/PhysicalTable/34468090-0c2c-1000-ae5d-0ac2424e0000.xml#m3446a7a5-0c2c-1000-ae5d-0ac2424e0000"/>
</ObjectRefList>
</Expr>
</ColumnMapping>
<ColumnMapping>
<LogicalColumnExpr mdsid="m00000005-01f4-0000-5aea-916400000000" name="LogicalColumnExpr">
<ExprText><![CDATA["%1"]]></ExprText>
<ExprTextDesc><![CDATA["PGI-DW"."Call Termination"."Region"]]></ExprTextDesc>
<ObjectRefList>
<RefObject refId="m00000005-01f4-0000-5aea-916400000000-m6fe41907-0c95-1000-9cfd-0ac2424e0000" objectTypeId="2006" objectRef="/oracle/bi/server/base/LogicalTable/6fe41901-0c95-1000-9cfd-0ac2424e0000.xml#m6fe41907-0c95-1000-9cfd-0ac2424e0000"/>
</ObjectRefList>
</LogicalColumnExpr>
<Expr mdsid="m00000006-01f4-0000-965d-41ed00000000" name="Expr">
<ExprText><![CDATA["%1"]]></ExprText>
<ExprTextDesc><![CDATA["PRM_PRDHDATA"."PRDHDATA"."dbo"."D06 Call Termination"."cntry_gen02_cd"]]></ExprTextDesc>
<ObjectRefList>
<RefObject refId="m00000006-01f4-0000-965d-41ed00000000-m3446a7a7-0c2c-1000-ae5d-0ac2424e0000" objectTypeId="3003" objectRef="/oracle/bi/server/base/PhysicalTable/34468090-0c2c-1000-ae5d-0ac2424e0000.xml#m3446a7a7-0c2c-1000-ae5d-0ac2424e0000"/>
</ObjectRefList>
</Expr>
</ColumnMapping>
<ColumnMapping>
<LogicalColumnExpr mdsid="m00000007-01f4-0000-962e-834300000000" name="LogicalColumnExpr">
<ExprText><![CDATA["%1"]]></ExprText>
<ExprTextDesc><![CDATA["PGI-DW"."Call Termination"."Continent"]]></ExprTextDesc>
<ObjectRefList>
<RefObject refId="m00000007-01f4-0000-962e-834300000000-m6fe41909-0c95-1000-9cfd-0ac2424e0000" objectTypeId="2006" objectRef="/oracle/bi/server/base/LogicalTable/6fe41901-0c95-1000-9cfd-0ac2424e0000.xml#m6fe41909-0c95-1000-9cfd-0ac2424e0000"/>
</ObjectRefList>
</LogicalColumnExpr>
<Expr mdsid="m00000008-01f4-0000-6147-6cc800000000" name="Expr">
<ExprText><![CDATA["%1"]]></ExprText>
<ExprTextDesc><![CDATA["PRM_PRDHDATA"."PRDHDATA"."dbo"."D06 Call Termination"."cntry_gen03_cd"]]></ExprTextDesc>
<ObjectRefList>
<RefObject refId="m00000008-01f4-0000-6147-6cc800000000-m3446a7a9-0c2c-1000-ae5d-0ac2424e0000" objectTypeId="3003" objectRef="/oracle/bi/server/base/PhysicalTable/34468090-0c2c-1000-ae5d-0ac2424e0000.xml#m3446a7a9-0c2c-1000-ae5d-0ac2424e0000"/>
</ObjectRefList>
</Expr>
</ColumnMapping>
<ColumnMapping>
<LogicalColumnExpr mdsid="m00000009-01f4-0000-38c1-f4b900000000" name="LogicalColumnExpr">
<ExprText><![CDATA["%1"]]></ExprText>
<ExprTextDesc><![CDATA["PGI-DW"."Call Termination"."Call Termination Key"]]></ExprTextDesc>
<ObjectRefList>
<RefObject refId="m00000009-01f4-0000-38c1-f4b900000000-m6fe4190c-0c95-1000-9cfd-0ac2424e0000" objectTypeId="2006" objectRef="/oracle/bi/server/base/LogicalTable/6fe41901-0c95-1000-9cfd-0ac2424e0000.xml#m6fe4190c-0c95-1000-9cfd-0ac2424e0000"/>
</ObjectRefList>
</LogicalColumnExpr>
<Expr mdsid="m0000000a-01f4-0000-161b-23a400000000" name="Expr">
<ExprText><![CDATA["%1"]]></ExprText>
<ExprTextDesc><![CDATA["PRM_PRDHDATA"."PRDHDATA"."dbo"."D06 Call Termination"."cntry_key"]]></ExprTextDesc>
<ObjectRefList>
<RefObject refId="m0000000a-01f4-0000-161b-23a400000000-m3446a7a0-0c2c-1000-ae5d-0ac2424e0000" objectTypeId="3003" objectRef="/oracle/bi/server/base/PhysicalTable/34468090-0c2c-1000-ae5d-0ac2424e0000.xml#m3446a7a0-0c2c-1000-ae5d-0ac2424e0000"/>
</ObjectRefList>
</Expr>
</ColumnMapping>
<Link startNodeTableRef="/oracle/bi/server/base/PhysicalTable/34468090-0c2c-1000-ae5d-0ac2424e0000.xml#m34468090-0c2c-1000-ae5d-0ac2424e0000">
</Link>
<WhereClause mdsid="m0000000b-01f4-0000-d65e-bdc300000000" name="WhereClause">
<ExprText></ExprText>
<ExprTextDesc></ExprTextDesc>
</WhereClause>
<GroupBy mdsid="m0000000c-01f4-0000-4f73-d02100000000" name="GroupBy">
<ExprText></ExprText>
<ExprTextDesc></ExprTextDesc>
</GroupBy>
<FragmentContent mdsid="m0000000d-01f4-0000-f98b-7d3a00000000" name="FragmentContent">
<ExprText></ExprText>
<ExprTextDesc></ExprTextDesc>
</FragmentContent>
</LogicalTableSource>