<?xml version="1.0" encoding="UTF-8" ?>
<LogicalTableSource mdsid="m8121ff95-0c61-1000-8e45-0ac2424e0000" name="F02 Project" xmlns:xsi="http://www.w3.org/2001/XMLSchema-instance" xmlns="http://www.oracle.com/obis/repository" isActive="true" logicalTableRef="/oracle/bi/server/base/LogicalTable/811ad3a1-0c61-1000-8e45-0ac2424e0000.xml#m811ad3a1-0c61-1000-8e45-0ac2424e0000">
<ColumnMapping>
<LogicalColumnExpr mdsid="m00000001-01f4-0000-d271-2f5a00000000" name="LogicalColumnExpr">
<ExprText><![CDATA["%1"]]></ExprText>
<ExprTextDesc><![CDATA["PGI-DW"."Fact-Project"."Capex hrs"]]></ExprTextDesc>
<ObjectRefList>
<RefObject refId="m00000001-01f4-0000-d271-2f5a00000000-m8121ff93-0c61-1000-8e45-0ac2424e0000" objectTypeId="2006" objectRef="/oracle/bi/server/base/LogicalTable/811ad3a1-0c61-1000-8e45-0ac2424e0000.xml#m8121ff93-0c61-1000-8e45-0ac2424e0000"/>
</ObjectRefList>
</LogicalColumnExpr>
<Expr mdsid="m00000002-01f4-0000-b5c8-be0100000000" name="Expr">
<ExprText><![CDATA["%1"]]></ExprText>
<ExprTextDesc><![CDATA["PRM_PRDHDATA"."PRDHDATA"."dbo"."F02 Project"."capex_hrs"]]></ExprTextDesc>
<ObjectRefList>
<RefObject refId="m00000002-01f4-0000-b5c8-be0100000000-m961d58cc-0c2c-1000-ae5d-0ac2424e0000" objectTypeId="3003" objectRef="/oracle/bi/server/base/PhysicalTable/961d58c0-0c2c-1000-ae5d-0ac2424e0000.xml#m961d58cc-0c2c-1000-ae5d-0ac2424e0000"/>
</ObjectRefList>
</Expr>
</ColumnMapping>
<ColumnMapping>
<LogicalColumnExpr mdsid="m00000003-01f4-0000-5d5e-84d700000000" name="LogicalColumnExpr">
<ExprText><![CDATA["%1"]]></ExprText>
<ExprTextDesc><![CDATA["PGI-DW"."Fact-Project"."CIP-163000"]]></ExprTextDesc>
<ObjectRefList>
<RefObject refId="m00000003-01f4-0000-5d5e-84d700000000-m81238632-0c61-1000-8e45-0ac2424e0000" objectTypeId="2006" objectRef="/oracle/bi/server/base/LogicalTable/811ad3a1-0c61-1000-8e45-0ac2424e0000.xml#m81238632-0c61-1000-8e45-0ac2424e0000"/>
</ObjectRefList>
</LogicalColumnExpr>
<Expr mdsid="m00000004-01f4-0000-cb5c-e99000000000" name="Expr">
<ExprText><![CDATA["%1"]]></ExprText>
<ExprTextDesc><![CDATA["PRM_PRDHDATA"."PRDHDATA"."dbo"."F02 Project"."cip_163000"]]></ExprTextDesc>
<ObjectRefList>
<RefObject refId="m00000004-01f4-0000-cb5c-e99000000000-m961d58d8-0c2c-1000-ae5d-0ac2424e0000" objectTypeId="3003" objectRef="/oracle/bi/server/base/PhysicalTable/961d58c0-0c2c-1000-ae5d-0ac2424e0000.xml#m961d58d8-0c2c-1000-ae5d-0ac2424e0000"/>
</ObjectRefList>
</Expr>
</ColumnMapping>
<ColumnMapping>
<LogicalColumnExpr mdsid="m00000005-01f4-0000-4b77-5b4c00000000" name="LogicalColumnExpr">
<ExprText><![CDATA["%1"]]></ExprText>
<ExprTextDesc><![CDATA["PGI-DW"."Fact-Project"."CIP-163100"]]></ExprTextDesc>
<ObjectRefList>
<RefObject refId="m00000005-01f4-0000-4b77-5b4c00000000-m81264554-0c61-1000-8e45-0ac2424e0000" objectTypeId="2006" objectRef="/oracle/bi/server/base/LogicalTable/811ad3a1-0c61-1000-8e45-0ac2424e0000.xml#m81264554-0c61-1000-8e45-0ac2424e0000"/>
</ObjectRefList>
</LogicalColumnExpr>
<Expr mdsid="m00000006-01f4-0000-568c-431c00000000" name="Expr">
<ExprText><![CDATA["%1"]]></ExprText>
<ExprTextDesc><![CDATA["PRM_PRDHDATA"."PRDHDATA"."dbo"."F02 Project"."cip_163100"]]></ExprTextDesc>
<ObjectRefList>
<RefObject refId="m00000006-01f4-0000-568c-431c00000000-m961d58d9-0c2c-1000-ae5d-0ac2424e0000" objectTypeId="3003" objectRef="/oracle/bi/server/base/PhysicalTable/961d58c0-0c2c-1000-ae5d-0ac2424e0000.xml#m961d58d9-0c2c-1000-ae5d-0ac2424e0000"/>
</ObjectRefList>
</Expr>
</ColumnMapping>
<ColumnMapping>
<LogicalColumnExpr mdsid="m00000007-01f4-0000-edc0-cabb00000000" name="LogicalColumnExpr">
<ExprText><![CDATA["%1"]]></ExprText>
<ExprTextDesc><![CDATA["PGI-DW"."Fact-Project"."CIP-163200"]]></ExprTextDesc>
<ObjectRefList>
<RefObject refId="m00000007-01f4-0000-edc0-cabb00000000-m81264555-0c61-1000-8e45-0ac2424e0000" objectTypeId="2006" objectRef="/oracle/bi/server/base/LogicalTable/811ad3a1-0c61-1000-8e45-0ac2424e0000.xml#m81264555-0c61-1000-8e45-0ac2424e0000"/>
</ObjectRefList>
</LogicalColumnExpr>
<Expr mdsid="m00000008-01f4-0000-eaa4-ec2300000000" name="Expr">
<ExprText><![CDATA["%1"]]></ExprText>
<ExprTextDesc><![CDATA["PRM_PRDHDATA"."PRDHDATA"."dbo"."F02 Project"."cip_163200"]]></ExprTextDesc>
<ObjectRefList>
<RefObject refId="m00000008-01f4-0000-eaa4-ec2300000000-m961d58da-0c2c-1000-ae5d-0ac2424e0000" objectTypeId="3003" objectRef="/oracle/bi/server/base/PhysicalTable/961d58c0-0c2c-1000-ae5d-0ac2424e0000.xml#m961d58da-0c2c-1000-ae5d-0ac2424e0000"/>
</ObjectRefList>
</Expr>
</ColumnMapping>
<ColumnMapping>
<LogicalColumnExpr mdsid="m00000009-01f4-0000-8afe-17f800000000" name="LogicalColumnExpr">
<ExprText><![CDATA["%1"]]></ExprText>
<ExprTextDesc><![CDATA["PGI-DW"."Fact-Project"."CIP Other"]]></ExprTextDesc>
<ObjectRefList>
<RefObject refId="m00000009-01f4-0000-8afe-17f800000000-m8127cbf2-0c61-1000-8e45-0ac2424e0000" objectTypeId="2006" objectRef="/oracle/bi/server/base/LogicalTable/811ad3a1-0c61-1000-8e45-0ac2424e0000.xml#m8127cbf2-0c61-1000-8e45-0ac2424e0000"/>
</ObjectRefList>
</LogicalColumnExpr>
<Expr mdsid="m0000000a-01f4-0000-708f-d20b00000000" name="Expr">
<ExprText><![CDATA["%1"]]></ExprText>
<ExprTextDesc><![CDATA["PRM_PRDHDATA"."PRDHDATA"."dbo"."F02 Project"."cip_other"]]></ExprTextDesc>
<ObjectRefList>
<RefObject refId="m0000000a-01f4-0000-708f-d20b00000000-m961d58db-0c2c-1000-ae5d-0ac2424e0000" objectTypeId="3003" objectRef="/oracle/bi/server/base/PhysicalTable/961d58c0-0c2c-1000-ae5d-0ac2424e0000.xml#m961d58db-0c2c-1000-ae5d-0ac2424e0000"/>
</ObjectRefList>
</Expr>
</ColumnMapping>
<ColumnMapping>
<LogicalColumnExpr mdsid="m0000000b-01f4-0000-53ba-4c2d00000000" name="LogicalColumnExpr">
<ExprText><![CDATA["%1"]]></ExprText>
<ExprTextDesc><![CDATA["PGI-DW"."Fact-Project"."Conv Rate"]]></ExprTextDesc>
<ObjectRefList>
<RefObject refId="m0000000b-01f4-0000-53ba-4c2d00000000-m812a3cf1-0c61-1000-8e45-0ac2424e0000" objectTypeId="2006" objectRef="/oracle/bi/server/base/LogicalTable/811ad3a1-0c61-1000-8e45-0ac2424e0000.xml#m812a3cf1-0c61-1000-8e45-0ac2424e0000"/>
</ObjectRefList>
</LogicalColumnExpr>
<Expr mdsid="m0000000c-01f4-0000-6020-4c2600000000" name="Expr">
<ExprText><![CDATA["%1"]]></ExprText>
<ExprTextDesc><![CDATA["PRM_PRDHDATA"."PRDHDATA"."dbo"."F02 Project"."conv_rate"]]></ExprTextDesc>
<ObjectRefList>
<RefObject refId="m0000000c-01f4-0000-6020-4c2600000000-m961d58d0-0c2c-1000-ae5d-0ac2424e0000" objectTypeId="3003" objectRef="/oracle/bi/server/base/PhysicalTable/961d58c0-0c2c-1000-ae5d-0ac2424e0000.xml#m961d58d0-0c2c-1000-ae5d-0ac2424e0000"/>
</ObjectRefList>
</Expr>
</ColumnMapping>
<ColumnMapping>
<LogicalColumnExpr mdsid="m0000000d-01f4-0000-5880-fee500000000" name="LogicalColumnExpr">
<ExprText><![CDATA["%1"]]></ExprText>
<ExprTextDesc><![CDATA["PGI-DW"."Fact-Project"."Local Rate"]]></ExprTextDesc>
<ObjectRefList>
<RefObject refId="m0000000d-01f4-0000-5880-fee500000000-m812d2325-0c61-1000-8e45-0ac2424e0000" objectTypeId="2006" objectRef="/oracle/bi/server/base/LogicalTable/811ad3a1-0c61-1000-8e45-0ac2424e0000.xml#m812d2325-0c61-1000-8e45-0ac2424e0000"/>
</ObjectRefList>
</LogicalColumnExpr>
<Expr mdsid="m0000000e-01f4-0000-d43c-071100000000" name="Expr">
<ExprText><![CDATA["%1"]]></ExprText>
<ExprTextDesc><![CDATA["PRM_PRDHDATA"."PRDHDATA"."dbo"."F02 Project"."local_rate"]]></ExprTextDesc>
<ObjectRefList>
<RefObject refId="m0000000e-01f4-0000-d43c-071100000000-m961d58ce-0c2c-1000-ae5d-0ac2424e0000" objectTypeId="3003" objectRef="/oracle/bi/server/base/PhysicalTable/961d58c0-0c2c-1000-ae5d-0ac2424e0000.xml#m961d58ce-0c2c-1000-ae5d-0ac2424e0000"/>
</ObjectRefList>
</Expr>
</ColumnMapping>
<ColumnMapping>
<LogicalColumnExpr mdsid="m0000000f-01f4-0000-11ad-9f6100000000" name="LogicalColumnExpr">
<ExprText><![CDATA["%1"]]></ExprText>
<ExprTextDesc><![CDATA["PGI-DW"."Fact-Project"."Opex Hrs"]]></ExprTextDesc>
<ObjectRefList>
<RefObject refId="m0000000f-01f4-0000-11ad-9f6100000000-m8132ef82-0c61-1000-8e45-0ac2424e0000" objectTypeId="2006" objectRef="/oracle/bi/server/base/LogicalTable/811ad3a1-0c61-1000-8e45-0ac2424e0000.xml#m8132ef82-0c61-1000-8e45-0ac2424e0000"/>
</ObjectRefList>
</LogicalColumnExpr>
<Expr mdsid="m00000010-01f4-0000-001f-8dd600000000" name="Expr">
<ExprText><![CDATA["%1"]]></ExprText>
<ExprTextDesc><![CDATA["PRM_PRDHDATA"."PRDHDATA"."dbo"."F02 Project"."opex_hrs"]]></ExprTextDesc>
<ObjectRefList>
<RefObject refId="m00000010-01f4-0000-001f-8dd600000000-m961d58cb-0c2c-1000-ae5d-0ac2424e0000" objectTypeId="3003" objectRef="/oracle/bi/server/base/PhysicalTable/961d58c0-0c2c-1000-ae5d-0ac2424e0000.xml#m961d58cb-0c2c-1000-ae5d-0ac2424e0000"/>
</ObjectRefList>
</Expr>
</ColumnMapping>
<ColumnMapping>
<LogicalColumnExpr mdsid="m00000011-01f4-0000-4c6e-6d0a00000000" name="LogicalColumnExpr">
<ExprText><![CDATA["%1"]]></ExprText>
<ExprTextDesc><![CDATA["PGI-DW"."Fact-Project"."Total Hrs"]]></ExprTextDesc>
<ObjectRefList>
<RefObject refId="m00000011-01f4-0000-4c6e-6d0a00000000-m81375c52-0c61-1000-8e45-0ac2424e0000" objectTypeId="2006" objectRef="/oracle/bi/server/base/LogicalTable/811ad3a1-0c61-1000-8e45-0ac2424e0000.xml#m81375c52-0c61-1000-8e45-0ac2424e0000"/>
</ObjectRefList>
</LogicalColumnExpr>
<Expr mdsid="m00000012-01f4-0000-56f9-640b00000000" name="Expr">
<ExprText><![CDATA["%1"]]></ExprText>
<ExprTextDesc><![CDATA["PRM_PRDHDATA"."PRDHDATA"."dbo"."F02 Project"."total_hrs"]]></ExprTextDesc>
<ObjectRefList>
<RefObject refId="m00000012-01f4-0000-56f9-640b00000000-m961d58cd-0c2c-1000-ae5d-0ac2424e0000" objectTypeId="3003" objectRef="/oracle/bi/server/base/PhysicalTable/961d58c0-0c2c-1000-ae5d-0ac2424e0000.xml#m961d58cd-0c2c-1000-ae5d-0ac2424e0000"/>
</ObjectRefList>
</Expr>
</ColumnMapping>
<ColumnMapping>
<LogicalColumnExpr mdsid="m00000013-01f4-0000-7871-875f00000000" name="LogicalColumnExpr">
<ExprText><![CDATA["%1"]]></ExprText>
<ExprTextDesc><![CDATA["PGI-DW"."Fact-Project"."Capex Cost (USD)"]]></ExprTextDesc>
<ObjectRefList>
<RefObject refId="m00000013-01f4-0000-7871-875f00000000-m813f2486-0c61-1000-8e45-0ac2424e0000" objectTypeId="2006" objectRef="/oracle/bi/server/base/LogicalTable/811ad3a1-0c61-1000-8e45-0ac2424e0000.xml#m813f2486-0c61-1000-8e45-0ac2424e0000"/>
</ObjectRefList>
</LogicalColumnExpr>
<Expr mdsid="m00000014-01f4-0000-da66-c79c00000000" name="Expr">
<ExprText><![CDATA["%1"]]></ExprText>
<ExprTextDesc><![CDATA["PRM_PRDHDATA"."PRDHDATA"."dbo"."F02 Project"."usd_capex_cost"]]></ExprTextDesc>
<ObjectRefList>
<RefObject refId="m00000014-01f4-0000-da66-c79c00000000-m961d58d2-0c2c-1000-ae5d-0ac2424e0000" objectTypeId="3003" objectRef="/oracle/bi/server/base/PhysicalTable/961d58c0-0c2c-1000-ae5d-0ac2424e0000.xml#m961d58d2-0c2c-1000-ae5d-0ac2424e0000"/>
</ObjectRefList>
</Expr>
</ColumnMapping>
<ColumnMapping>
<LogicalColumnExpr mdsid="m00000015-01f4-0000-5ec6-170b00000000" name="LogicalColumnExpr">
<ExprText><![CDATA["%1"]]></ExprText>
<ExprTextDesc><![CDATA["PGI-DW"."Fact-Project"."Opex Cost (USD)"]]></ExprTextDesc>
<ObjectRefList>
<RefObject refId="m00000015-01f4-0000-5ec6-170b00000000-m813f2487-0c61-1000-8e45-0ac2424e0000" objectTypeId="2006" objectRef="/oracle/bi/server/base/LogicalTable/811ad3a1-0c61-1000-8e45-0ac2424e0000.xml#m813f2487-0c61-1000-8e45-0ac2424e0000"/>
</ObjectRefList>
</LogicalColumnExpr>
<Expr mdsid="m00000016-01f4-0000-6cd1-54cd00000000" name="Expr">
<ExprText><![CDATA["%1"]]></ExprText>
<ExprTextDesc><![CDATA["PRM_PRDHDATA"."PRDHDATA"."dbo"."F02 Project"."usd_opex_cost"]]></ExprTextDesc>
<ObjectRefList>
<RefObject refId="m00000016-01f4-0000-6cd1-54cd00000000-m961d58d3-0c2c-1000-ae5d-0ac2424e0000" objectTypeId="3003" objectRef="/oracle/bi/server/base/PhysicalTable/961d58c0-0c2c-1000-ae5d-0ac2424e0000.xml#m961d58d3-0c2c-1000-ae5d-0ac2424e0000"/>
</ObjectRefList>
</Expr>
</ColumnMapping>
<ColumnMapping>
<LogicalColumnExpr mdsid="m00000017-01f4-0000-68a4-af3900000000" name="LogicalColumnExpr">
<ExprText><![CDATA["%1"]]></ExprText>
<ExprTextDesc><![CDATA["PGI-DW"."Fact-Project"."Rate (USD)"]]></ExprTextDesc>
<ObjectRefList>
<RefObject refId="m00000017-01f4-0000-68a4-af3900000000-m813f2488-0c61-1000-8e45-0ac2424e0000" objectTypeId="2006" objectRef="/oracle/bi/server/base/LogicalTable/811ad3a1-0c61-1000-8e45-0ac2424e0000.xml#m813f2488-0c61-1000-8e45-0ac2424e0000"/>
</ObjectRefList>
</LogicalColumnExpr>
<Expr mdsid="m00000018-01f4-0000-4393-051600000000" name="Expr">
<ExprText><![CDATA["%1"]]></ExprText>
<ExprTextDesc><![CDATA["PRM_PRDHDATA"."PRDHDATA"."dbo"."F02 Project"."usd_rate"]]></ExprTextDesc>
<ObjectRefList>
<RefObject refId="m00000018-01f4-0000-4393-051600000000-m961d58d1-0c2c-1000-ae5d-0ac2424e0000" objectTypeId="3003" objectRef="/oracle/bi/server/base/PhysicalTable/961d58c0-0c2c-1000-ae5d-0ac2424e0000.xml#m961d58d1-0c2c-1000-ae5d-0ac2424e0000"/>
</ObjectRefList>
</Expr>
</ColumnMapping>
<Link startNodeTableRef="/oracle/bi/server/base/PhysicalTable/961d58c0-0c2c-1000-ae5d-0ac2424e0000.xml#m961d58c0-0c2c-1000-ae5d-0ac2424e0000">
</Link>
<WhereClause mdsid="m00000019-01f4-0000-2901-3fe500000000" name="WhereClause">
<ExprText></ExprText>
<ExprTextDesc></ExprTextDesc>
</WhereClause>
<GroupBy mdsid="m0000001a-01f4-0000-72e2-9a1200000000" name="GroupBy">
<ExprText></ExprText>
<ExprTextDesc></ExprTextDesc>
</GroupBy>
<FragmentContent mdsid="m0000001b-01f4-0000-3719-bb1b00000000" name="FragmentContent">
<ExprText></ExprText>
<ExprTextDesc></ExprTextDesc>
</FragmentContent>
</LogicalTableSource>