<?xml version="1.0" encoding="UTF-8" ?>
<LogicalTableSource mdsid="m8df05562-0c8d-1000-8029-0ac2424e0000" name="D25 DNIS" xmlns:xsi="http://www.w3.org/2001/XMLSchema-instance" xmlns="http://www.oracle.com/obis/repository" isActive="true" logicalTableRef="/oracle/bi/server/base/LogicalTable/8df05560-0c8d-1000-8029-0ac2424e0000.xml#m8df05560-0c8d-1000-8029-0ac2424e0000">
<ColumnMapping>
<LogicalColumnExpr mdsid="m00000001-01f4-0000-d56f-fb6800000000" name="LogicalColumnExpr">
<ExprText><![CDATA["%1"]]></ExprText>
<ExprTextDesc><![CDATA["PGI-DW"."DNIS"."DNIS Access Type"]]></ExprTextDesc>
<ObjectRefList>
<RefObject refId="m00000001-01f4-0000-d56f-fb6800000000-m8df05563-0c8d-1000-8029-0ac2424e0000" objectTypeId="2006" objectRef="/oracle/bi/server/base/LogicalTable/8df05560-0c8d-1000-8029-0ac2424e0000.xml#m8df05563-0c8d-1000-8029-0ac2424e0000"/>
</ObjectRefList>
</LogicalColumnExpr>
<Expr mdsid="m00000002-01f4-0000-71be-326800000000" name="Expr">
<ExprText><![CDATA["%1"]]></ExprText>
<ExprTextDesc><![CDATA["PRM_PRDHDATA"."PRDHDATA"."dbo"."D25 DNIS"."access_type"]]></ExprTextDesc>
<ObjectRefList>
<RefObject refId="m00000002-01f4-0000-71be-326800000000-m8d7f4429-0c8d-1000-8029-0ac2424e0000" objectTypeId="3003" objectRef="/oracle/bi/server/base/PhysicalTable/8d7f4410-0c8d-1000-8029-0ac2424e0000.xml#m8d7f4429-0c8d-1000-8029-0ac2424e0000"/>
</ObjectRefList>
</Expr>
</ColumnMapping>
<ColumnMapping>
<LogicalColumnExpr mdsid="m00000003-01f4-0000-aec4-068e00000000" name="LogicalColumnExpr">
<ExprText><![CDATA["%1"]]></ExprText>
<ExprTextDesc><![CDATA["PGI-DW"."DNIS"."DNIS Call Origin"]]></ExprTextDesc>
<ObjectRefList>
<RefObject refId="m00000003-01f4-0000-aec4-068e00000000-m8df05564-0c8d-1000-8029-0ac2424e0000" objectTypeId="2006" objectRef="/oracle/bi/server/base/LogicalTable/8df05560-0c8d-1000-8029-0ac2424e0000.xml#m8df05564-0c8d-1000-8029-0ac2424e0000"/>
</ObjectRefList>
</LogicalColumnExpr>
<Expr mdsid="m00000004-01f4-0000-832a-46a600000000" name="Expr">
<ExprText><![CDATA["%1"]]></ExprText>
<ExprTextDesc><![CDATA["PRM_PRDHDATA"."PRDHDATA"."dbo"."D25 DNIS"."call_origin"]]></ExprTextDesc>
<ObjectRefList>
<RefObject refId="m00000004-01f4-0000-832a-46a600000000-m8d7f4428-0c8d-1000-8029-0ac2424e0000" objectTypeId="3003" objectRef="/oracle/bi/server/base/PhysicalTable/8d7f4410-0c8d-1000-8029-0ac2424e0000.xml#m8d7f4428-0c8d-1000-8029-0ac2424e0000"/>
</ObjectRefList>
</Expr>
</ColumnMapping>
<ColumnMapping>
<LogicalColumnExpr mdsid="m00000005-01f4-0000-d254-6afb00000000" name="LogicalColumnExpr">
<ExprText><![CDATA["%1"]]></ExprText>
<ExprTextDesc><![CDATA["PGI-DW"."DNIS"."DNIS Carrier"]]></ExprTextDesc>
<ObjectRefList>
<RefObject refId="m00000005-01f4-0000-d254-6afb00000000-m8df05565-0c8d-1000-8029-0ac2424e0000" objectTypeId="2006" objectRef="/oracle/bi/server/base/LogicalTable/8df05560-0c8d-1000-8029-0ac2424e0000.xml#m8df05565-0c8d-1000-8029-0ac2424e0000"/>
</ObjectRefList>
</LogicalColumnExpr>
<Expr mdsid="m00000006-01f4-0000-00d1-40db00000000" name="Expr">
<ExprText><![CDATA["%1"]]></ExprText>
<ExprTextDesc><![CDATA["PRM_PRDHDATA"."PRDHDATA"."dbo"."D25 DNIS"."carrier_dnis"]]></ExprTextDesc>
<ObjectRefList>
<RefObject refId="m00000006-01f4-0000-00d1-40db00000000-m8d7f4423-0c8d-1000-8029-0ac2424e0000" objectTypeId="3003" objectRef="/oracle/bi/server/base/PhysicalTable/8d7f4410-0c8d-1000-8029-0ac2424e0000.xml#m8d7f4423-0c8d-1000-8029-0ac2424e0000"/>
</ObjectRefList>
</Expr>
</ColumnMapping>
<ColumnMapping>
<LogicalColumnExpr mdsid="m00000007-01f4-0000-01fb-278800000000" name="LogicalColumnExpr">
<ExprText><![CDATA["%1"]]></ExprText>
<ExprTextDesc><![CDATA["PGI-DW"."DNIS"."DNIS"]]></ExprTextDesc>
<ObjectRefList>
<RefObject refId="m00000007-01f4-0000-01fb-278800000000-m8df0556e-0c8d-1000-8029-0ac2424e0000" objectTypeId="2006" objectRef="/oracle/bi/server/base/LogicalTable/8df05560-0c8d-1000-8029-0ac2424e0000.xml#m8df0556e-0c8d-1000-8029-0ac2424e0000"/>
</ObjectRefList>
</LogicalColumnExpr>
<Expr mdsid="m00000008-01f4-0000-00d1-b8a600000000" name="Expr">
<ExprText><![CDATA["%1"]]></ExprText>
<ExprTextDesc><![CDATA["PRM_PRDHDATA"."PRDHDATA"."dbo"."D25 DNIS"."dnis_id"]]></ExprTextDesc>
<ObjectRefList>
<RefObject refId="m00000008-01f4-0000-00d1-b8a600000000-m8d7f4412-0c8d-1000-8029-0ac2424e0000" objectTypeId="3003" objectRef="/oracle/bi/server/base/PhysicalTable/8d7f4410-0c8d-1000-8029-0ac2424e0000.xml#m8d7f4412-0c8d-1000-8029-0ac2424e0000"/>
</ObjectRefList>
</Expr>
</ColumnMapping>
<ColumnMapping>
<LogicalColumnExpr mdsid="m00000009-01f4-0000-5691-4e3000000000" name="LogicalColumnExpr">
<ExprText><![CDATA["%1"]]></ExprText>
<ExprTextDesc><![CDATA["PGI-DW"."DNIS"."DNIS Desc"]]></ExprTextDesc>
<ObjectRefList>
<RefObject refId="m00000009-01f4-0000-5691-4e3000000000-m8df05571-0c8d-1000-8029-0ac2424e0000" objectTypeId="2006" objectRef="/oracle/bi/server/base/LogicalTable/8df05560-0c8d-1000-8029-0ac2424e0000.xml#m8df05571-0c8d-1000-8029-0ac2424e0000"/>
</ObjectRefList>
</LogicalColumnExpr>
<Expr mdsid="m0000000a-01f4-0000-be25-88fe00000000" name="Expr">
<ExprText><![CDATA["%1"]]></ExprText>
<ExprTextDesc><![CDATA["PRM_PRDHDATA"."PRDHDATA"."dbo"."D25 DNIS"."dnis_sd"]]></ExprTextDesc>
<ObjectRefList>
<RefObject refId="m0000000a-01f4-0000-be25-88fe00000000-m8d7f4414-0c8d-1000-8029-0ac2424e0000" objectTypeId="3003" objectRef="/oracle/bi/server/base/PhysicalTable/8d7f4410-0c8d-1000-8029-0ac2424e0000.xml#m8d7f4414-0c8d-1000-8029-0ac2424e0000"/>
</ObjectRefList>
</Expr>
</ColumnMapping>
<ColumnMapping>
<LogicalColumnExpr mdsid="m0000000b-01f4-0000-f96a-9c2700000000" name="LogicalColumnExpr">
<ExprText><![CDATA["%1"]]></ExprText>
<ExprTextDesc><![CDATA["PGI-DW"."DNIS"."DNIS Type"]]></ExprTextDesc>
<ObjectRefList>
<RefObject refId="m0000000b-01f4-0000-f96a-9c2700000000-m8df05572-0c8d-1000-8029-0ac2424e0000" objectTypeId="2006" objectRef="/oracle/bi/server/base/LogicalTable/8df05560-0c8d-1000-8029-0ac2424e0000.xml#m8df05572-0c8d-1000-8029-0ac2424e0000"/>
</ObjectRefList>
</LogicalColumnExpr>
<Expr mdsid="m0000000c-01f4-0000-781b-6ef200000000" name="Expr">
<ExprText><![CDATA["%1"]]></ExprText>
<ExprTextDesc><![CDATA["PRM_PRDHDATA"."PRDHDATA"."dbo"."D25 DNIS"."dnis_type"]]></ExprTextDesc>
<ObjectRefList>
<RefObject refId="m0000000c-01f4-0000-781b-6ef200000000-m8d7f4416-0c8d-1000-8029-0ac2424e0000" objectTypeId="3003" objectRef="/oracle/bi/server/base/PhysicalTable/8d7f4410-0c8d-1000-8029-0ac2424e0000.xml#m8d7f4416-0c8d-1000-8029-0ac2424e0000"/>
</ObjectRefList>
</Expr>
</ColumnMapping>
<ColumnMapping>
<LogicalColumnExpr mdsid="m0000000d-01f4-0000-91fa-ef9200000000" name="LogicalColumnExpr">
<ExprText><![CDATA["%1"]]></ExprText>
<ExprTextDesc><![CDATA["PGI-DW"."DNIS"."DNIS Network"]]></ExprTextDesc>
<ObjectRefList>
<RefObject refId="m0000000d-01f4-0000-91fa-ef9200000000-m8df05577-0c8d-1000-8029-0ac2424e0000" objectTypeId="2006" objectRef="/oracle/bi/server/base/LogicalTable/8df05560-0c8d-1000-8029-0ac2424e0000.xml#m8df05577-0c8d-1000-8029-0ac2424e0000"/>
</ObjectRefList>
</LogicalColumnExpr>
<Expr mdsid="m0000000e-01f4-0000-2072-f98100000000" name="Expr">
<ExprText><![CDATA["%1"]]></ExprText>
<ExprTextDesc><![CDATA["PRM_PRDHDATA"."PRDHDATA"."dbo"."D25 DNIS"."network"]]></ExprTextDesc>
<ObjectRefList>
<RefObject refId="m0000000e-01f4-0000-2072-f98100000000-m8d7f442a-0c8d-1000-8029-0ac2424e0000" objectTypeId="3003" objectRef="/oracle/bi/server/base/PhysicalTable/8d7f4410-0c8d-1000-8029-0ac2424e0000.xml#m8d7f442a-0c8d-1000-8029-0ac2424e0000"/>
</ObjectRefList>
</Expr>
</ColumnMapping>
<ColumnMapping>
<LogicalColumnExpr mdsid="m0000000f-01f4-0000-0d4d-828c00000000" name="LogicalColumnExpr">
<ExprText><![CDATA["%1"]]></ExprText>
<ExprTextDesc><![CDATA["PGI-DW"."DNIS"."DNIS Quorum Flag"]]></ExprTextDesc>
<ObjectRefList>
<RefObject refId="m0000000f-01f4-0000-0d4d-828c00000000-m8df05578-0c8d-1000-8029-0ac2424e0000" objectTypeId="2006" objectRef="/oracle/bi/server/base/LogicalTable/8df05560-0c8d-1000-8029-0ac2424e0000.xml#m8df05578-0c8d-1000-8029-0ac2424e0000"/>
</ObjectRefList>
</LogicalColumnExpr>
<Expr mdsid="m00000010-01f4-0000-b05c-b60c00000000" name="Expr">
<ExprText><![CDATA["%1"]]></ExprText>
<ExprTextDesc><![CDATA["PRM_PRDHDATA"."PRDHDATA"."dbo"."D25 DNIS"."quorum_flag"]]></ExprTextDesc>
<ObjectRefList>
<RefObject refId="m00000010-01f4-0000-b05c-b60c00000000-m8d7f4422-0c8d-1000-8029-0ac2424e0000" objectTypeId="3003" objectRef="/oracle/bi/server/base/PhysicalTable/8d7f4410-0c8d-1000-8029-0ac2424e0000.xml#m8d7f4422-0c8d-1000-8029-0ac2424e0000"/>
</ObjectRefList>
</Expr>
</ColumnMapping>
<ColumnMapping>
<LogicalColumnExpr mdsid="m00000011-01f4-0000-3eb1-e12900000000" name="LogicalColumnExpr">
<ExprText><![CDATA["%1"]]></ExprText>
<ExprTextDesc><![CDATA["PGI-DW"."DNIS"."DNIS Rate Current"]]></ExprTextDesc>
<ObjectRefList>
<RefObject refId="m00000011-01f4-0000-3eb1-e12900000000-m8df05579-0c8d-1000-8029-0ac2424e0000" objectTypeId="2006" objectRef="/oracle/bi/server/base/LogicalTable/8df05560-0c8d-1000-8029-0ac2424e0000.xml#m8df05579-0c8d-1000-8029-0ac2424e0000"/>
</ObjectRefList>
</LogicalColumnExpr>
<Expr mdsid="m00000012-01f4-0000-dbe1-c1da00000000" name="Expr">
<ExprText><![CDATA["%1"]]></ExprText>
<ExprTextDesc><![CDATA["PRM_PRDHDATA"."PRDHDATA"."dbo"."D25 DNIS"."rate_cur"]]></ExprTextDesc>
<ObjectRefList>
<RefObject refId="m00000012-01f4-0000-dbe1-c1da00000000-m8d7f4426-0c8d-1000-8029-0ac2424e0000" objectTypeId="3003" objectRef="/oracle/bi/server/base/PhysicalTable/8d7f4410-0c8d-1000-8029-0ac2424e0000.xml#m8d7f4426-0c8d-1000-8029-0ac2424e0000"/>
</ObjectRefList>
</Expr>
</ColumnMapping>
<ColumnMapping>
<LogicalColumnExpr mdsid="m00000013-01f4-0000-0bc4-d6af00000000" name="LogicalColumnExpr">
<ExprText><![CDATA["%1"]]></ExprText>
<ExprTextDesc><![CDATA["PGI-DW"."DNIS"."DNIS Rate Currency"]]></ExprTextDesc>
<ObjectRefList>
<RefObject refId="m00000013-01f4-0000-0bc4-d6af00000000-m8df0557a-0c8d-1000-8029-0ac2424e0000" objectTypeId="2006" objectRef="/oracle/bi/server/base/LogicalTable/8df05560-0c8d-1000-8029-0ac2424e0000.xml#m8df0557a-0c8d-1000-8029-0ac2424e0000"/>
</ObjectRefList>
</LogicalColumnExpr>
<Expr mdsid="m00000014-01f4-0000-bcf7-781400000000" name="Expr">
<ExprText><![CDATA["%1"]]></ExprText>
<ExprTextDesc><![CDATA["PRM_PRDHDATA"."PRDHDATA"."dbo"."D25 DNIS"."rate_currency_cur"]]></ExprTextDesc>
<ObjectRefList>
<RefObject refId="m00000014-01f4-0000-bcf7-781400000000-m8d7f4427-0c8d-1000-8029-0ac2424e0000" objectTypeId="3003" objectRef="/oracle/bi/server/base/PhysicalTable/8d7f4410-0c8d-1000-8029-0ac2424e0000.xml#m8d7f4427-0c8d-1000-8029-0ac2424e0000"/>
</ObjectRefList>
</Expr>
</ColumnMapping>
<ColumnMapping>
<LogicalColumnExpr mdsid="m00000015-01f4-0000-5205-465000000000" name="LogicalColumnExpr">
<ExprText><![CDATA["%1"]]></ExprText>
<ExprTextDesc><![CDATA["PGI-DW"."DNIS"."DNIS Term Country"]]></ExprTextDesc>
<ObjectRefList>
<RefObject refId="m00000015-01f4-0000-5205-465000000000-m8df0557b-0c8d-1000-8029-0ac2424e0000" objectTypeId="2006" objectRef="/oracle/bi/server/base/LogicalTable/8df05560-0c8d-1000-8029-0ac2424e0000.xml#m8df0557b-0c8d-1000-8029-0ac2424e0000"/>
</ObjectRefList>
</LogicalColumnExpr>
<Expr mdsid="m00000016-01f4-0000-7638-3ddb00000000" name="Expr">
<ExprText><![CDATA["%1"]]></ExprText>
<ExprTextDesc><![CDATA["PRM_PRDHDATA"."PRDHDATA"."dbo"."D25 DNIS"."term_country_cur"]]></ExprTextDesc>
<ObjectRefList>
<RefObject refId="m00000016-01f4-0000-7638-3ddb00000000-m8d7f4424-0c8d-1000-8029-0ac2424e0000" objectTypeId="3003" objectRef="/oracle/bi/server/base/PhysicalTable/8d7f4410-0c8d-1000-8029-0ac2424e0000.xml#m8d7f4424-0c8d-1000-8029-0ac2424e0000"/>
</ObjectRefList>
</Expr>
</ColumnMapping>
<ColumnMapping>
<LogicalColumnExpr mdsid="m00000017-01f4-0000-378e-5fff00000000" name="LogicalColumnExpr">
<ExprText><![CDATA["%1"]]></ExprText>
<ExprTextDesc><![CDATA["PGI-DW"."DNIS"."DNIS Term Region"]]></ExprTextDesc>
<ObjectRefList>
<RefObject refId="m00000017-01f4-0000-378e-5fff00000000-m8df0557c-0c8d-1000-8029-0ac2424e0000" objectTypeId="2006" objectRef="/oracle/bi/server/base/LogicalTable/8df05560-0c8d-1000-8029-0ac2424e0000.xml#m8df0557c-0c8d-1000-8029-0ac2424e0000"/>
</ObjectRefList>
</LogicalColumnExpr>
<Expr mdsid="m00000018-01f4-0000-519b-c90c00000000" name="Expr">
<ExprText><![CDATA["%1"]]></ExprText>
<ExprTextDesc><![CDATA["PRM_PRDHDATA"."PRDHDATA"."dbo"."D25 DNIS"."term_region_cur"]]></ExprTextDesc>
<ObjectRefList>
<RefObject refId="m00000018-01f4-0000-519b-c90c00000000-m8d7f4425-0c8d-1000-8029-0ac2424e0000" objectTypeId="3003" objectRef="/oracle/bi/server/base/PhysicalTable/8d7f4410-0c8d-1000-8029-0ac2424e0000.xml#m8d7f4425-0c8d-1000-8029-0ac2424e0000"/>
</ObjectRefList>
</Expr>
</ColumnMapping>
<ColumnMapping>
<LogicalColumnExpr mdsid="m00000019-01f4-0000-0266-a9ac00000000" name="LogicalColumnExpr">
<ExprText><![CDATA["%1"]]></ExprText>
<ExprTextDesc><![CDATA["PGI-DW"."DNIS"."dnis_key"]]></ExprTextDesc>
<ObjectRefList>
<RefObject refId="m00000019-01f4-0000-0266-a9ac00000000-m8eb775f3-0c8d-1000-8029-0ac2424e0000" objectTypeId="2006" objectRef="/oracle/bi/server/base/LogicalTable/8df05560-0c8d-1000-8029-0ac2424e0000.xml#m8eb775f3-0c8d-1000-8029-0ac2424e0000"/>
</ObjectRefList>
</LogicalColumnExpr>
<Expr mdsid="m0000001a-01f4-0000-b8db-524f00000000" name="Expr">
<ExprText><![CDATA["%1"]]></ExprText>
<ExprTextDesc><![CDATA["PRM_PRDHDATA"."PRDHDATA"."dbo"."D25 DNIS"."dnis_key"]]></ExprTextDesc>
<ObjectRefList>
<RefObject refId="m0000001a-01f4-0000-b8db-524f00000000-m8d7f4411-0c8d-1000-8029-0ac2424e0000" objectTypeId="3003" objectRef="/oracle/bi/server/base/PhysicalTable/8d7f4410-0c8d-1000-8029-0ac2424e0000.xml#m8d7f4411-0c8d-1000-8029-0ac2424e0000"/>
</ObjectRefList>
</Expr>
</ColumnMapping>
<Link startNodeTableRef="/oracle/bi/server/base/PhysicalTable/8d7f4410-0c8d-1000-8029-0ac2424e0000.xml#m8d7f4410-0c8d-1000-8029-0ac2424e0000">
</Link>
<WhereClause mdsid="m0000001b-01f4-0000-3e26-9db500000000" name="WhereClause">
<ExprText></ExprText>
<ExprTextDesc></ExprTextDesc>
</WhereClause>
<GroupBy mdsid="m0000001c-01f4-0000-6940-ebb600000000" name="GroupBy">
<ExprText></ExprText>
<ExprTextDesc></ExprTextDesc>
</GroupBy>
<FragmentContent mdsid="m0000001d-01f4-0000-99aa-c76900000000" name="FragmentContent">
<ExprText></ExprText>
<ExprTextDesc></ExprTextDesc>
</FragmentContent>
</LogicalTableSource>