<?xml version="1.0" encoding="UTF-8" ?>
<LogicalTableSource mdsid="m8df3fee2-0c8d-1000-8029-0ac2424e0000" name="D26 Bridge Name" xmlns:xsi="http://www.w3.org/2001/XMLSchema-instance" xmlns="http://www.oracle.com/obis/repository" isActive="true" logicalTableRef="/oracle/bi/server/base/LogicalTable/8df3fee0-0c8d-1000-8029-0ac2424e0000.xml#m8df3fee0-0c8d-1000-8029-0ac2424e0000">
<ColumnMapping>
<LogicalColumnExpr mdsid="m00000001-01f4-0000-20b5-4d1f00000000" name="LogicalColumnExpr">
<ExprText><![CDATA["%1"]]></ExprText>
<ExprTextDesc><![CDATA["PGI-DW"."Bridge Name"."Bridge City"]]></ExprTextDesc>
<ObjectRefList>
<RefObject refId="m00000001-01f4-0000-20b5-4d1f00000000-m8df3fee3-0c8d-1000-8029-0ac2424e0000" objectTypeId="2006" objectRef="/oracle/bi/server/base/LogicalTable/8df3fee0-0c8d-1000-8029-0ac2424e0000.xml#m8df3fee3-0c8d-1000-8029-0ac2424e0000"/>
</ObjectRefList>
</LogicalColumnExpr>
<Expr mdsid="m00000002-01f4-0000-29bc-d5a700000000" name="Expr">
<ExprText><![CDATA["%1"]]></ExprText>
<ExprTextDesc><![CDATA["PRM_PRDHDATA"."PRDHDATA"."dbo"."D26 Bridge Name"."bridge_loc_city"]]></ExprTextDesc>
<ObjectRefList>
<RefObject refId="m00000002-01f4-0000-29bc-d5a700000000-m8d820343-0c8d-1000-8029-0ac2424e0000" objectTypeId="3003" objectRef="/oracle/bi/server/base/PhysicalTable/8d820330-0c8d-1000-8029-0ac2424e0000.xml#m8d820343-0c8d-1000-8029-0ac2424e0000"/>
</ObjectRefList>
</Expr>
</ColumnMapping>
<ColumnMapping>
<LogicalColumnExpr mdsid="m00000003-01f4-0000-f8b4-7a4b00000000" name="LogicalColumnExpr">
<ExprText><![CDATA["%1"]]></ExprText>
<ExprTextDesc><![CDATA["PGI-DW"."Bridge Name"."Bridge Country"]]></ExprTextDesc>
<ObjectRefList>
<RefObject refId="m00000003-01f4-0000-f8b4-7a4b00000000-m8df3fee4-0c8d-1000-8029-0ac2424e0000" objectTypeId="2006" objectRef="/oracle/bi/server/base/LogicalTable/8df3fee0-0c8d-1000-8029-0ac2424e0000.xml#m8df3fee4-0c8d-1000-8029-0ac2424e0000"/>
</ObjectRefList>
</LogicalColumnExpr>
<Expr mdsid="m00000004-01f4-0000-c2a6-a98c00000000" name="Expr">
<ExprText><![CDATA["%1"]]></ExprText>
<ExprTextDesc><![CDATA["PRM_PRDHDATA"."PRDHDATA"."dbo"."D26 Bridge Name"."bridge_loc_country"]]></ExprTextDesc>
<ObjectRefList>
<RefObject refId="m00000004-01f4-0000-c2a6-a98c00000000-m8d820342-0c8d-1000-8029-0ac2424e0000" objectTypeId="3003" objectRef="/oracle/bi/server/base/PhysicalTable/8d820330-0c8d-1000-8029-0ac2424e0000.xml#m8d820342-0c8d-1000-8029-0ac2424e0000"/>
</ObjectRefList>
</Expr>
</ColumnMapping>
<ColumnMapping>
<LogicalColumnExpr mdsid="m00000005-01f4-0000-2d19-208400000000" name="LogicalColumnExpr">
<ExprText><![CDATA["%1"]]></ExprText>
<ExprTextDesc><![CDATA["PGI-DW"."Bridge Name"."Bridge Name"]]></ExprTextDesc>
<ObjectRefList>
<RefObject refId="m00000005-01f4-0000-2d19-208400000000-m8df3feea-0c8d-1000-8029-0ac2424e0000" objectTypeId="2006" objectRef="/oracle/bi/server/base/LogicalTable/8df3fee0-0c8d-1000-8029-0ac2424e0000.xml#m8df3feea-0c8d-1000-8029-0ac2424e0000"/>
</ObjectRefList>
</LogicalColumnExpr>
<Expr mdsid="m00000006-01f4-0000-bf52-870b00000000" name="Expr">
<ExprText><![CDATA["%1"]]></ExprText>
<ExprTextDesc><![CDATA["PRM_PRDHDATA"."PRDHDATA"."dbo"."D26 Bridge Name"."bridge_name_id"]]></ExprTextDesc>
<ObjectRefList>
<RefObject refId="m00000006-01f4-0000-bf52-870b00000000-m8d820332-0c8d-1000-8029-0ac2424e0000" objectTypeId="3003" objectRef="/oracle/bi/server/base/PhysicalTable/8d820330-0c8d-1000-8029-0ac2424e0000.xml#m8d820332-0c8d-1000-8029-0ac2424e0000"/>
</ObjectRefList>
</Expr>
</ColumnMapping>
<ColumnMapping>
<LogicalColumnExpr mdsid="m00000007-01f4-0000-eafa-11cf00000000" name="LogicalColumnExpr">
<ExprText><![CDATA["%1"]]></ExprText>
<ExprTextDesc><![CDATA["PGI-DW"."Bridge Name"."Bridge Name Desc"]]></ExprTextDesc>
<ObjectRefList>
<RefObject refId="m00000007-01f4-0000-eafa-11cf00000000-m8df3feed-0c8d-1000-8029-0ac2424e0000" objectTypeId="2006" objectRef="/oracle/bi/server/base/LogicalTable/8df3fee0-0c8d-1000-8029-0ac2424e0000.xml#m8df3feed-0c8d-1000-8029-0ac2424e0000"/>
</ObjectRefList>
</LogicalColumnExpr>
<Expr mdsid="m00000008-01f4-0000-9111-371c00000000" name="Expr">
<ExprText><![CDATA["%1"]]></ExprText>
<ExprTextDesc><![CDATA["PRM_PRDHDATA"."PRDHDATA"."dbo"."D26 Bridge Name"."bridge_name_sd"]]></ExprTextDesc>
<ObjectRefList>
<RefObject refId="m00000008-01f4-0000-9111-371c00000000-m8d820334-0c8d-1000-8029-0ac2424e0000" objectTypeId="3003" objectRef="/oracle/bi/server/base/PhysicalTable/8d820330-0c8d-1000-8029-0ac2424e0000.xml#m8d820334-0c8d-1000-8029-0ac2424e0000"/>
</ObjectRefList>
</Expr>
</ColumnMapping>
<ColumnMapping>
<LogicalColumnExpr mdsid="m00000009-01f4-0000-fd25-371e00000000" name="LogicalColumnExpr">
<ExprText><![CDATA["%1"]]></ExprText>
<ExprTextDesc><![CDATA["PGI-DW"."Bridge Name"."Bridge Type"]]></ExprTextDesc>
<ObjectRefList>
<RefObject refId="m00000009-01f4-0000-fd25-371e00000000-m8df3feef-0c8d-1000-8029-0ac2424e0000" objectTypeId="2006" objectRef="/oracle/bi/server/base/LogicalTable/8df3fee0-0c8d-1000-8029-0ac2424e0000.xml#m8df3feef-0c8d-1000-8029-0ac2424e0000"/>
</ObjectRefList>
</LogicalColumnExpr>
<Expr mdsid="m0000000a-01f4-0000-e90d-d9a100000000" name="Expr">
<ExprText><![CDATA["%1"]]></ExprText>
<ExprTextDesc><![CDATA["PRM_PRDHDATA"."PRDHDATA"."dbo"."D26 Bridge Name"."bridge_type"]]></ExprTextDesc>
<ObjectRefList>
<RefObject refId="m0000000a-01f4-0000-e90d-d9a100000000-m8d820344-0c8d-1000-8029-0ac2424e0000" objectTypeId="3003" objectRef="/oracle/bi/server/base/PhysicalTable/8d820330-0c8d-1000-8029-0ac2424e0000.xml#m8d820344-0c8d-1000-8029-0ac2424e0000"/>
</ObjectRefList>
</Expr>
</ColumnMapping>
<ColumnMapping>
<LogicalColumnExpr mdsid="m0000000b-01f4-0000-1406-fbff00000000" name="LogicalColumnExpr">
<ExprText><![CDATA["%1"]]></ExprText>
<ExprTextDesc><![CDATA["PGI-DW"."Bridge Name"."bridge_name_key"]]></ExprTextDesc>
<ObjectRefList>
<RefObject refId="m0000000b-01f4-0000-1406-fbff00000000-m8eb5c843-0c8d-1000-8029-0ac2424e0000" objectTypeId="2006" objectRef="/oracle/bi/server/base/LogicalTable/8df3fee0-0c8d-1000-8029-0ac2424e0000.xml#m8eb5c843-0c8d-1000-8029-0ac2424e0000"/>
</ObjectRefList>
</LogicalColumnExpr>
<Expr mdsid="m0000000c-01f4-0000-5ce7-41b200000000" name="Expr">
<ExprText><![CDATA["%1"]]></ExprText>
<ExprTextDesc><![CDATA["PRM_PRDHDATA"."PRDHDATA"."dbo"."D26 Bridge Name"."bridge_name_key"]]></ExprTextDesc>
<ObjectRefList>
<RefObject refId="m0000000c-01f4-0000-5ce7-41b200000000-m8d820331-0c8d-1000-8029-0ac2424e0000" objectTypeId="3003" objectRef="/oracle/bi/server/base/PhysicalTable/8d820330-0c8d-1000-8029-0ac2424e0000.xml#m8d820331-0c8d-1000-8029-0ac2424e0000"/>
</ObjectRefList>
</Expr>
</ColumnMapping>
<Link startNodeTableRef="/oracle/bi/server/base/PhysicalTable/8d820330-0c8d-1000-8029-0ac2424e0000.xml#m8d820330-0c8d-1000-8029-0ac2424e0000">
</Link>
<WhereClause mdsid="m0000000d-01f4-0000-698f-d36d00000000" name="WhereClause">
<ExprText></ExprText>
<ExprTextDesc></ExprTextDesc>
</WhereClause>
<GroupBy mdsid="m0000000e-01f4-0000-c142-c5cb00000000" name="GroupBy">
<ExprText></ExprText>
<ExprTextDesc></ExprTextDesc>
</GroupBy>
<FragmentContent mdsid="m0000000f-01f4-0000-29b2-fee400000000" name="FragmentContent">
<ExprText></ExprText>
<ExprTextDesc></ExprTextDesc>
</FragmentContent>
</LogicalTableSource>