<?xml version="1.0" encoding="UTF-8" ?>
<LogicalTableSource mdsid="mb2c986de-0c62-1000-9f49-0ac2424e0000" name="F01 Sales Summary" xmlns:xsi="http://www.w3.org/2001/XMLSchema-instance" xmlns="http://www.oracle.com/obis/repository" isActive="true" logicalTableRef="/oracle/bi/server/base/LogicalTable/b2c65270-0c62-1000-9f49-0ac2424e0000.xml#mb2c65270-0c62-1000-9f49-0ac2424e0000">
<ColumnMapping>
<LogicalColumnExpr mdsid="m00000001-01f4-0000-a34d-dd5800000000" name="LogicalColumnExpr">
<ExprText><![CDATA["%1"]]></ExprText>
<ExprTextDesc><![CDATA["PGI-DW"."Invoice"."Invoice Date Key"]]></ExprTextDesc>
<ObjectRefList>
<RefObject refId="m00000001-01f4-0000-a34d-dd5800000000-mb2c986d9-0c62-1000-9f49-0ac2424e0000" objectTypeId="2006" objectRef="/oracle/bi/server/base/LogicalTable/b2c65270-0c62-1000-9f49-0ac2424e0000.xml#mb2c986d9-0c62-1000-9f49-0ac2424e0000"/>
</ObjectRefList>
</LogicalColumnExpr>
<Expr mdsid="m00000002-01f4-0000-07eb-66fd00000000" name="Expr">
<ExprText><![CDATA["%1"]]></ExprText>
<ExprTextDesc><![CDATA["PRM_PRDHDATA"."PRDHDATA"."dbo"."F01 Sales Summary"."inv_dt_key"]]></ExprTextDesc>
<ObjectRefList>
<RefObject refId="m00000002-01f4-0000-07eb-66fd00000000-m34345857-0c2c-1000-ae5d-0ac2424e0000" objectTypeId="3003" objectRef="/oracle/bi/server/base/PhysicalTable/34345820-0c2c-1000-ae5d-0ac2424e0000.xml#m34345857-0c2c-1000-ae5d-0ac2424e0000"/>
</ObjectRefList>
</Expr>
</ColumnMapping>
<ColumnMapping>
<LogicalColumnExpr mdsid="m00000003-01f4-0000-8227-352900000000" name="LogicalColumnExpr">
<ExprText><![CDATA["%1"]]></ExprText>
<ExprTextDesc><![CDATA["PGI-DW"."Invoice"."Invoice Number"]]></ExprTextDesc>
<ObjectRefList>
<RefObject refId="m00000003-01f4-0000-8227-352900000000-mb2c986da-0c62-1000-9f49-0ac2424e0000" objectTypeId="2006" objectRef="/oracle/bi/server/base/LogicalTable/b2c65270-0c62-1000-9f49-0ac2424e0000.xml#mb2c986da-0c62-1000-9f49-0ac2424e0000"/>
</ObjectRefList>
</LogicalColumnExpr>
<Expr mdsid="m00000004-01f4-0000-f56b-6bc500000000" name="Expr">
<ExprText><![CDATA["%1"]]></ExprText>
<ExprTextDesc><![CDATA["PRM_PRDHDATA"."PRDHDATA"."dbo"."F01 Sales Summary"."invoice_num"]]></ExprTextDesc>
<ObjectRefList>
<RefObject refId="m00000004-01f4-0000-f56b-6bc500000000-m3434585a-0c2c-1000-ae5d-0ac2424e0000" objectTypeId="3003" objectRef="/oracle/bi/server/base/PhysicalTable/34345820-0c2c-1000-ae5d-0ac2424e0000.xml#m3434585a-0c2c-1000-ae5d-0ac2424e0000"/>
</ObjectRefList>
</Expr>
</ColumnMapping>
<Link startNodeTableRef="/oracle/bi/server/base/PhysicalTable/34345820-0c2c-1000-ae5d-0ac2424e0000.xml#m34345820-0c2c-1000-ae5d-0ac2424e0000">
</Link>
<WhereClause mdsid="m00000005-01f4-0000-29a2-31d500000000" name="WhereClause">
<ExprText></ExprText>
<ExprTextDesc></ExprTextDesc>
</WhereClause>
<GroupBy mdsid="m00000006-01f4-0000-ed75-a00f00000000" name="GroupBy">
<ExprText></ExprText>
<ExprTextDesc></ExprTextDesc>
</GroupBy>
<FragmentContent mdsid="m00000007-01f4-0000-f145-715f00000000" name="FragmentContent">
<ExprText></ExprText>
<ExprTextDesc></ExprTextDesc>
</FragmentContent>
</LogicalTableSource>