<?xml version="1.0" encoding="UTF-8" ?>
<LogicalTableSource mdsid="mb35170e2-0c61-1000-8e45-0ac2424e0000" name="D21 Project Category" xmlns:xsi="http://www.w3.org/2001/XMLSchema-instance" xmlns="http://www.oracle.com/obis/repository" isActive="true" logicalTableRef="/oracle/bi/server/base/LogicalTable/b34c67d0-0c61-1000-8e45-0ac2424e0000.xml#mb34c67d0-0c61-1000-8e45-0ac2424e0000">
<ColumnMapping>
<LogicalColumnExpr mdsid="m00000001-01f4-0000-689d-41a700000000" name="LogicalColumnExpr">
<ExprText><![CDATA["%1"]]></ExprText>
<ExprTextDesc><![CDATA["PGI-DW"."Project Category"."Category Cd"]]></ExprTextDesc>
<ObjectRefList>
<RefObject refId="m00000001-01f4-0000-689d-41a700000000-mb35170e0-0c61-1000-8e45-0ac2424e0000" objectTypeId="2006" objectRef="/oracle/bi/server/base/LogicalTable/b34c67d0-0c61-1000-8e45-0ac2424e0000.xml#mb35170e0-0c61-1000-8e45-0ac2424e0000"/>
</ObjectRefList>
</LogicalColumnExpr>
<Expr mdsid="m00000002-01f4-0000-aa53-478600000000" name="Expr">
<ExprText><![CDATA["%1"]]></ExprText>
<ExprTextDesc><![CDATA["PRM_PRDHDATA"."PRDHDATA"."dbo"."D21 Project Category"."cat_cd"]]></ExprTextDesc>
<ObjectRefList>
<RefObject refId="m00000002-01f4-0000-aa53-478600000000-m964f8c53-0c2c-1000-ae5d-0ac2424e0000" objectTypeId="3003" objectRef="/oracle/bi/server/base/PhysicalTable/964f8c50-0c2c-1000-ae5d-0ac2424e0000.xml#m964f8c53-0c2c-1000-ae5d-0ac2424e0000"/>
</ObjectRefList>
</Expr>
</ColumnMapping>
<ColumnMapping>
<LogicalColumnExpr mdsid="m00000003-01f4-0000-5116-47a500000000" name="LogicalColumnExpr">
<ExprText><![CDATA["%1"]]></ExprText>
<ExprTextDesc><![CDATA["PGI-DW"."Project Category"."Cat Gen01 Cd"]]></ExprTextDesc>
<ObjectRefList>
<RefObject refId="m00000003-01f4-0000-5116-47a500000000-mb35c6d63-0c61-1000-8e45-0ac2424e0000" objectTypeId="2006" objectRef="/oracle/bi/server/base/LogicalTable/b34c67d0-0c61-1000-8e45-0ac2424e0000.xml#mb35c6d63-0c61-1000-8e45-0ac2424e0000"/>
</ObjectRefList>
</LogicalColumnExpr>
<Expr mdsid="m00000004-01f4-0000-6945-65c600000000" name="Expr">
<ExprText><![CDATA["%1"]]></ExprText>
<ExprTextDesc><![CDATA["PRM_PRDHDATA"."PRDHDATA"."dbo"."D21 Project Category"."cat_gen01_cd"]]></ExprTextDesc>
<ObjectRefList>
<RefObject refId="m00000004-01f4-0000-6945-65c600000000-m964f8c56-0c2c-1000-ae5d-0ac2424e0000" objectTypeId="3003" objectRef="/oracle/bi/server/base/PhysicalTable/964f8c50-0c2c-1000-ae5d-0ac2424e0000.xml#m964f8c56-0c2c-1000-ae5d-0ac2424e0000"/>
</ObjectRefList>
</Expr>
</ColumnMapping>
<ColumnMapping>
<LogicalColumnExpr mdsid="m00000005-01f4-0000-92c5-4de000000000" name="LogicalColumnExpr">
<ExprText><![CDATA["%1"]]></ExprText>
<ExprTextDesc><![CDATA["PGI-DW"."Project Category"."Category Key"]]></ExprTextDesc>
<ObjectRefList>
<RefObject refId="m00000005-01f4-0000-92c5-4de000000000-mb36260d3-0c61-1000-8e45-0ac2424e0000" objectTypeId="2006" objectRef="/oracle/bi/server/base/LogicalTable/b34c67d0-0c61-1000-8e45-0ac2424e0000.xml#mb36260d3-0c61-1000-8e45-0ac2424e0000"/>
</ObjectRefList>
</LogicalColumnExpr>
<Expr mdsid="m00000006-01f4-0000-2133-77ee00000000" name="Expr">
<ExprText><![CDATA["%1"]]></ExprText>
<ExprTextDesc><![CDATA["PRM_PRDHDATA"."PRDHDATA"."dbo"."D21 Project Category"."cat_key"]]></ExprTextDesc>
<ObjectRefList>
<RefObject refId="m00000006-01f4-0000-2133-77ee00000000-m964f8c51-0c2c-1000-ae5d-0ac2424e0000" objectTypeId="3003" objectRef="/oracle/bi/server/base/PhysicalTable/964f8c50-0c2c-1000-ae5d-0ac2424e0000.xml#m964f8c51-0c2c-1000-ae5d-0ac2424e0000"/>
</ObjectRefList>
</Expr>
</ColumnMapping>
<ColumnMapping>
<LogicalColumnExpr mdsid="m00000007-01f4-0000-9175-897900000000" name="LogicalColumnExpr">
<ExprText><![CDATA["%1"]]></ExprText>
<ExprTextDesc><![CDATA["PGI-DW"."Project Category"."Category ID"]]></ExprTextDesc>
<ObjectRefList>
<RefObject refId="m00000007-01f4-0000-9175-897900000000-mbe60e732-0c62-1000-9f49-0ac2424e0000" objectTypeId="2006" objectRef="/oracle/bi/server/base/LogicalTable/b34c67d0-0c61-1000-8e45-0ac2424e0000.xml#mbe60e732-0c62-1000-9f49-0ac2424e0000"/>
</ObjectRefList>
</LogicalColumnExpr>
<Expr mdsid="m00000008-01f4-0000-bfcb-ddee00000000" name="Expr">
<ExprText><![CDATA["%1"]]></ExprText>
<ExprTextDesc><![CDATA["PRM_PRDHDATA"."PRDHDATA"."dbo"."D21 Project Category"."cat_id"]]></ExprTextDesc>
<ObjectRefList>
<RefObject refId="m00000008-01f4-0000-bfcb-ddee00000000-m964f8c52-0c2c-1000-ae5d-0ac2424e0000" objectTypeId="3003" objectRef="/oracle/bi/server/base/PhysicalTable/964f8c50-0c2c-1000-ae5d-0ac2424e0000.xml#m964f8c52-0c2c-1000-ae5d-0ac2424e0000"/>
</ObjectRefList>
</Expr>
</ColumnMapping>
<Link startNodeTableRef="/oracle/bi/server/base/PhysicalTable/964f8c50-0c2c-1000-ae5d-0ac2424e0000.xml#m964f8c50-0c2c-1000-ae5d-0ac2424e0000">
</Link>
<WhereClause mdsid="m00000009-01f4-0000-8af4-656600000000" name="WhereClause">
<ExprText></ExprText>
<ExprTextDesc></ExprTextDesc>
</WhereClause>
<GroupBy mdsid="m0000000a-01f4-0000-cd28-307c00000000" name="GroupBy">
<ExprText></ExprText>
<ExprTextDesc></ExprTextDesc>
</GroupBy>
<FragmentContent mdsid="m0000000b-01f4-0000-359d-314a00000000" name="FragmentContent">
<ExprText></ExprText>
<ExprTextDesc></ExprTextDesc>
</FragmentContent>
</LogicalTableSource>