<?xml version="1.0" encoding="UTF-8" ?>
<LogicalTableSource mdsid="mb4aae67b-0c61-1000-8e45-0ac2424e0000" name="D14 Scenario" xmlns:xsi="http://www.w3.org/2001/XMLSchema-instance" xmlns="http://www.oracle.com/obis/repository" isActive="true" logicalTableRef="/oracle/bi/server/base/LogicalTable/b491e020-0c61-1000-8e45-0ac2424e0000.xml#mb491e020-0c61-1000-8e45-0ac2424e0000">
<ColumnMapping>
<LogicalColumnExpr mdsid="m00000001-01f4-0000-317a-c04500000000" name="LogicalColumnExpr">
<ExprText><![CDATA["%1"]]></ExprText>
<ExprTextDesc><![CDATA["PGI-DW"."Scenario"."Scenario Group"]]></ExprTextDesc>
<ObjectRefList>
<RefObject refId="m00000001-01f4-0000-317a-c04500000000-mb4aae66f-0c61-1000-8e45-0ac2424e0000" objectTypeId="2006" objectRef="/oracle/bi/server/base/LogicalTable/b491e020-0c61-1000-8e45-0ac2424e0000.xml#mb4aae66f-0c61-1000-8e45-0ac2424e0000"/>
</ObjectRefList>
</LogicalColumnExpr>
<Expr mdsid="m00000002-01f4-0000-d7fa-23ad00000000" name="Expr">
<ExprText><![CDATA["%1"]]></ExprText>
<ExprTextDesc><![CDATA["PRM_PRDHDATA"."PRDHDATA"."dbo"."D14 Scenario"."scnro_gen01_cd"]]></ExprTextDesc>
<ObjectRefList>
<RefObject refId="m00000002-01f4-0000-d7fa-23ad00000000-m347dbd36-0c2c-1000-ae5d-0ac2424e0000" objectTypeId="3003" objectRef="/oracle/bi/server/base/PhysicalTable/347dbd30-0c2c-1000-ae5d-0ac2424e0000.xml#m347dbd36-0c2c-1000-ae5d-0ac2424e0000"/>
</ObjectRefList>
</Expr>
</ColumnMapping>
<ColumnMapping>
<LogicalColumnExpr mdsid="m00000003-01f4-0000-9fcc-c37e00000000" name="LogicalColumnExpr">
<ExprText><![CDATA["%1"]]></ExprText>
<ExprTextDesc><![CDATA["PGI-DW"."Scenario"."Scenario Key"]]></ExprTextDesc>
<ObjectRefList>
<RefObject refId="m00000003-01f4-0000-9fcc-c37e00000000-mb4aae671-0c61-1000-8e45-0ac2424e0000" objectTypeId="2006" objectRef="/oracle/bi/server/base/LogicalTable/b491e020-0c61-1000-8e45-0ac2424e0000.xml#mb4aae671-0c61-1000-8e45-0ac2424e0000"/>
</ObjectRefList>
</LogicalColumnExpr>
<Expr mdsid="m00000004-01f4-0000-8196-42ac00000000" name="Expr">
<ExprText><![CDATA["%1"]]></ExprText>
<ExprTextDesc><![CDATA["PRM_PRDHDATA"."PRDHDATA"."dbo"."D14 Scenario"."scnro_key"]]></ExprTextDesc>
<ObjectRefList>
<RefObject refId="m00000004-01f4-0000-8196-42ac00000000-m347dbd31-0c2c-1000-ae5d-0ac2424e0000" objectTypeId="3003" objectRef="/oracle/bi/server/base/PhysicalTable/347dbd30-0c2c-1000-ae5d-0ac2424e0000.xml#m347dbd31-0c2c-1000-ae5d-0ac2424e0000"/>
</ObjectRefList>
</Expr>
</ColumnMapping>
<ColumnMapping>
<LogicalColumnExpr mdsid="m00000005-01f4-0000-1daf-35a000000000" name="LogicalColumnExpr">
<ExprText><![CDATA["%1"]]></ExprText>
<ExprTextDesc><![CDATA["PGI-DW"."Scenario"."Scenario"]]></ExprTextDesc>
<ObjectRefList>
<RefObject refId="m00000005-01f4-0000-1daf-35a000000000-mb4aae673-0c61-1000-8e45-0ac2424e0000" objectTypeId="2006" objectRef="/oracle/bi/server/base/LogicalTable/b491e020-0c61-1000-8e45-0ac2424e0000.xml#mb4aae673-0c61-1000-8e45-0ac2424e0000"/>
</ObjectRefList>
</LogicalColumnExpr>
<Expr mdsid="m00000006-01f4-0000-fd37-4eea00000000" name="Expr">
<ExprText><![CDATA["%1"]]></ExprText>
<ExprTextDesc><![CDATA["PRM_PRDHDATA"."PRDHDATA"."dbo"."D14 Scenario"."scnro_sd"]]></ExprTextDesc>
<ObjectRefList>
<RefObject refId="m00000006-01f4-0000-fd37-4eea00000000-m347dbd34-0c2c-1000-ae5d-0ac2424e0000" objectTypeId="3003" objectRef="/oracle/bi/server/base/PhysicalTable/347dbd30-0c2c-1000-ae5d-0ac2424e0000.xml#m347dbd34-0c2c-1000-ae5d-0ac2424e0000"/>
</ObjectRefList>
</Expr>
</ColumnMapping>
<ColumnMapping>
<LogicalColumnExpr mdsid="m00000007-01f4-0000-0ab9-440600000000" name="LogicalColumnExpr">
<ExprText><![CDATA["%1"]]></ExprText>
<ExprTextDesc><![CDATA["PGI-DW"."Scenario"."Scenario ID"]]></ExprTextDesc>
<ObjectRefList>
<RefObject refId="m00000007-01f4-0000-0ab9-440600000000-mb97825e2-0c61-1000-8e45-0ac2424e0000" objectTypeId="2006" objectRef="/oracle/bi/server/base/LogicalTable/b491e020-0c61-1000-8e45-0ac2424e0000.xml#mb97825e2-0c61-1000-8e45-0ac2424e0000"/>
</ObjectRefList>
</LogicalColumnExpr>
<Expr mdsid="m00000008-01f4-0000-3a4b-ee0f00000000" name="Expr">
<ExprText><![CDATA["%1"]]></ExprText>
<ExprTextDesc><![CDATA["PRM_PRDHDATA"."PRDHDATA"."dbo"."D14 Scenario"."scnro_id"]]></ExprTextDesc>
<ObjectRefList>
<RefObject refId="m00000008-01f4-0000-3a4b-ee0f00000000-m347dbd32-0c2c-1000-ae5d-0ac2424e0000" objectTypeId="3003" objectRef="/oracle/bi/server/base/PhysicalTable/347dbd30-0c2c-1000-ae5d-0ac2424e0000.xml#m347dbd32-0c2c-1000-ae5d-0ac2424e0000"/>
</ObjectRefList>
</Expr>
</ColumnMapping>
<Link startNodeTableRef="/oracle/bi/server/base/PhysicalTable/347dbd30-0c2c-1000-ae5d-0ac2424e0000.xml#m347dbd30-0c2c-1000-ae5d-0ac2424e0000">
</Link>
<WhereClause mdsid="m00000009-01f4-0000-38e6-3fca00000000" name="WhereClause">
<ExprText></ExprText>
<ExprTextDesc></ExprTextDesc>
</WhereClause>
<GroupBy mdsid="m0000000a-01f4-0000-dc8e-d87a00000000" name="GroupBy">
<ExprText></ExprText>
<ExprTextDesc></ExprTextDesc>
</GroupBy>
<FragmentContent mdsid="m0000000b-01f4-0000-9a2e-662e00000000" name="FragmentContent">
<ExprText></ExprText>
<ExprTextDesc></ExprTextDesc>
</FragmentContent>
</LogicalTableSource>