<?xml version="1.0" encoding="UTF-8" ?>
<LogicalTableSource mdsid="mc27439c5-0c6f-1000-886d-0ac2424e0000" name="F01 Sales 2012" xmlns:xsi="http://www.w3.org/2001/XMLSchema-instance" xmlns="http://www.oracle.com/obis/repository" isActive="true" canCombine="true" logicalTableRef="/oracle/bi/server/base/LogicalTable/d77531f0-0c57-1000-ba5a-0ac2424e0000.xml#md77531f0-0c57-1000-ba5a-0ac2424e0000">
<ColumnMapping>
<LogicalColumnExpr mdsid="m00000001-01f4-0000-9fce-fb0b00000000" name="LogicalColumnExpr">
<ExprText><![CDATA["%1"]]></ExprText>
<ExprTextDesc><![CDATA["PGI-DW"."Fact-Revenue"."Quantity"]]></ExprTextDesc>
<ObjectRefList>
<RefObject refId="m00000001-01f4-0000-9fce-fb0b00000000-me17be055-0c57-1000-ba5a-0ac2424e0000" objectTypeId="2006" objectRef="/oracle/bi/server/base/LogicalTable/d77531f0-0c57-1000-ba5a-0ac2424e0000.xml#me17be055-0c57-1000-ba5a-0ac2424e0000"/>
</ObjectRefList>
</LogicalColumnExpr>
<Expr mdsid="m00000002-01f4-0000-b731-ad5600000000" name="Expr">
<ExprText><![CDATA["%1"]]></ExprText>
<ExprTextDesc><![CDATA["PRM_PRDHDATA"."PRDHDATA"."dbo"."F01 Sales 2012"."quantity"]]></ExprTextDesc>
<ObjectRefList>
<RefObject refId="m00000002-01f4-0000-b731-ad5600000000-ma2b712a3-0c6f-1000-886d-0ac2424e0000" objectTypeId="3003" objectRef="/oracle/bi/server/base/PhysicalTable/a2b71290-0c6f-1000-886d-0ac2424e0000.xml#ma2b712a3-0c6f-1000-886d-0ac2424e0000"/>
</ObjectRefList>
</Expr>
</ColumnMapping>
<ColumnMapping>
<LogicalColumnExpr mdsid="m00000003-01f4-0000-dc8f-911500000000" name="LogicalColumnExpr">
<ExprText><![CDATA["%1"]]></ExprText>
<ExprTextDesc><![CDATA["PGI-DW"."Fact-Revenue"."Billed Quantity"]]></ExprTextDesc>
<ObjectRefList>
<RefObject refId="m00000003-01f4-0000-dc8f-911500000000-me17577b5-0c57-1000-ba5a-0ac2424e0000" objectTypeId="2006" objectRef="/oracle/bi/server/base/LogicalTable/d77531f0-0c57-1000-ba5a-0ac2424e0000.xml#me17577b5-0c57-1000-ba5a-0ac2424e0000"/>
</ObjectRefList>
</LogicalColumnExpr>
<Expr mdsid="m00000004-01f4-0000-2a20-bdd600000000" name="Expr">
<ExprText><![CDATA["%1"]]></ExprText>
<ExprTextDesc><![CDATA["PRM_PRDHDATA"."PRDHDATA"."dbo"."F01 Sales 2012"."billed_qty"]]></ExprTextDesc>
<ObjectRefList>
<RefObject refId="m00000004-01f4-0000-2a20-bdd600000000-ma2b712ba-0c6f-1000-886d-0ac2424e0000" objectTypeId="3003" objectRef="/oracle/bi/server/base/PhysicalTable/a2b71290-0c6f-1000-886d-0ac2424e0000.xml#ma2b712ba-0c6f-1000-886d-0ac2424e0000"/>
</ObjectRefList>
</Expr>
</ColumnMapping>
<ColumnMapping>
<LogicalColumnExpr mdsid="m00000005-01f4-0000-3059-1acc00000000" name="LogicalColumnExpr">
<ExprText><![CDATA["%1"]]></ExprText>
<ExprTextDesc><![CDATA["PGI-DW"."Fact-Revenue"."Unbilled Quantity"]]></ExprTextDesc>
<ObjectRefList>
<RefObject refId="m00000005-01f4-0000-3059-1acc00000000-me178fa11-0c57-1000-ba5a-0ac2424e0000" objectTypeId="2006" objectRef="/oracle/bi/server/base/LogicalTable/d77531f0-0c57-1000-ba5a-0ac2424e0000.xml#me178fa11-0c57-1000-ba5a-0ac2424e0000"/>
</ObjectRefList>
</LogicalColumnExpr>
<Expr mdsid="m00000006-01f4-0000-6d1e-024000000000" name="Expr">
<ExprText><![CDATA["%1"]]></ExprText>
<ExprTextDesc><![CDATA["PRM_PRDHDATA"."PRDHDATA"."dbo"."F01 Sales 2012"."unbilled_qty"]]></ExprTextDesc>
<ObjectRefList>
<RefObject refId="m00000006-01f4-0000-6d1e-024000000000-ma2b712bb-0c6f-1000-886d-0ac2424e0000" objectTypeId="3003" objectRef="/oracle/bi/server/base/PhysicalTable/a2b71290-0c6f-1000-886d-0ac2424e0000.xml#ma2b712bb-0c6f-1000-886d-0ac2424e0000"/>
</ObjectRefList>
</Expr>
</ColumnMapping>
<ColumnMapping>
<LogicalColumnExpr mdsid="m00000007-01f4-0000-b8a3-23ed00000000" name="LogicalColumnExpr">
<ExprText><![CDATA["%1"]]></ExprText>
<ExprTextDesc><![CDATA["PGI-DW"."Fact-Revenue"."Discount Quantity"]]></ExprTextDesc>
<ObjectRefList>
<RefObject refId="m00000007-01f4-0000-b8a3-23ed00000000-me17f1491-0c57-1000-ba5a-0ac2424e0000" objectTypeId="2006" objectRef="/oracle/bi/server/base/LogicalTable/d77531f0-0c57-1000-ba5a-0ac2424e0000.xml#me17f1491-0c57-1000-ba5a-0ac2424e0000"/>
</ObjectRefList>
</LogicalColumnExpr>
<Expr mdsid="m00000008-01f4-0000-f24c-dbb700000000" name="Expr">
<ExprText><![CDATA["%1"]]></ExprText>
<ExprTextDesc><![CDATA["PRM_PRDHDATA"."PRDHDATA"."dbo"."F01 Sales 2012"."discount_qty"]]></ExprTextDesc>
<ObjectRefList>
<RefObject refId="m00000008-01f4-0000-f24c-dbb700000000-ma2b712bc-0c6f-1000-886d-0ac2424e0000" objectTypeId="3003" objectRef="/oracle/bi/server/base/PhysicalTable/a2b71290-0c6f-1000-886d-0ac2424e0000.xml#ma2b712bc-0c6f-1000-886d-0ac2424e0000"/>
</ObjectRefList>
</Expr>
</ColumnMapping>
<ColumnMapping>
<LogicalColumnExpr mdsid="m00000009-01f4-0000-8566-bb2400000000" name="LogicalColumnExpr">
<ExprText><![CDATA["%1"]]></ExprText>
<ExprTextDesc><![CDATA["PGI-DW"."Fact-Revenue"."Revenue (Local)"]]></ExprTextDesc>
<ObjectRefList>
<RefObject refId="m00000009-01f4-0000-8566-bb2400000000-me1875205-0c57-1000-ba5a-0ac2424e0000" objectTypeId="2006" objectRef="/oracle/bi/server/base/LogicalTable/d77531f0-0c57-1000-ba5a-0ac2424e0000.xml#me1875205-0c57-1000-ba5a-0ac2424e0000"/>
</ObjectRefList>
</LogicalColumnExpr>
<Expr mdsid="m0000000a-01f4-0000-dddb-5c2900000000" name="Expr">
<ExprText><![CDATA["%1"]]></ExprText>
<ExprTextDesc><![CDATA["PRM_PRDHDATA"."PRDHDATA"."dbo"."F01 Sales 2012"."sls_amt_local"]]></ExprTextDesc>
<ObjectRefList>
<RefObject refId="m0000000a-01f4-0000-dddb-5c2900000000-ma2b712a5-0c6f-1000-886d-0ac2424e0000" objectTypeId="3003" objectRef="/oracle/bi/server/base/PhysicalTable/a2b71290-0c6f-1000-886d-0ac2424e0000.xml#ma2b712a5-0c6f-1000-886d-0ac2424e0000"/>
</ObjectRefList>
</Expr>
</ColumnMapping>
<ColumnMapping>
<LogicalColumnExpr mdsid="m0000000b-01f4-0000-09ac-603a00000000" name="LogicalColumnExpr">
<ExprText><![CDATA["%1"]]></ExprText>
<ExprTextDesc><![CDATA["PGI-DW"."Fact-Revenue"."Revenue Share (Local)"]]></ExprTextDesc>
<ObjectRefList>
<RefObject refId="m0000000b-01f4-0000-09ac-603a00000000-me18c0cf5-0c57-1000-ba5a-0ac2424e0000" objectTypeId="2006" objectRef="/oracle/bi/server/base/LogicalTable/d77531f0-0c57-1000-ba5a-0ac2424e0000.xml#me18c0cf5-0c57-1000-ba5a-0ac2424e0000"/>
</ObjectRefList>
</LogicalColumnExpr>
<Expr mdsid="m0000000c-01f4-0000-3306-381a00000000" name="Expr">
<ExprText><![CDATA["%1"]]></ExprText>
<ExprTextDesc><![CDATA["PRM_PRDHDATA"."PRDHDATA"."dbo"."F01 Sales 2012"."rev_shr_amt_local"]]></ExprTextDesc>
<ObjectRefList>
<RefObject refId="m0000000c-01f4-0000-3306-381a00000000-ma2b712c3-0c6f-1000-886d-0ac2424e0000" objectTypeId="3003" objectRef="/oracle/bi/server/base/PhysicalTable/a2b71290-0c6f-1000-886d-0ac2424e0000.xml#ma2b712c3-0c6f-1000-886d-0ac2424e0000"/>
</ObjectRefList>
</Expr>
</ColumnMapping>
<ColumnMapping>
<LogicalColumnExpr mdsid="m0000000d-01f4-0000-5787-b65a00000000" name="LogicalColumnExpr">
<ExprText><![CDATA["%1"]]></ExprText>
<ExprTextDesc><![CDATA["PGI-DW"."Fact-Revenue"."Revenue (MAAP)"]]></ExprTextDesc>
<ObjectRefList>
<RefObject refId="m0000000d-01f4-0000-5787-b65a00000000-md7805599-0c57-1000-ba5a-0ac2424e0000" objectTypeId="2006" objectRef="/oracle/bi/server/base/LogicalTable/d77531f0-0c57-1000-ba5a-0ac2424e0000.xml#md7805599-0c57-1000-ba5a-0ac2424e0000"/>
</ObjectRefList>
</LogicalColumnExpr>
<Expr mdsid="m0000000e-01f4-0000-93bb-4d8a00000000" name="Expr">
<ExprText><![CDATA["%1"]]></ExprText>
<ExprTextDesc><![CDATA["PRM_PRDHDATA"."PRDHDATA"."dbo"."F01 Sales 2012"."sls_amt_maap"]]></ExprTextDesc>
<ObjectRefList>
<RefObject refId="m0000000e-01f4-0000-93bb-4d8a00000000-ma2b712b2-0c6f-1000-886d-0ac2424e0000" objectTypeId="3003" objectRef="/oracle/bi/server/base/PhysicalTable/a2b71290-0c6f-1000-886d-0ac2424e0000.xml#ma2b712b2-0c6f-1000-886d-0ac2424e0000"/>
</ObjectRefList>
</Expr>
</ColumnMapping>
<ColumnMapping>
<LogicalColumnExpr mdsid="m0000000f-01f4-0000-24dd-0ede00000000" name="LogicalColumnExpr">
<ExprText><![CDATA["%1"]]></ExprText>
<ExprTextDesc><![CDATA["PGI-DW"."Fact-Revenue"."Revenue Share (MAAP)"]]></ExprTextDesc>
<ObjectRefList>
<RefObject refId="m0000000f-01f4-0000-24dd-0ede00000000-md7805598-0c57-1000-ba5a-0ac2424e0000" objectTypeId="2006" objectRef="/oracle/bi/server/base/LogicalTable/d77531f0-0c57-1000-ba5a-0ac2424e0000.xml#md7805598-0c57-1000-ba5a-0ac2424e0000"/>
</ObjectRefList>
</LogicalColumnExpr>
<Expr mdsid="m00000010-01f4-0000-f9b5-03b300000000" name="Expr">
<ExprText><![CDATA["%1"]]></ExprText>
<ExprTextDesc><![CDATA["PRM_PRDHDATA"."PRDHDATA"."dbo"."F01 Sales 2012"."rev_shr_amt_maap"]]></ExprTextDesc>
<ObjectRefList>
<RefObject refId="m00000010-01f4-0000-f9b5-03b300000000-ma2b712c5-0c6f-1000-886d-0ac2424e0000" objectTypeId="3003" objectRef="/oracle/bi/server/base/PhysicalTable/a2b71290-0c6f-1000-886d-0ac2424e0000.xml#ma2b712c5-0c6f-1000-886d-0ac2424e0000"/>
</ObjectRefList>
</Expr>
</ColumnMapping>
<ColumnMapping>
<LogicalColumnExpr mdsid="m00000011-01f4-0000-1f04-fc5c00000000" name="LogicalColumnExpr">
<ExprText><![CDATA["%1"]]></ExprText>
<ExprTextDesc><![CDATA["PGI-DW"."Fact-Revenue"."Participant Cnt"]]></ExprTextDesc>
<ObjectRefList>
<RefObject refId="m00000011-01f4-0000-1f04-fc5c00000000-m51501b76-0c63-1000-9f49-0ac2424e0000" objectTypeId="2006" objectRef="/oracle/bi/server/base/LogicalTable/d77531f0-0c57-1000-ba5a-0ac2424e0000.xml#m51501b76-0c63-1000-9f49-0ac2424e0000"/>
</ObjectRefList>
</LogicalColumnExpr>
<Expr mdsid="m00000012-01f4-0000-77e6-5f0100000000" name="Expr">
<ExprText><![CDATA["%1"]]></ExprText>
<ExprTextDesc><![CDATA["PRM_PRDHDATA"."PRDHDATA"."dbo"."F01 Sales 2012"."participant_cnt"]]></ExprTextDesc>
<ObjectRefList>
<RefObject refId="m00000012-01f4-0000-77e6-5f0100000000-ma2b712c9-0c6f-1000-886d-0ac2424e0000" objectTypeId="3003" objectRef="/oracle/bi/server/base/PhysicalTable/a2b71290-0c6f-1000-886d-0ac2424e0000.xml#ma2b712c9-0c6f-1000-886d-0ac2424e0000"/>
</ObjectRefList>
</Expr>
</ColumnMapping>
<ColumnMapping>
<LogicalColumnExpr mdsid="m00000013-01f4-0000-deaa-912100000000" name="LogicalColumnExpr">
<ExprText><![CDATA["%1"]]></ExprText>
<ExprTextDesc><![CDATA["PGI-DW"."Fact-Revenue"."Disc Amt (Local)"]]></ExprTextDesc>
<ObjectRefList>
<RefObject refId="m00000013-01f4-0000-deaa-912100000000-m515831ba-0c63-1000-9f49-0ac2424e0000" objectTypeId="2006" objectRef="/oracle/bi/server/base/LogicalTable/d77531f0-0c57-1000-ba5a-0ac2424e0000.xml#m515831ba-0c63-1000-9f49-0ac2424e0000"/>
</ObjectRefList>
</LogicalColumnExpr>
<Expr mdsid="m00000014-01f4-0000-a8c5-65b200000000" name="Expr">
<ExprText><![CDATA["%1"]]></ExprText>
<ExprTextDesc><![CDATA["PRM_PRDHDATA"."PRDHDATA"."dbo"."F01 Sales 2012"."disc_amt_local"]]></ExprTextDesc>
<ObjectRefList>
<RefObject refId="m00000014-01f4-0000-a8c5-65b200000000-ma2b712a6-0c6f-1000-886d-0ac2424e0000" objectTypeId="3003" objectRef="/oracle/bi/server/base/PhysicalTable/a2b71290-0c6f-1000-886d-0ac2424e0000.xml#ma2b712a6-0c6f-1000-886d-0ac2424e0000"/>
</ObjectRefList>
</Expr>
</ColumnMapping>
<ColumnMapping>
<LogicalColumnExpr mdsid="m00000015-01f4-0000-93ad-e40b00000000" name="LogicalColumnExpr">
<ExprText><![CDATA["%1"]]></ExprText>
<ExprTextDesc><![CDATA["PGI-DW"."Fact-Revenue"."Disc Amt (MAAP)"]]></ExprTextDesc>
<ObjectRefList>
<RefObject refId="m00000015-01f4-0000-93ad-e40b00000000-m515831bb-0c63-1000-9f49-0ac2424e0000" objectTypeId="2006" objectRef="/oracle/bi/server/base/LogicalTable/d77531f0-0c57-1000-ba5a-0ac2424e0000.xml#m515831bb-0c63-1000-9f49-0ac2424e0000"/>
</ObjectRefList>
</LogicalColumnExpr>
<Expr mdsid="m00000016-01f4-0000-067b-8ea500000000" name="Expr">
<ExprText><![CDATA["%1"]]></ExprText>
<ExprTextDesc><![CDATA["PRM_PRDHDATA"."PRDHDATA"."dbo"."F01 Sales 2012"."disc_amt_maap"]]></ExprTextDesc>
<ObjectRefList>
<RefObject refId="m00000016-01f4-0000-067b-8ea500000000-ma2b712b3-0c6f-1000-886d-0ac2424e0000" objectTypeId="3003" objectRef="/oracle/bi/server/base/PhysicalTable/a2b71290-0c6f-1000-886d-0ac2424e0000.xml#ma2b712b3-0c6f-1000-886d-0ac2424e0000"/>
</ObjectRefList>
</Expr>
</ColumnMapping>
<ColumnMapping>
<LogicalColumnExpr mdsid="m00000017-01f4-0000-95ac-26e200000000" name="LogicalColumnExpr">
<ExprText><![CDATA["%1"]]></ExprText>
<ExprTextDesc><![CDATA["PGI-DW"."Fact-Revenue"."Disc Amt (USD)"]]></ExprTextDesc>
<ObjectRefList>
<RefObject refId="m00000017-01f4-0000-95ac-26e200000000-m515831bc-0c63-1000-9f49-0ac2424e0000" objectTypeId="2006" objectRef="/oracle/bi/server/base/LogicalTable/d77531f0-0c57-1000-ba5a-0ac2424e0000.xml#m515831bc-0c63-1000-9f49-0ac2424e0000"/>
</ObjectRefList>
</LogicalColumnExpr>
<Expr mdsid="m00000018-01f4-0000-49e4-694400000000" name="Expr">
<ExprText><![CDATA["%1"]]></ExprText>
<ExprTextDesc><![CDATA["PRM_PRDHDATA"."PRDHDATA"."dbo"."F01 Sales 2012"."disc_amt_usd"]]></ExprTextDesc>
<ObjectRefList>
<RefObject refId="m00000018-01f4-0000-49e4-694400000000-ma2b712ad-0c6f-1000-886d-0ac2424e0000" objectTypeId="3003" objectRef="/oracle/bi/server/base/PhysicalTable/a2b71290-0c6f-1000-886d-0ac2424e0000.xml#ma2b712ad-0c6f-1000-886d-0ac2424e0000"/>
</ObjectRefList>
</Expr>
</ColumnMapping>
<ColumnMapping>
<LogicalColumnExpr mdsid="m00000019-01f4-0000-edc2-8f1a00000000" name="LogicalColumnExpr">
<ExprText><![CDATA["%1"]]></ExprText>
<ExprTextDesc><![CDATA["PGI-DW"."Fact-Revenue"."Fed Tax (Local)"]]></ExprTextDesc>
<ObjectRefList>
<RefObject refId="m00000019-01f4-0000-edc2-8f1a00000000-m515a2d9a-0c63-1000-9f49-0ac2424e0000" objectTypeId="2006" objectRef="/oracle/bi/server/base/LogicalTable/d77531f0-0c57-1000-ba5a-0ac2424e0000.xml#m515a2d9a-0c63-1000-9f49-0ac2424e0000"/>
</ObjectRefList>
</LogicalColumnExpr>
<Expr mdsid="m0000001a-01f4-0000-4626-415b00000000" name="Expr">
<ExprText><![CDATA["%1"]]></ExprText>
<ExprTextDesc><![CDATA["PRM_PRDHDATA"."PRDHDATA"."dbo"."F01 Sales 2012"."fed_tax_local"]]></ExprTextDesc>
<ObjectRefList>
<RefObject refId="m0000001a-01f4-0000-4626-415b00000000-ma2b712a7-0c6f-1000-886d-0ac2424e0000" objectTypeId="3003" objectRef="/oracle/bi/server/base/PhysicalTable/a2b71290-0c6f-1000-886d-0ac2424e0000.xml#ma2b712a7-0c6f-1000-886d-0ac2424e0000"/>
</ObjectRefList>
</Expr>
</ColumnMapping>
<ColumnMapping>
<LogicalColumnExpr mdsid="m0000001b-01f4-0000-47fd-2bc800000000" name="LogicalColumnExpr">
<ExprText><![CDATA["%1"]]></ExprText>
<ExprTextDesc><![CDATA["PGI-DW"."Fact-Revenue"."Fed Tax (MAAP)"]]></ExprTextDesc>
<ObjectRefList>
<RefObject refId="m0000001b-01f4-0000-47fd-2bc800000000-m515a2d9b-0c63-1000-9f49-0ac2424e0000" objectTypeId="2006" objectRef="/oracle/bi/server/base/LogicalTable/d77531f0-0c57-1000-ba5a-0ac2424e0000.xml#m515a2d9b-0c63-1000-9f49-0ac2424e0000"/>
</ObjectRefList>
</LogicalColumnExpr>
<Expr mdsid="m0000001c-01f4-0000-ff05-fe5300000000" name="Expr">
<ExprText><![CDATA["%1"]]></ExprText>
<ExprTextDesc><![CDATA["PRM_PRDHDATA"."PRDHDATA"."dbo"."F01 Sales 2012"."fed_tax_maap"]]></ExprTextDesc>
<ObjectRefList>
<RefObject refId="m0000001c-01f4-0000-ff05-fe5300000000-ma2b712b4-0c6f-1000-886d-0ac2424e0000" objectTypeId="3003" objectRef="/oracle/bi/server/base/PhysicalTable/a2b71290-0c6f-1000-886d-0ac2424e0000.xml#ma2b712b4-0c6f-1000-886d-0ac2424e0000"/>
</ObjectRefList>
</Expr>
</ColumnMapping>
<ColumnMapping>
<LogicalColumnExpr mdsid="m0000001d-01f4-0000-1dbb-6ce800000000" name="LogicalColumnExpr">
<ExprText><![CDATA["%1"]]></ExprText>
<ExprTextDesc><![CDATA["PGI-DW"."Fact-Revenue"."Fed Tax (USD)"]]></ExprTextDesc>
<ObjectRefList>
<RefObject refId="m0000001d-01f4-0000-1dbb-6ce800000000-m515a2d9c-0c63-1000-9f49-0ac2424e0000" objectTypeId="2006" objectRef="/oracle/bi/server/base/LogicalTable/d77531f0-0c57-1000-ba5a-0ac2424e0000.xml#m515a2d9c-0c63-1000-9f49-0ac2424e0000"/>
</ObjectRefList>
</LogicalColumnExpr>
<Expr mdsid="m0000001e-01f4-0000-50b2-4cfe00000000" name="Expr">
<ExprText><![CDATA["%1"]]></ExprText>
<ExprTextDesc><![CDATA["PRM_PRDHDATA"."PRDHDATA"."dbo"."F01 Sales 2012"."fed_tax_usd"]]></ExprTextDesc>
<ObjectRefList>
<RefObject refId="m0000001e-01f4-0000-50b2-4cfe00000000-ma2b712ae-0c6f-1000-886d-0ac2424e0000" objectTypeId="3003" objectRef="/oracle/bi/server/base/PhysicalTable/a2b71290-0c6f-1000-886d-0ac2424e0000.xml#ma2b712ae-0c6f-1000-886d-0ac2424e0000"/>
</ObjectRefList>
</Expr>
</ColumnMapping>
<ColumnMapping>
<LogicalColumnExpr mdsid="m0000001f-01f4-0000-5ac9-427100000000" name="LogicalColumnExpr">
<ExprText><![CDATA["%1"]]></ExprText>
<ExprTextDesc><![CDATA["PGI-DW"."Fact-Revenue"."State Tax (MAAP)"]]></ExprTextDesc>
<ObjectRefList>
<RefObject refId="m0000001f-01f4-0000-5ac9-427100000000-m515e4c4a-0c63-1000-9f49-0ac2424e0000" objectTypeId="2006" objectRef="/oracle/bi/server/base/LogicalTable/d77531f0-0c57-1000-ba5a-0ac2424e0000.xml#m515e4c4a-0c63-1000-9f49-0ac2424e0000"/>
</ObjectRefList>
</LogicalColumnExpr>
<Expr mdsid="m00000020-01f4-0000-5f1e-a18700000000" name="Expr">
<ExprText><![CDATA["%1"]]></ExprText>
<ExprTextDesc><![CDATA["PRM_PRDHDATA"."PRDHDATA"."dbo"."F01 Sales 2012"."state_tax_maap"]]></ExprTextDesc>
<ObjectRefList>
<RefObject refId="m00000020-01f4-0000-5f1e-a18700000000-ma2b712b5-0c6f-1000-886d-0ac2424e0000" objectTypeId="3003" objectRef="/oracle/bi/server/base/PhysicalTable/a2b71290-0c6f-1000-886d-0ac2424e0000.xml#ma2b712b5-0c6f-1000-886d-0ac2424e0000"/>
</ObjectRefList>
</Expr>
</ColumnMapping>
<ColumnMapping>
<LogicalColumnExpr mdsid="m00000021-01f4-0000-1aa8-32a300000000" name="LogicalColumnExpr">
<ExprText><![CDATA["%1"]]></ExprText>
<ExprTextDesc><![CDATA["PGI-DW"."Fact-Revenue"."State Tax (USD)"]]></ExprTextDesc>
<ObjectRefList>
<RefObject refId="m00000021-01f4-0000-1aa8-32a300000000-m515e4c4b-0c63-1000-9f49-0ac2424e0000" objectTypeId="2006" objectRef="/oracle/bi/server/base/LogicalTable/d77531f0-0c57-1000-ba5a-0ac2424e0000.xml#m515e4c4b-0c63-1000-9f49-0ac2424e0000"/>
</ObjectRefList>
</LogicalColumnExpr>
<Expr mdsid="m00000022-01f4-0000-c6c3-224900000000" name="Expr">
<ExprText><![CDATA["%1"]]></ExprText>
<ExprTextDesc><![CDATA["PRM_PRDHDATA"."PRDHDATA"."dbo"."F01 Sales 2012"."state_tax_usd"]]></ExprTextDesc>
<ObjectRefList>
<RefObject refId="m00000022-01f4-0000-c6c3-224900000000-ma2b712af-0c6f-1000-886d-0ac2424e0000" objectTypeId="3003" objectRef="/oracle/bi/server/base/PhysicalTable/a2b71290-0c6f-1000-886d-0ac2424e0000.xml#ma2b712af-0c6f-1000-886d-0ac2424e0000"/>
</ObjectRefList>
</Expr>
</ColumnMapping>
<ColumnMapping>
<LogicalColumnExpr mdsid="m00000023-01f4-0000-626f-ae9600000000" name="LogicalColumnExpr">
<ExprText><![CDATA["%1"]]></ExprText>
<ExprTextDesc><![CDATA["PGI-DW"."Fact-Revenue"."State Tax (Local)"]]></ExprTextDesc>
<ObjectRefList>
<RefObject refId="m00000023-01f4-0000-626f-ae9600000000-m515e4c4c-0c63-1000-9f49-0ac2424e0000" objectTypeId="2006" objectRef="/oracle/bi/server/base/LogicalTable/d77531f0-0c57-1000-ba5a-0ac2424e0000.xml#m515e4c4c-0c63-1000-9f49-0ac2424e0000"/>
</ObjectRefList>
</LogicalColumnExpr>
<Expr mdsid="m00000024-01f4-0000-83e5-2fcc00000000" name="Expr">
<ExprText><![CDATA["%1"]]></ExprText>
<ExprTextDesc><![CDATA["PRM_PRDHDATA"."PRDHDATA"."dbo"."F01 Sales 2012"."state_tax_local"]]></ExprTextDesc>
<ObjectRefList>
<RefObject refId="m00000024-01f4-0000-83e5-2fcc00000000-ma2b712a8-0c6f-1000-886d-0ac2424e0000" objectTypeId="3003" objectRef="/oracle/bi/server/base/PhysicalTable/a2b71290-0c6f-1000-886d-0ac2424e0000.xml#ma2b712a8-0c6f-1000-886d-0ac2424e0000"/>
</ObjectRefList>
</Expr>
</ColumnMapping>
<ColumnMapping>
<LogicalColumnExpr mdsid="m00000025-01f4-0000-9340-181700000000" name="LogicalColumnExpr">
<ExprText><![CDATA["%1"]]></ExprText>
<ExprTextDesc><![CDATA["PGI-DW"."Fact-Revenue"."County Tax (USD)"]]></ExprTextDesc>
<ObjectRefList>
<RefObject refId="m00000025-01f4-0000-9340-181700000000-m5160481a-0c63-1000-9f49-0ac2424e0000" objectTypeId="2006" objectRef="/oracle/bi/server/base/LogicalTable/d77531f0-0c57-1000-ba5a-0ac2424e0000.xml#m5160481a-0c63-1000-9f49-0ac2424e0000"/>
</ObjectRefList>
</LogicalColumnExpr>
<Expr mdsid="m00000026-01f4-0000-4555-158200000000" name="Expr">
<ExprText><![CDATA["%1"]]></ExprText>
<ExprTextDesc><![CDATA["PRM_PRDHDATA"."PRDHDATA"."dbo"."F01 Sales 2012"."county_tax_usd"]]></ExprTextDesc>
<ObjectRefList>
<RefObject refId="m00000026-01f4-0000-4555-158200000000-ma2b712b0-0c6f-1000-886d-0ac2424e0000" objectTypeId="3003" objectRef="/oracle/bi/server/base/PhysicalTable/a2b71290-0c6f-1000-886d-0ac2424e0000.xml#ma2b712b0-0c6f-1000-886d-0ac2424e0000"/>
</ObjectRefList>
</Expr>
</ColumnMapping>
<ColumnMapping>
<LogicalColumnExpr mdsid="m00000027-01f4-0000-33de-de1f00000000" name="LogicalColumnExpr">
<ExprText><![CDATA["%1"]]></ExprText>
<ExprTextDesc><![CDATA["PGI-DW"."Fact-Revenue"."County Tax (Local)"]]></ExprTextDesc>
<ObjectRefList>
<RefObject refId="m00000027-01f4-0000-33de-de1f00000000-m5160481b-0c63-1000-9f49-0ac2424e0000" objectTypeId="2006" objectRef="/oracle/bi/server/base/LogicalTable/d77531f0-0c57-1000-ba5a-0ac2424e0000.xml#m5160481b-0c63-1000-9f49-0ac2424e0000"/>
</ObjectRefList>
</LogicalColumnExpr>
<Expr mdsid="m00000028-01f4-0000-3d2d-73a000000000" name="Expr">
<ExprText><![CDATA["%1"]]></ExprText>
<ExprTextDesc><![CDATA["PRM_PRDHDATA"."PRDHDATA"."dbo"."F01 Sales 2012"."county_tax_local"]]></ExprTextDesc>
<ObjectRefList>
<RefObject refId="m00000028-01f4-0000-3d2d-73a000000000-ma2b712a9-0c6f-1000-886d-0ac2424e0000" objectTypeId="3003" objectRef="/oracle/bi/server/base/PhysicalTable/a2b71290-0c6f-1000-886d-0ac2424e0000.xml#ma2b712a9-0c6f-1000-886d-0ac2424e0000"/>
</ObjectRefList>
</Expr>
</ColumnMapping>
<ColumnMapping>
<LogicalColumnExpr mdsid="m00000029-01f4-0000-6b73-fa5f00000000" name="LogicalColumnExpr">
<ExprText><![CDATA["%1"]]></ExprText>
<ExprTextDesc><![CDATA["PGI-DW"."Fact-Revenue"."County Tax (MAAP)"]]></ExprTextDesc>
<ObjectRefList>
<RefObject refId="m00000029-01f4-0000-6b73-fa5f00000000-m5160481c-0c63-1000-9f49-0ac2424e0000" objectTypeId="2006" objectRef="/oracle/bi/server/base/LogicalTable/d77531f0-0c57-1000-ba5a-0ac2424e0000.xml#m5160481c-0c63-1000-9f49-0ac2424e0000"/>
</ObjectRefList>
</LogicalColumnExpr>
<Expr mdsid="m0000002a-01f4-0000-a138-0a0f00000000" name="Expr">
<ExprText><![CDATA["%1"]]></ExprText>
<ExprTextDesc><![CDATA["PRM_PRDHDATA"."PRDHDATA"."dbo"."F01 Sales 2012"."county_tax_maap"]]></ExprTextDesc>
<ObjectRefList>
<RefObject refId="m0000002a-01f4-0000-a138-0a0f00000000-ma2b712b6-0c6f-1000-886d-0ac2424e0000" objectTypeId="3003" objectRef="/oracle/bi/server/base/PhysicalTable/a2b71290-0c6f-1000-886d-0ac2424e0000.xml#ma2b712b6-0c6f-1000-886d-0ac2424e0000"/>
</ObjectRefList>
</Expr>
</ColumnMapping>
<ColumnMapping>
<LogicalColumnExpr mdsid="m0000002b-01f4-0000-dd43-e69400000000" name="LogicalColumnExpr">
<ExprText><![CDATA["%1"]]></ExprText>
<ExprTextDesc><![CDATA["PGI-DW"."Fact-Revenue"."Local Tax (Local)"]]></ExprTextDesc>
<ObjectRefList>
<RefObject refId="m0000002b-01f4-0000-dd43-e69400000000-m5163555a-0c63-1000-9f49-0ac2424e0000" objectTypeId="2006" objectRef="/oracle/bi/server/base/LogicalTable/d77531f0-0c57-1000-ba5a-0ac2424e0000.xml#m5163555a-0c63-1000-9f49-0ac2424e0000"/>
</ObjectRefList>
</LogicalColumnExpr>
<Expr mdsid="m0000002c-01f4-0000-0ba9-7d9a00000000" name="Expr">
<ExprText><![CDATA["%1"]]></ExprText>
<ExprTextDesc><![CDATA["PRM_PRDHDATA"."PRDHDATA"."dbo"."F01 Sales 2012"."local_tax_local"]]></ExprTextDesc>
<ObjectRefList>
<RefObject refId="m0000002c-01f4-0000-0ba9-7d9a00000000-ma2b712aa-0c6f-1000-886d-0ac2424e0000" objectTypeId="3003" objectRef="/oracle/bi/server/base/PhysicalTable/a2b71290-0c6f-1000-886d-0ac2424e0000.xml#ma2b712aa-0c6f-1000-886d-0ac2424e0000"/>
</ObjectRefList>
</Expr>
</ColumnMapping>
<ColumnMapping>
<LogicalColumnExpr mdsid="m0000002d-01f4-0000-f040-52ae00000000" name="LogicalColumnExpr">
<ExprText><![CDATA["%1"]]></ExprText>
<ExprTextDesc><![CDATA["PGI-DW"."Fact-Revenue"."Local Tax (MAAP)"]]></ExprTextDesc>
<ObjectRefList>
<RefObject refId="m0000002d-01f4-0000-f040-52ae00000000-m5163555b-0c63-1000-9f49-0ac2424e0000" objectTypeId="2006" objectRef="/oracle/bi/server/base/LogicalTable/d77531f0-0c57-1000-ba5a-0ac2424e0000.xml#m5163555b-0c63-1000-9f49-0ac2424e0000"/>
</ObjectRefList>
</LogicalColumnExpr>
<Expr mdsid="m0000002e-01f4-0000-f41d-0b0b00000000" name="Expr">
<ExprText><![CDATA["%1"]]></ExprText>
<ExprTextDesc><![CDATA["PRM_PRDHDATA"."PRDHDATA"."dbo"."F01 Sales 2012"."local_tax_maap"]]></ExprTextDesc>
<ObjectRefList>
<RefObject refId="m0000002e-01f4-0000-f41d-0b0b00000000-ma2b712b7-0c6f-1000-886d-0ac2424e0000" objectTypeId="3003" objectRef="/oracle/bi/server/base/PhysicalTable/a2b71290-0c6f-1000-886d-0ac2424e0000.xml#ma2b712b7-0c6f-1000-886d-0ac2424e0000"/>
</ObjectRefList>
</Expr>
</ColumnMapping>
<ColumnMapping>
<LogicalColumnExpr mdsid="m0000002f-01f4-0000-45fd-2dde00000000" name="LogicalColumnExpr">
<ExprText><![CDATA["%1"]]></ExprText>
<ExprTextDesc><![CDATA["PGI-DW"."Fact-Revenue"."Local Tax (USD)"]]></ExprTextDesc>
<ObjectRefList>
<RefObject refId="m0000002f-01f4-0000-45fd-2dde00000000-m5163555c-0c63-1000-9f49-0ac2424e0000" objectTypeId="2006" objectRef="/oracle/bi/server/base/LogicalTable/d77531f0-0c57-1000-ba5a-0ac2424e0000.xml#m5163555c-0c63-1000-9f49-0ac2424e0000"/>
</ObjectRefList>
</LogicalColumnExpr>
<Expr mdsid="m00000030-01f4-0000-179e-80f900000000" name="Expr">
<ExprText><![CDATA["%1"]]></ExprText>
<ExprTextDesc><![CDATA["PRM_PRDHDATA"."PRDHDATA"."dbo"."F01 Sales 2012"."local_tax_usd"]]></ExprTextDesc>
<ObjectRefList>
<RefObject refId="m00000030-01f4-0000-179e-80f900000000-ma2b712b1-0c6f-1000-886d-0ac2424e0000" objectTypeId="3003" objectRef="/oracle/bi/server/base/PhysicalTable/a2b71290-0c6f-1000-886d-0ac2424e0000.xml#ma2b712b1-0c6f-1000-886d-0ac2424e0000"/>
</ObjectRefList>
</Expr>
</ColumnMapping>
<ColumnMapping>
<LogicalColumnExpr mdsid="m00000031-01f4-0000-dc06-8a9a00000000" name="LogicalColumnExpr">
<ExprText><![CDATA["%1"]]></ExprText>
<ExprTextDesc><![CDATA["PGI-DW"."Fact-Revenue"."CCRF Amt (Local)"]]></ExprTextDesc>
<ObjectRefList>
<RefObject refId="m00000031-01f4-0000-dc06-8a9a00000000-mc2741297-0c6f-1000-886d-0ac2424e0000" objectTypeId="2006" objectRef="/oracle/bi/server/base/LogicalTable/d77531f0-0c57-1000-ba5a-0ac2424e0000.xml#mc2741297-0c6f-1000-886d-0ac2424e0000"/>
</ObjectRefList>
</LogicalColumnExpr>
<Expr mdsid="m00000032-01f4-0000-d44f-98a700000000" name="Expr">
<ExprText><![CDATA["%1"]]></ExprText>
<ExprTextDesc><![CDATA["PRM_PRDHDATA"."PRDHDATA"."dbo"."F01 Sales 2012"."ccrf_amt_local"]]></ExprTextDesc>
<ObjectRefList>
<RefObject refId="m00000032-01f4-0000-d44f-98a700000000-ma2b712cc-0c6f-1000-886d-0ac2424e0000" objectTypeId="3003" objectRef="/oracle/bi/server/base/PhysicalTable/a2b71290-0c6f-1000-886d-0ac2424e0000.xml#ma2b712cc-0c6f-1000-886d-0ac2424e0000"/>
</ObjectRefList>
</Expr>
</ColumnMapping>
<ColumnMapping>
<LogicalColumnExpr mdsid="m00000033-01f4-0000-e030-c3db00000000" name="LogicalColumnExpr">
<ExprText><![CDATA["%1"]]></ExprText>
<ExprTextDesc><![CDATA["PGI-DW"."Fact-Revenue"."CCRF Amt (MAAP)"]]></ExprTextDesc>
<ObjectRefList>
<RefObject refId="m00000033-01f4-0000-e030-c3db00000000-mc2741298-0c6f-1000-886d-0ac2424e0000" objectTypeId="2006" objectRef="/oracle/bi/server/base/LogicalTable/d77531f0-0c57-1000-ba5a-0ac2424e0000.xml#mc2741298-0c6f-1000-886d-0ac2424e0000"/>
</ObjectRefList>
</LogicalColumnExpr>
<Expr mdsid="m00000034-01f4-0000-9800-28f300000000" name="Expr">
<ExprText><![CDATA["%1"]]></ExprText>
<ExprTextDesc><![CDATA["PRM_PRDHDATA"."PRDHDATA"."dbo"."F01 Sales 2012"."ccrf_amt_maap"]]></ExprTextDesc>
<ObjectRefList>
<RefObject refId="m00000034-01f4-0000-9800-28f300000000-ma2b712d2-0c6f-1000-886d-0ac2424e0000" objectTypeId="3003" objectRef="/oracle/bi/server/base/PhysicalTable/a2b71290-0c6f-1000-886d-0ac2424e0000.xml#ma2b712d2-0c6f-1000-886d-0ac2424e0000"/>
</ObjectRefList>
</Expr>
</ColumnMapping>
<ColumnMapping>
<LogicalColumnExpr mdsid="m00000035-01f4-0000-37be-ada500000000" name="LogicalColumnExpr">
<ExprText><![CDATA["%1"]]></ExprText>
<ExprTextDesc><![CDATA["PGI-DW"."Fact-Revenue"."CCRF Amt (USD)"]]></ExprTextDesc>
<ObjectRefList>
<RefObject refId="m00000035-01f4-0000-37be-ada500000000-mc2741299-0c6f-1000-886d-0ac2424e0000" objectTypeId="2006" objectRef="/oracle/bi/server/base/LogicalTable/d77531f0-0c57-1000-ba5a-0ac2424e0000.xml#mc2741299-0c6f-1000-886d-0ac2424e0000"/>
</ObjectRefList>
</LogicalColumnExpr>
<Expr mdsid="m00000036-01f4-0000-0af7-776900000000" name="Expr">
<ExprText><![CDATA["%1"]]></ExprText>
<ExprTextDesc><![CDATA["PRM_PRDHDATA"."PRDHDATA"."dbo"."F01 Sales 2012"."ccrf_amt_usd"]]></ExprTextDesc>
<ObjectRefList>
<RefObject refId="m00000036-01f4-0000-0af7-776900000000-ma2b712d1-0c6f-1000-886d-0ac2424e0000" objectTypeId="3003" objectRef="/oracle/bi/server/base/PhysicalTable/a2b71290-0c6f-1000-886d-0ac2424e0000.xml#ma2b712d1-0c6f-1000-886d-0ac2424e0000"/>
</ObjectRefList>
</Expr>
</ColumnMapping>
<ColumnMapping>
<LogicalColumnExpr mdsid="m00000037-01f4-0000-9ffd-7afa00000000" name="LogicalColumnExpr">
<ExprText><![CDATA["%1"]]></ExprText>
<ExprTextDesc><![CDATA["PGI-DW"."Fact-Revenue"."Rate (Local)"]]></ExprTextDesc>
<ObjectRefList>
<RefObject refId="m00000037-01f4-0000-9ffd-7afa00000000-mc27412b9-0c6f-1000-886d-0ac2424e0000" objectTypeId="2006" objectRef="/oracle/bi/server/base/LogicalTable/d77531f0-0c57-1000-ba5a-0ac2424e0000.xml#mc27412b9-0c6f-1000-886d-0ac2424e0000"/>
</ObjectRefList>
</LogicalColumnExpr>
<Expr mdsid="m00000038-01f4-0000-08b3-d5f100000000" name="Expr">
<ExprText><![CDATA["%1"]]></ExprText>
<ExprTextDesc><![CDATA["PRM_PRDHDATA"."PRDHDATA"."dbo"."F01 Sales 2012"."rate"]]></ExprTextDesc>
<ObjectRefList>
<RefObject refId="m00000038-01f4-0000-08b3-d5f100000000-ma2b712a4-0c6f-1000-886d-0ac2424e0000" objectTypeId="3003" objectRef="/oracle/bi/server/base/PhysicalTable/a2b71290-0c6f-1000-886d-0ac2424e0000.xml#ma2b712a4-0c6f-1000-886d-0ac2424e0000"/>
</ObjectRefList>
</Expr>
</ColumnMapping>
<ColumnMapping>
<LogicalColumnExpr mdsid="m00000039-01f4-0000-0181-90d900000000" name="LogicalColumnExpr">
<ExprText><![CDATA["%1"]]></ExprText>
<ExprTextDesc><![CDATA["PGI-DW"."Fact-Revenue"."Unique Conf ID"]]></ExprTextDesc>
<ObjectRefList>
<RefObject refId="m00000039-01f4-0000-0181-90d900000000-mc27412cf-0c6f-1000-886d-0ac2424e0000" objectTypeId="2006" objectRef="/oracle/bi/server/base/LogicalTable/d77531f0-0c57-1000-ba5a-0ac2424e0000.xml#mc27412cf-0c6f-1000-886d-0ac2424e0000"/>
</ObjectRefList>
</LogicalColumnExpr>
<Expr mdsid="m0000003a-01f4-0000-5665-bdba00000000" name="Expr">
<ExprText><![CDATA["%1"]]></ExprText>
<ExprTextDesc><![CDATA["PRM_PRDHDATA"."PRDHDATA"."dbo"."F01 Sales 2012"."unique_conf_id"]]></ExprTextDesc>
<ObjectRefList>
<RefObject refId="m0000003a-01f4-0000-5665-bdba00000000-ma2b712c8-0c6f-1000-886d-0ac2424e0000" objectTypeId="3003" objectRef="/oracle/bi/server/base/PhysicalTable/a2b71290-0c6f-1000-886d-0ac2424e0000.xml#ma2b712c8-0c6f-1000-886d-0ac2424e0000"/>
</ObjectRefList>
</Expr>
</ColumnMapping>
<ColumnMapping>
<LogicalColumnExpr mdsid="m0000003b-01f4-0000-319d-d6d900000000" name="LogicalColumnExpr">
<ExprText><![CDATA["%1"]]></ExprText>
<ExprTextDesc><![CDATA["PGI-DW"."Fact-Revenue"."USF Amt (Local)"]]></ExprTextDesc>
<ObjectRefList>
<RefObject refId="m0000003b-01f4-0000-319d-d6d900000000-mc27412d1-0c6f-1000-886d-0ac2424e0000" objectTypeId="2006" objectRef="/oracle/bi/server/base/LogicalTable/d77531f0-0c57-1000-ba5a-0ac2424e0000.xml#mc27412d1-0c6f-1000-886d-0ac2424e0000"/>
</ObjectRefList>
</LogicalColumnExpr>
<Expr mdsid="m0000003c-01f4-0000-a5e4-41c600000000" name="Expr">
<ExprText><![CDATA["%1"]]></ExprText>
<ExprTextDesc><![CDATA["PRM_PRDHDATA"."PRDHDATA"."dbo"."F01 Sales 2012"."usf_amt_local"]]></ExprTextDesc>
<ObjectRefList>
<RefObject refId="m0000003c-01f4-0000-a5e4-41c600000000-ma2b712cb-0c6f-1000-886d-0ac2424e0000" objectTypeId="3003" objectRef="/oracle/bi/server/base/PhysicalTable/a2b71290-0c6f-1000-886d-0ac2424e0000.xml#ma2b712cb-0c6f-1000-886d-0ac2424e0000"/>
</ObjectRefList>
</Expr>
</ColumnMapping>
<ColumnMapping>
<LogicalColumnExpr mdsid="m0000003d-01f4-0000-c3c5-5cfb00000000" name="LogicalColumnExpr">
<ExprText><![CDATA["%1"]]></ExprText>
<ExprTextDesc><![CDATA["PGI-DW"."Fact-Revenue"."USF Amt (MAAP)"]]></ExprTextDesc>
<ObjectRefList>
<RefObject refId="m0000003d-01f4-0000-c3c5-5cfb00000000-mc27412d2-0c6f-1000-886d-0ac2424e0000" objectTypeId="2006" objectRef="/oracle/bi/server/base/LogicalTable/d77531f0-0c57-1000-ba5a-0ac2424e0000.xml#mc27412d2-0c6f-1000-886d-0ac2424e0000"/>
</ObjectRefList>
</LogicalColumnExpr>
<Expr mdsid="m0000003e-01f4-0000-0e34-079800000000" name="Expr">
<ExprText><![CDATA["%1"]]></ExprText>
<ExprTextDesc><![CDATA["PRM_PRDHDATA"."PRDHDATA"."dbo"."F01 Sales 2012"."usf_amt_maap"]]></ExprTextDesc>
<ObjectRefList>
<RefObject refId="m0000003e-01f4-0000-0e34-079800000000-ma2b712d0-0c6f-1000-886d-0ac2424e0000" objectTypeId="3003" objectRef="/oracle/bi/server/base/PhysicalTable/a2b71290-0c6f-1000-886d-0ac2424e0000.xml#ma2b712d0-0c6f-1000-886d-0ac2424e0000"/>
</ObjectRefList>
</Expr>
</ColumnMapping>
<ColumnMapping>
<LogicalColumnExpr mdsid="m0000003f-01f4-0000-75b7-f5a100000000" name="LogicalColumnExpr">
<ExprText><![CDATA["%1"]]></ExprText>
<ExprTextDesc><![CDATA["PGI-DW"."Fact-Revenue"."USF Amt (USD)"]]></ExprTextDesc>
<ObjectRefList>
<RefObject refId="m0000003f-01f4-0000-75b7-f5a100000000-mc27412d3-0c6f-1000-886d-0ac2424e0000" objectTypeId="2006" objectRef="/oracle/bi/server/base/LogicalTable/d77531f0-0c57-1000-ba5a-0ac2424e0000.xml#mc27412d3-0c6f-1000-886d-0ac2424e0000"/>
</ObjectRefList>
</LogicalColumnExpr>
<Expr mdsid="m00000040-01f4-0000-0e3a-7cf800000000" name="Expr">
<ExprText><![CDATA["%1"]]></ExprText>
<ExprTextDesc><![CDATA["PRM_PRDHDATA"."PRDHDATA"."dbo"."F01 Sales 2012"."usf_amt_usd"]]></ExprTextDesc>
<ObjectRefList>
<RefObject refId="m00000040-01f4-0000-0e3a-7cf800000000-ma2b712cf-0c6f-1000-886d-0ac2424e0000" objectTypeId="3003" objectRef="/oracle/bi/server/base/PhysicalTable/a2b71290-0c6f-1000-886d-0ac2424e0000.xml#ma2b712cf-0c6f-1000-886d-0ac2424e0000"/>
</ObjectRefList>
</Expr>
</ColumnMapping>
<ColumnMapping>
<LogicalColumnExpr mdsid="m00000041-01f4-0000-eb73-474300000000" name="LogicalColumnExpr">
<ExprText><![CDATA["%1"]]></ExprText>
<ExprTextDesc><![CDATA["PGI-DW"."Fact-Revenue"."gl_dt_key"]]></ExprTextDesc>
<ObjectRefList>
<RefObject refId="m00000041-01f4-0000-eb73-474300000000-m80000016-a81c-14f4-8029-0ac242490000" objectTypeId="2006" objectRef="/oracle/bi/server/base/LogicalTable/d77531f0-0c57-1000-ba5a-0ac2424e0000.xml#m80000016-a81c-14f4-8029-0ac242490000"/>
</ObjectRefList>
</LogicalColumnExpr>
<Expr mdsid="m00000042-01f4-0000-ee14-c31a00000000" name="Expr">
<ExprText><![CDATA["%1"]]></ExprText>
<ExprTextDesc><![CDATA["PRM_PRDHDATA"."PRDHDATA"."dbo"."F01 Sales 2012"."gl_dt_key"]]></ExprTextDesc>
<ObjectRefList>
<RefObject refId="m00000042-01f4-0000-ee14-c31a00000000-ma2b71297-0c6f-1000-886d-0ac2424e0000" objectTypeId="3003" objectRef="/oracle/bi/server/base/PhysicalTable/a2b71290-0c6f-1000-886d-0ac2424e0000.xml#ma2b71297-0c6f-1000-886d-0ac2424e0000"/>
</ObjectRefList>
</Expr>
</ColumnMapping>
<Link startNodeTableRef="/oracle/bi/server/base/PhysicalTable/a2b71290-0c6f-1000-886d-0ac2424e0000.xml#ma2b71290-0c6f-1000-886d-0ac2424e0000">
</Link>
<WhereClause mdsid="m00000043-01f4-0000-4d87-699300000000" name="WhereClause">
<ExprText></ExprText>
<ExprTextDesc></ExprTextDesc>
</WhereClause>
<GroupBy mdsid="m00000044-01f4-0000-431a-038500000000" name="GroupBy">
<ExprText></ExprText>
<ExprTextDesc></ExprTextDesc>
</GroupBy>
<FragmentContent mdsid="m00000045-01f4-0000-0109-e12e00000000" name="FragmentContent">
<ExprText><![CDATA["%1" = 2012]]></ExprText>
<ExprTextDesc><![CDATA["PGI-DW"."GL Date"."Year Number" = 2012]]></ExprTextDesc>
<ObjectRefList>
<RefObject refId="m00000045-01f4-0000-0109-e12e00000000-m46918fc2-0c58-1000-ba5a-0ac2424e0000" objectTypeId="2006" objectRef="/oracle/bi/server/base/LogicalTable/d50654d0-0c57-1000-ba5a-0ac2424e0000.xml#m46918fc2-0c58-1000-ba5a-0ac2424e0000"/>
</ObjectRefList>
</FragmentContent>
</LogicalTableSource>