<?xml version="1.0" encoding="UTF-8" ?>
<LogicalTableSource mdsid="md616b367-0c57-1000-ba5a-0ac2424e0000" name="D04 Call Origin" xmlns:xsi="http://www.w3.org/2001/XMLSchema-instance" xmlns="http://www.oracle.com/obis/repository" isActive="true" logicalTableRef="/oracle/bi/server/base/LogicalTable/d5693550-0c57-1000-ba5a-0ac2424e0000.xml#md5693550-0c57-1000-ba5a-0ac2424e0000">
<ColumnMapping>
<LogicalColumnExpr mdsid="m00000001-01f4-0000-2c50-726700000000" name="LogicalColumnExpr">
<ExprText><![CDATA["%1"]]></ExprText>
<ExprTextDesc><![CDATA["PGI-DW"."Call Origin"."Country Key"]]></ExprTextDesc>
<ObjectRefList>
<RefObject refId="m00000001-01f4-0000-2c50-726700000000-md616b364-0c57-1000-ba5a-0ac2424e0000" objectTypeId="2006" objectRef="/oracle/bi/server/base/LogicalTable/d5693550-0c57-1000-ba5a-0ac2424e0000.xml#md616b364-0c57-1000-ba5a-0ac2424e0000"/>
</ObjectRefList>
</LogicalColumnExpr>
<Expr mdsid="m00000002-01f4-0000-3849-8eca00000000" name="Expr">
<ExprText><![CDATA["%1"]]></ExprText>
<ExprTextDesc><![CDATA["PRM_PRDHDATA"."PRDHDATA"."dbo"."D04 Call Origin"."cntry_key"]]></ExprTextDesc>
<ObjectRefList>
<RefObject refId="m00000002-01f4-0000-3849-8eca00000000-m3441ecb1-0c2c-1000-ae5d-0ac2424e0000" objectTypeId="3003" objectRef="/oracle/bi/server/base/PhysicalTable/3441ecb0-0c2c-1000-ae5d-0ac2424e0000.xml#m3441ecb1-0c2c-1000-ae5d-0ac2424e0000"/>
</ObjectRefList>
</Expr>
</ColumnMapping>
<ColumnMapping>
<LogicalColumnExpr mdsid="m00000003-01f4-0000-768f-2d9900000000" name="LogicalColumnExpr">
<ExprText><![CDATA["%1"]]></ExprText>
<ExprTextDesc><![CDATA["PGI-DW"."Call Origin"."Call Origin"]]></ExprTextDesc>
<ObjectRefList>
<RefObject refId="m00000003-01f4-0000-768f-2d9900000000-md61a0ec2-0c57-1000-ba5a-0ac2424e0000" objectTypeId="2006" objectRef="/oracle/bi/server/base/LogicalTable/d5693550-0c57-1000-ba5a-0ac2424e0000.xml#md61a0ec2-0c57-1000-ba5a-0ac2424e0000"/>
</ObjectRefList>
</LogicalColumnExpr>
<Expr mdsid="m00000004-01f4-0000-b3f8-774100000000" name="Expr">
<ExprText><![CDATA["%1"]]></ExprText>
<ExprTextDesc><![CDATA["PRM_PRDHDATA"."PRDHDATA"."dbo"."D04 Call Origin"."cntry_cd_display"]]></ExprTextDesc>
<ObjectRefList>
<RefObject refId="m00000004-01f4-0000-b3f8-774100000000-mf33660b1-0cae-1000-bd59-0ac2424e0000" objectTypeId="3003" objectRef="/oracle/bi/server/base/PhysicalTable/3441ecb0-0c2c-1000-ae5d-0ac2424e0000.xml#mf33660b1-0cae-1000-bd59-0ac2424e0000"/>
</ObjectRefList>
</Expr>
</ColumnMapping>
<ColumnMapping>
<LogicalColumnExpr mdsid="m00000005-01f4-0000-3d03-935e00000000" name="LogicalColumnExpr">
<ExprText><![CDATA["%1"]]></ExprText>
<ExprTextDesc><![CDATA["PGI-DW"."Call Origin"."Level 1 Key"]]></ExprTextDesc>
<ObjectRefList>
<RefObject refId="m00000005-01f4-0000-3d03-935e00000000-md61c7fc2-0c57-1000-ba5a-0ac2424e0000" objectTypeId="2006" objectRef="/oracle/bi/server/base/LogicalTable/d5693550-0c57-1000-ba5a-0ac2424e0000.xml#md61c7fc2-0c57-1000-ba5a-0ac2424e0000"/>
</ObjectRefList>
</LogicalColumnExpr>
<Expr mdsid="m00000006-01f4-0000-66c2-708200000000" name="Expr">
<ExprText><![CDATA["%1"]]></ExprText>
<ExprTextDesc><![CDATA["PRM_PRDHDATA"."PRDHDATA"."dbo"."D04 Call Origin"."cntry_gen01_cd"]]></ExprTextDesc>
<ObjectRefList>
<RefObject refId="m00000006-01f4-0000-66c2-708200000000-m3441ecb6-0c2c-1000-ae5d-0ac2424e0000" objectTypeId="3003" objectRef="/oracle/bi/server/base/PhysicalTable/3441ecb0-0c2c-1000-ae5d-0ac2424e0000.xml#m3441ecb6-0c2c-1000-ae5d-0ac2424e0000"/>
</ObjectRefList>
</Expr>
</ColumnMapping>
<ColumnMapping>
<LogicalColumnExpr mdsid="m00000007-01f4-0000-6242-ce7600000000" name="LogicalColumnExpr">
<ExprText><![CDATA["%1"]]></ExprText>
<ExprTextDesc><![CDATA["PGI-DW"."Call Origin"."Region"]]></ExprTextDesc>
<ObjectRefList>
<RefObject refId="m00000007-01f4-0000-6242-ce7600000000-md61ddf51-0c57-1000-ba5a-0ac2424e0000" objectTypeId="2006" objectRef="/oracle/bi/server/base/LogicalTable/d5693550-0c57-1000-ba5a-0ac2424e0000.xml#md61ddf51-0c57-1000-ba5a-0ac2424e0000"/>
</ObjectRefList>
</LogicalColumnExpr>
<Expr mdsid="m00000008-01f4-0000-8b14-584f00000000" name="Expr">
<ExprText><![CDATA["%1"]]></ExprText>
<ExprTextDesc><![CDATA["PRM_PRDHDATA"."PRDHDATA"."dbo"."D04 Call Origin"."cntry_gen02_cd"]]></ExprTextDesc>
<ObjectRefList>
<RefObject refId="m00000008-01f4-0000-8b14-584f00000000-m3441ecb8-0c2c-1000-ae5d-0ac2424e0000" objectTypeId="3003" objectRef="/oracle/bi/server/base/PhysicalTable/3441ecb0-0c2c-1000-ae5d-0ac2424e0000.xml#m3441ecb8-0c2c-1000-ae5d-0ac2424e0000"/>
</ObjectRefList>
</Expr>
</ColumnMapping>
<ColumnMapping>
<LogicalColumnExpr mdsid="m00000009-01f4-0000-a190-484b00000000" name="LogicalColumnExpr">
<ExprText><![CDATA["%1"]]></ExprText>
<ExprTextDesc><![CDATA["PGI-DW"."Call Origin"."Continent"]]></ExprTextDesc>
<ObjectRefList>
<RefObject refId="m00000009-01f4-0000-a190-484b00000000-md61f3ee2-0c57-1000-ba5a-0ac2424e0000" objectTypeId="2006" objectRef="/oracle/bi/server/base/LogicalTable/d5693550-0c57-1000-ba5a-0ac2424e0000.xml#md61f3ee2-0c57-1000-ba5a-0ac2424e0000"/>
</ObjectRefList>
</LogicalColumnExpr>
<Expr mdsid="m0000000a-01f4-0000-82e4-47db00000000" name="Expr">
<ExprText><![CDATA["%1"]]></ExprText>
<ExprTextDesc><![CDATA["PRM_PRDHDATA"."PRDHDATA"."dbo"."D04 Call Origin"."cntry_gen03_cd"]]></ExprTextDesc>
<ObjectRefList>
<RefObject refId="m0000000a-01f4-0000-82e4-47db00000000-m3441ecba-0c2c-1000-ae5d-0ac2424e0000" objectTypeId="3003" objectRef="/oracle/bi/server/base/PhysicalTable/3441ecb0-0c2c-1000-ae5d-0ac2424e0000.xml#m3441ecba-0c2c-1000-ae5d-0ac2424e0000"/>
</ObjectRefList>
</Expr>
</ColumnMapping>
<Link startNodeTableRef="/oracle/bi/server/base/PhysicalTable/3441ecb0-0c2c-1000-ae5d-0ac2424e0000.xml#m3441ecb0-0c2c-1000-ae5d-0ac2424e0000">
</Link>
<WhereClause mdsid="m0000000b-01f4-0000-261d-193400000000" name="WhereClause">
<ExprText></ExprText>
<ExprTextDesc></ExprTextDesc>
</WhereClause>
<GroupBy mdsid="m0000000c-01f4-0000-7bee-876300000000" name="GroupBy">
<ExprText></ExprText>
<ExprTextDesc></ExprTextDesc>
</GroupBy>
<FragmentContent mdsid="m0000000d-01f4-0000-c2a4-9da100000000" name="FragmentContent">
<ExprText></ExprText>
<ExprTextDesc></ExprTextDesc>
</FragmentContent>
</LogicalTableSource>