<?xml version="1.0" encoding="UTF-8" ?>
<LogicalTableSource mdsid="me2a08a27-0c57-1000-ba5a-0ac2424e0000" name="D19 UOM" xmlns:xsi="http://www.w3.org/2001/XMLSchema-instance" xmlns="http://www.oracle.com/obis/repository" isActive="true" logicalTableRef="/oracle/bi/server/base/LogicalTable/e299d360-0c57-1000-ba5a-0ac2424e0000.xml#me299d360-0c57-1000-ba5a-0ac2424e0000">
<ColumnMapping>
<LogicalColumnExpr mdsid="m00000001-01f4-0000-4f10-c0f200000000" name="LogicalColumnExpr">
<ExprText><![CDATA["%1"]]></ExprText>
<ExprTextDesc><![CDATA["PGI-DW"."UOM"."UOM Key"]]></ExprTextDesc>
<ObjectRefList>
<RefObject refId="m00000001-01f4-0000-4f10-c0f200000000-me2a08a24-0c57-1000-ba5a-0ac2424e0000" objectTypeId="2006" objectRef="/oracle/bi/server/base/LogicalTable/e299d360-0c57-1000-ba5a-0ac2424e0000.xml#me2a08a24-0c57-1000-ba5a-0ac2424e0000"/>
</ObjectRefList>
</LogicalColumnExpr>
<Expr mdsid="m00000002-01f4-0000-610c-85c900000000" name="Expr">
<ExprText><![CDATA["%1"]]></ExprText>
<ExprTextDesc><![CDATA["PRM_PRDHDATA"."PRDHDATA"."dbo"."D19 UOM"."uom_key"]]></ExprTextDesc>
<ObjectRefList>
<RefObject refId="m00000002-01f4-0000-610c-85c900000000-m34892ee1-0c2c-1000-ae5d-0ac2424e0000" objectTypeId="3003" objectRef="/oracle/bi/server/base/PhysicalTable/34892ee0-0c2c-1000-ae5d-0ac2424e0000.xml#m34892ee1-0c2c-1000-ae5d-0ac2424e0000"/>
</ObjectRefList>
</Expr>
</ColumnMapping>
<ColumnMapping>
<LogicalColumnExpr mdsid="m00000003-01f4-0000-2ba8-d99900000000" name="LogicalColumnExpr">
<ExprText><![CDATA["%1"]]></ExprText>
<ExprTextDesc><![CDATA["PGI-DW"."UOM"."UOM"]]></ExprTextDesc>
<ObjectRefList>
<RefObject refId="m00000003-01f4-0000-2ba8-d99900000000-me2b17a12-0c57-1000-ba5a-0ac2424e0000" objectTypeId="2006" objectRef="/oracle/bi/server/base/LogicalTable/e299d360-0c57-1000-ba5a-0ac2424e0000.xml#me2b17a12-0c57-1000-ba5a-0ac2424e0000"/>
</ObjectRefList>
</LogicalColumnExpr>
<Expr mdsid="m00000004-01f4-0000-4d62-455c00000000" name="Expr">
<ExprText><![CDATA["%1"]]></ExprText>
<ExprTextDesc><![CDATA["PRM_PRDHDATA"."PRDHDATA"."dbo"."D19 UOM"."uom_cd"]]></ExprTextDesc>
<ObjectRefList>
<RefObject refId="m00000004-01f4-0000-4d62-455c00000000-m34892ee3-0c2c-1000-ae5d-0ac2424e0000" objectTypeId="3003" objectRef="/oracle/bi/server/base/PhysicalTable/34892ee0-0c2c-1000-ae5d-0ac2424e0000.xml#m34892ee3-0c2c-1000-ae5d-0ac2424e0000"/>
</ObjectRefList>
</Expr>
</ColumnMapping>
<ColumnMapping>
<LogicalColumnExpr mdsid="m00000005-01f4-0000-a4ff-ae9d00000000" name="LogicalColumnExpr">
<ExprText><![CDATA["%1"]]></ExprText>
<ExprTextDesc><![CDATA["PGI-DW"."UOM"."UOM Type"]]></ExprTextDesc>
<ObjectRefList>
<RefObject refId="m00000005-01f4-0000-a4ff-ae9d00000000-me2b7e2b2-0c57-1000-ba5a-0ac2424e0000" objectTypeId="2006" objectRef="/oracle/bi/server/base/LogicalTable/e299d360-0c57-1000-ba5a-0ac2424e0000.xml#me2b7e2b2-0c57-1000-ba5a-0ac2424e0000"/>
</ObjectRefList>
</LogicalColumnExpr>
<Expr mdsid="m00000006-01f4-0000-0df8-13da00000000" name="Expr">
<ExprText><![CDATA["%1"]]></ExprText>
<ExprTextDesc><![CDATA["PRM_PRDHDATA"."PRDHDATA"."dbo"."D19 UOM"."uom_gen01_cd"]]></ExprTextDesc>
<ObjectRefList>
<RefObject refId="m00000006-01f4-0000-0df8-13da00000000-m34892ee6-0c2c-1000-ae5d-0ac2424e0000" objectTypeId="3003" objectRef="/oracle/bi/server/base/PhysicalTable/34892ee0-0c2c-1000-ae5d-0ac2424e0000.xml#m34892ee6-0c2c-1000-ae5d-0ac2424e0000"/>
</ObjectRefList>
</Expr>
</ColumnMapping>
<Link startNodeTableRef="/oracle/bi/server/base/PhysicalTable/34892ee0-0c2c-1000-ae5d-0ac2424e0000.xml#m34892ee0-0c2c-1000-ae5d-0ac2424e0000">
</Link>
<WhereClause mdsid="m00000007-01f4-0000-0488-536700000000" name="WhereClause">
<ExprText></ExprText>
<ExprTextDesc></ExprTextDesc>
</WhereClause>
<GroupBy mdsid="m00000008-01f4-0000-b09c-cf5e00000000" name="GroupBy">
<ExprText></ExprText>
<ExprTextDesc></ExprTextDesc>
</GroupBy>
<FragmentContent mdsid="m00000009-01f4-0000-77fc-552700000000" name="FragmentContent">
<ExprText></ExprText>
<ExprTextDesc></ExprTextDesc>
</FragmentContent>
</LogicalTableSource>