<?xml version="1.0" encoding="UTF-8" ?>
<LogicalTableSource mdsid="me31ee1e7-0c57-1000-ba5a-0ac2424e0000" name="D07 Currency" xmlns:xsi="http://www.w3.org/2001/XMLSchema-instance" xmlns="http://www.oracle.com/obis/repository" isActive="true" logicalTableRef="/oracle/bi/server/base/LogicalTable/e31bfbb0-0c57-1000-ba5a-0ac2424e0000.xml#me31bfbb0-0c57-1000-ba5a-0ac2424e0000">
<ColumnMapping>
<LogicalColumnExpr mdsid="m00000001-01f4-0000-600e-f2ab00000000" name="LogicalColumnExpr">
<ExprText><![CDATA["%1"]]></ExprText>
<ExprTextDesc><![CDATA["PGI-DW"."Trans Cur"."Currency Key"]]></ExprTextDesc>
<ObjectRefList>
<RefObject refId="m00000001-01f4-0000-600e-f2ab00000000-me31ee1e4-0c57-1000-ba5a-0ac2424e0000" objectTypeId="2006" objectRef="/oracle/bi/server/base/LogicalTable/e31bfbb0-0c57-1000-ba5a-0ac2424e0000.xml#me31ee1e4-0c57-1000-ba5a-0ac2424e0000"/>
</ObjectRefList>
</LogicalColumnExpr>
<Expr mdsid="m00000002-01f4-0000-8e9d-ffec00000000" name="Expr">
<ExprText><![CDATA["%1"]]></ExprText>
<ExprTextDesc><![CDATA["PRM_PRDHDATA"."PRDHDATA"."dbo"."D07 Currency"."currency_key"]]></ExprTextDesc>
<ObjectRefList>
<RefObject refId="m00000002-01f4-0000-8e9d-ffec00000000-m3448f191-0c2c-1000-ae5d-0ac2424e0000" objectTypeId="3003" objectRef="/oracle/bi/server/base/PhysicalTable/3448f190-0c2c-1000-ae5d-0ac2424e0000.xml#m3448f191-0c2c-1000-ae5d-0ac2424e0000"/>
</ObjectRefList>
</Expr>
</ColumnMapping>
<ColumnMapping>
<LogicalColumnExpr mdsid="m00000003-01f4-0000-6c90-5dd900000000" name="LogicalColumnExpr">
<ExprText><![CDATA["%1"]]></ExprText>
<ExprTextDesc><![CDATA["PGI-DW"."Trans Cur"."Currency"]]></ExprTextDesc>
<ObjectRefList>
<RefObject refId="m00000003-01f4-0000-6c90-5dd900000000-me31ff350-0c57-1000-ba5a-0ac2424e0000" objectTypeId="2006" objectRef="/oracle/bi/server/base/LogicalTable/e31bfbb0-0c57-1000-ba5a-0ac2424e0000.xml#me31ff350-0c57-1000-ba5a-0ac2424e0000"/>
</ObjectRefList>
</LogicalColumnExpr>
<Expr mdsid="m00000004-01f4-0000-bb7e-c6f800000000" name="Expr">
<ExprText><![CDATA["%1"]]></ExprText>
<ExprTextDesc><![CDATA["PRM_PRDHDATA"."PRDHDATA"."dbo"."D07 Currency"."currency_cd"]]></ExprTextDesc>
<ObjectRefList>
<RefObject refId="m00000004-01f4-0000-bb7e-c6f800000000-m3448f193-0c2c-1000-ae5d-0ac2424e0000" objectTypeId="3003" objectRef="/oracle/bi/server/base/PhysicalTable/3448f190-0c2c-1000-ae5d-0ac2424e0000.xml#m3448f193-0c2c-1000-ae5d-0ac2424e0000"/>
</ObjectRefList>
</Expr>
</ColumnMapping>
<Link startNodeTableRef="/oracle/bi/server/base/PhysicalTable/3448f190-0c2c-1000-ae5d-0ac2424e0000.xml#m3448f190-0c2c-1000-ae5d-0ac2424e0000">
</Link>
<WhereClause mdsid="m00000005-01f4-0000-63f2-2a5a00000000" name="WhereClause">
<ExprText></ExprText>
<ExprTextDesc></ExprTextDesc>
</WhereClause>
<GroupBy mdsid="m00000006-01f4-0000-b049-fa3500000000" name="GroupBy">
<ExprText></ExprText>
<ExprTextDesc></ExprTextDesc>
</GroupBy>
<FragmentContent mdsid="m00000007-01f4-0000-8a2a-02e400000000" name="FragmentContent">
<ExprText></ExprText>
<ExprTextDesc></ExprTextDesc>
</FragmentContent>
</LogicalTableSource>