<?xml version="1.0" encoding="UTF-8" ?>
<LogicalTableSource mdsid="me580463f-0c61-1000-8029-0ac2424e0000" name="D22 GL Dept" xmlns:xsi="http://www.w3.org/2001/XMLSchema-instance" xmlns="http://www.oracle.com/obis/repository" isActive="true" logicalTableRef="/oracle/bi/server/base/LogicalTable/e578a4d0-0c61-1000-8029-0ac2424e0000.xml#me578a4d0-0c61-1000-8029-0ac2424e0000">
<ColumnMapping>
<LogicalColumnExpr mdsid="m00000001-01f4-0000-e22c-6feb00000000" name="LogicalColumnExpr">
<ExprText><![CDATA["%1"]]></ExprText>
<ExprTextDesc><![CDATA["PGI-DW"."GL Dept"."GL Dept Group"]]></ExprTextDesc>
<ObjectRefList>
<RefObject refId="m00000001-01f4-0000-e22c-6feb00000000-mecee6f10-0c61-1000-8029-0ac2424e0000" objectTypeId="2006" objectRef="/oracle/bi/server/base/LogicalTable/e578a4d0-0c61-1000-8029-0ac2424e0000.xml#mecee6f10-0c61-1000-8029-0ac2424e0000"/>
</ObjectRefList>
</LogicalColumnExpr>
<Expr mdsid="m00000002-01f4-0000-4995-fe8f00000000" name="Expr">
<ExprText><![CDATA["%1"]]></ExprText>
<ExprTextDesc><![CDATA["PRM_PRDHDATA"."PRDHDATA"."dbo"."D22 GL Dept"."gl_dept_std_gen01_cd"]]></ExprTextDesc>
<ObjectRefList>
<RefObject refId="m00000002-01f4-0000-4995-fe8f00000000-md2b0e9c1-0c70-1000-8029-0ac2424e0000" objectTypeId="3003" objectRef="/oracle/bi/server/base/PhysicalTable/9657a2a0-0c2c-1000-ae5d-0ac2424e0000.xml#md2b0e9c1-0c70-1000-8029-0ac2424e0000"/>
</ObjectRefList>
</Expr>
</ColumnMapping>
<ColumnMapping>
<LogicalColumnExpr mdsid="m00000003-01f4-0000-4252-8ba700000000" name="LogicalColumnExpr">
<ExprText><![CDATA["%1"]]></ExprText>
<ExprTextDesc><![CDATA["PGI-DW"."GL Dept"."GL Dept Function"]]></ExprTextDesc>
<ObjectRefList>
<RefObject refId="m00000003-01f4-0000-4252-8ba700000000-mecee6f11-0c61-1000-8029-0ac2424e0000" objectTypeId="2006" objectRef="/oracle/bi/server/base/LogicalTable/e578a4d0-0c61-1000-8029-0ac2424e0000.xml#mecee6f11-0c61-1000-8029-0ac2424e0000"/>
</ObjectRefList>
</LogicalColumnExpr>
<Expr mdsid="m00000004-01f4-0000-5af9-42f400000000" name="Expr">
<ExprText><![CDATA["%1"]]></ExprText>
<ExprTextDesc><![CDATA["PRM_PRDHDATA"."PRDHDATA"."dbo"."D22 GL Dept"."gl_dept_std_gen02_cd"]]></ExprTextDesc>
<ObjectRefList>
<RefObject refId="m00000004-01f4-0000-5af9-42f400000000-md2b0e9c3-0c70-1000-8029-0ac2424e0000" objectTypeId="3003" objectRef="/oracle/bi/server/base/PhysicalTable/9657a2a0-0c2c-1000-ae5d-0ac2424e0000.xml#md2b0e9c3-0c70-1000-8029-0ac2424e0000"/>
</ObjectRefList>
</Expr>
</ColumnMapping>
<ColumnMapping>
<LogicalColumnExpr mdsid="m00000005-01f4-0000-0a3b-0e2100000000" name="LogicalColumnExpr">
<ExprText><![CDATA["%1"]]></ExprText>
<ExprTextDesc><![CDATA["PGI-DW"."GL Dept"."GL Dept Name"]]></ExprTextDesc>
<ObjectRefList>
<RefObject refId="m00000005-01f4-0000-0a3b-0e2100000000-mecee6f12-0c61-1000-8029-0ac2424e0000" objectTypeId="2006" objectRef="/oracle/bi/server/base/LogicalTable/e578a4d0-0c61-1000-8029-0ac2424e0000.xml#mecee6f12-0c61-1000-8029-0ac2424e0000"/>
</ObjectRefList>
</LogicalColumnExpr>
<Expr mdsid="m00000006-01f4-0000-3aff-cd5600000000" name="Expr">
<ExprText><![CDATA["%1"]]></ExprText>
<ExprTextDesc><![CDATA["PRM_PRDHDATA"."PRDHDATA"."dbo"."D22 GL Dept"."gl_dept_sd"]]></ExprTextDesc>
<ObjectRefList>
<RefObject refId="m00000006-01f4-0000-3aff-cd5600000000-m9657a2a4-0c2c-1000-ae5d-0ac2424e0000" objectTypeId="3003" objectRef="/oracle/bi/server/base/PhysicalTable/9657a2a0-0c2c-1000-ae5d-0ac2424e0000.xml#m9657a2a4-0c2c-1000-ae5d-0ac2424e0000"/>
</ObjectRefList>
</Expr>
</ColumnMapping>
<ColumnMapping>
<LogicalColumnExpr mdsid="m00000007-01f4-0000-783c-3de700000000" name="LogicalColumnExpr">
<ExprText><![CDATA["%1"]]></ExprText>
<ExprTextDesc><![CDATA["PGI-DW"."GL Dept"."GL Dept Num"]]></ExprTextDesc>
<ObjectRefList>
<RefObject refId="m00000007-01f4-0000-783c-3de700000000-mecf4b0a3-0c61-1000-8029-0ac2424e0000" objectTypeId="2006" objectRef="/oracle/bi/server/base/LogicalTable/e578a4d0-0c61-1000-8029-0ac2424e0000.xml#mecf4b0a3-0c61-1000-8029-0ac2424e0000"/>
</ObjectRefList>
</LogicalColumnExpr>
<Expr mdsid="m00000008-01f4-0000-ece1-6cfc00000000" name="Expr">
<ExprText><![CDATA["%1"]]></ExprText>
<ExprTextDesc><![CDATA["PRM_PRDHDATA"."PRDHDATA"."dbo"."D22 GL Dept"."gl_dept_cd"]]></ExprTextDesc>
<ObjectRefList>
<RefObject refId="m00000008-01f4-0000-ece1-6cfc00000000-m9657a2a3-0c2c-1000-ae5d-0ac2424e0000" objectTypeId="3003" objectRef="/oracle/bi/server/base/PhysicalTable/9657a2a0-0c2c-1000-ae5d-0ac2424e0000.xml#m9657a2a3-0c2c-1000-ae5d-0ac2424e0000"/>
</ObjectRefList>
</Expr>
</ColumnMapping>
<ColumnMapping>
<LogicalColumnExpr mdsid="m00000009-01f4-0000-a15e-ecaa00000000" name="LogicalColumnExpr">
<ExprText><![CDATA["%1"]]></ExprText>
<ExprTextDesc><![CDATA["PGI-DW"."GL Dept"."GL Dept Key"]]></ExprTextDesc>
<ObjectRefList>
<RefObject refId="m00000009-01f4-0000-a15e-ecaa00000000-med181723-0c61-1000-8029-0ac2424e0000" objectTypeId="2006" objectRef="/oracle/bi/server/base/LogicalTable/e578a4d0-0c61-1000-8029-0ac2424e0000.xml#med181723-0c61-1000-8029-0ac2424e0000"/>
</ObjectRefList>
</LogicalColumnExpr>
<Expr mdsid="m0000000a-01f4-0000-a418-f87e00000000" name="Expr">
<ExprText><![CDATA["%1"]]></ExprText>
<ExprTextDesc><![CDATA["PRM_PRDHDATA"."PRDHDATA"."dbo"."D22 GL Dept"."gl_dept_key"]]></ExprTextDesc>
<ObjectRefList>
<RefObject refId="m0000000a-01f4-0000-a418-f87e00000000-m9657a2a1-0c2c-1000-ae5d-0ac2424e0000" objectTypeId="3003" objectRef="/oracle/bi/server/base/PhysicalTable/9657a2a0-0c2c-1000-ae5d-0ac2424e0000.xml#m9657a2a1-0c2c-1000-ae5d-0ac2424e0000"/>
</ObjectRefList>
</Expr>
</ColumnMapping>
<Link startNodeTableRef="/oracle/bi/server/base/PhysicalTable/9657a2a0-0c2c-1000-ae5d-0ac2424e0000.xml#m9657a2a0-0c2c-1000-ae5d-0ac2424e0000">
</Link>
<WhereClause mdsid="m0000000b-01f4-0000-9300-e6b900000000" name="WhereClause">
<ExprText></ExprText>
<ExprTextDesc></ExprTextDesc>
</WhereClause>
<GroupBy mdsid="m0000000c-01f4-0000-0197-3a8400000000" name="GroupBy">
<ExprText></ExprText>
<ExprTextDesc></ExprTextDesc>
</GroupBy>
<FragmentContent mdsid="m0000000d-01f4-0000-9143-91a900000000" name="FragmentContent">
<ExprText></ExprText>
<ExprTextDesc></ExprTextDesc>
</FragmentContent>
</LogicalTableSource>