<?xml version="1.0" encoding="UTF-8" ?>
<LogicalTableSource mdsid="mef409c76-0c61-1000-8029-0ac2424e0000" name="D23 Employee" xmlns:xsi="http://www.w3.org/2001/XMLSchema-instance" xmlns="http://www.oracle.com/obis/repository" isActive="true" logicalTableRef="/oracle/bi/server/base/LogicalTable/ef3d6820-0c61-1000-8029-0ac2424e0000.xml#mef3d6820-0c61-1000-8029-0ac2424e0000">
<ColumnMapping>
<LogicalColumnExpr mdsid="m00000001-01f4-0000-d82b-566f00000000" name="LogicalColumnExpr">
<ExprText><![CDATA["%1"]]></ExprText>
<ExprTextDesc><![CDATA["PGI-DW"."Employee"."Vendor Name"]]></ExprTextDesc>
<ObjectRefList>
<RefObject refId="m00000001-01f4-0000-d82b-566f00000000-mef409c74-0c61-1000-8029-0ac2424e0000" objectTypeId="2006" objectRef="/oracle/bi/server/base/LogicalTable/ef3d6820-0c61-1000-8029-0ac2424e0000.xml#mef409c74-0c61-1000-8029-0ac2424e0000"/>
</ObjectRefList>
</LogicalColumnExpr>
<Expr mdsid="m00000002-01f4-0000-ffc0-71f800000000" name="Expr">
<ExprText><![CDATA["%1"]]></ExprText>
<ExprTextDesc><![CDATA["PRM_PRDHDATA"."PRDHDATA"."dbo"."D23 Employee"."vendor_nam"]]></ExprTextDesc>
<ObjectRefList>
<RefObject refId="m00000002-01f4-0000-ffc0-71f800000000-m96793482-0c2c-1000-ae5d-0ac2424e0000" objectTypeId="3003" objectRef="/oracle/bi/server/base/PhysicalTable/96793460-0c2c-1000-ae5d-0ac2424e0000.xml#m96793482-0c2c-1000-ae5d-0ac2424e0000"/>
</ObjectRefList>
</Expr>
</ColumnMapping>
<ColumnMapping>
<LogicalColumnExpr mdsid="m00000003-01f4-0000-84f5-511c00000000" name="LogicalColumnExpr">
<ExprText><![CDATA["%1"]]></ExprText>
<ExprTextDesc><![CDATA["PGI-DW"."Employee"."Employee Name"]]></ExprTextDesc>
<ObjectRefList>
<RefObject refId="m00000003-01f4-0000-84f5-511c00000000-mef429843-0c61-1000-8029-0ac2424e0000" objectTypeId="2006" objectRef="/oracle/bi/server/base/LogicalTable/ef3d6820-0c61-1000-8029-0ac2424e0000.xml#mef429843-0c61-1000-8029-0ac2424e0000"/>
</ObjectRefList>
</LogicalColumnExpr>
<Expr mdsid="m00000004-01f4-0000-e400-e93600000000" name="Expr">
<ExprText><![CDATA["%1"]]></ExprText>
<ExprTextDesc><![CDATA["PRM_PRDHDATA"."PRDHDATA"."dbo"."D23 Employee"."empl_nam"]]></ExprTextDesc>
<ObjectRefList>
<RefObject refId="m00000004-01f4-0000-e400-e93600000000-m96793463-0c2c-1000-ae5d-0ac2424e0000" objectTypeId="3003" objectRef="/oracle/bi/server/base/PhysicalTable/96793460-0c2c-1000-ae5d-0ac2424e0000.xml#m96793463-0c2c-1000-ae5d-0ac2424e0000"/>
</ObjectRefList>
</Expr>
</ColumnMapping>
<ColumnMapping>
<LogicalColumnExpr mdsid="m00000005-01f4-0000-3b98-839800000000" name="LogicalColumnExpr">
<ExprText><![CDATA["%1"]]></ExprText>
<ExprTextDesc><![CDATA["PGI-DW"."Employee"."Employee Key"]]></ExprTextDesc>
<ObjectRefList>
<RefObject refId="m00000005-01f4-0000-3b98-839800000000-mef472c23-0c61-1000-8029-0ac2424e0000" objectTypeId="2006" objectRef="/oracle/bi/server/base/LogicalTable/ef3d6820-0c61-1000-8029-0ac2424e0000.xml#mef472c23-0c61-1000-8029-0ac2424e0000"/>
</ObjectRefList>
</LogicalColumnExpr>
<Expr mdsid="m00000006-01f4-0000-adcd-e29400000000" name="Expr">
<ExprText><![CDATA["%1"]]></ExprText>
<ExprTextDesc><![CDATA["PRM_PRDHDATA"."PRDHDATA"."dbo"."D23 Employee"."empl_key"]]></ExprTextDesc>
<ObjectRefList>
<RefObject refId="m00000006-01f4-0000-adcd-e29400000000-m96793461-0c2c-1000-ae5d-0ac2424e0000" objectTypeId="3003" objectRef="/oracle/bi/server/base/PhysicalTable/96793460-0c2c-1000-ae5d-0ac2424e0000.xml#m96793461-0c2c-1000-ae5d-0ac2424e0000"/>
</ObjectRefList>
</Expr>
</ColumnMapping>
<Link startNodeTableRef="/oracle/bi/server/base/PhysicalTable/96793460-0c2c-1000-ae5d-0ac2424e0000.xml#m96793460-0c2c-1000-ae5d-0ac2424e0000">
</Link>
<WhereClause mdsid="m00000007-01f4-0000-53dc-a63000000000" name="WhereClause">
<ExprText></ExprText>
<ExprTextDesc></ExprTextDesc>
</WhereClause>
<GroupBy mdsid="m00000008-01f4-0000-858d-aea300000000" name="GroupBy">
<ExprText></ExprText>
<ExprTextDesc></ExprTextDesc>
</GroupBy>
<FragmentContent mdsid="m00000009-01f4-0000-d824-eb9100000000" name="FragmentContent">
<ExprText></ExprText>
<ExprTextDesc></ExprTextDesc>
</FragmentContent>
</LogicalTableSource>